cohort,feature,source_group,day,generated_value,source_value,_merge,absolute_difference,match
aumcdb,Aniongap,C1,-1,10.341,10.341,both,0.0,True
aumcdb,Aniongap,C1,1,10.3252,10.3252,both,0.0,True
aumcdb,Aniongap,C1,2,9.9103,9.9103,both,0.0,True
aumcdb,Aniongap,C1,3,9.5653,9.5653,both,0.0,True
aumcdb,Aniongap,C1,4,9.3381,9.3381,both,0.0,True
aumcdb,Aniongap,C1,5,8.9685,8.9685,both,0.0,True
aumcdb,Aniongap,C1,6,8.9951,8.9951,both,0.0,True
aumcdb,Aniongap,C1,7,9.0995,9.0995,both,0.0,True
aumcdb,Aniongap,C2,-1,9.0255,9.0255,both,0.0,True
aumcdb,Aniongap,C2,1,8.4667,8.4667,both,0.0,True
aumcdb,Aniongap,C2,2,7.7187,7.7187,both,0.0,True
aumcdb,Aniongap,C2,3,7.4008,7.4008,both,0.0,True
aumcdb,Aniongap,C2,4,7.8123,7.8123,both,0.0,True
aumcdb,Aniongap,C2,5,7.2945,7.2945,both,0.0,True
aumcdb,Aniongap,C2,6,7.4485,7.4485,both,0.0,True
aumcdb,Aniongap,C2,7,7.4825,7.4825,both,0.0,True
aumcdb,Aniongap,C3,-1,11.2349,11.2349,both,0.0,True
aumcdb,Aniongap,C3,1,11.206,11.206,both,0.0,True
aumcdb,Aniongap,C3,2,11.4568,11.4568,both,0.0,True
aumcdb,Aniongap,C3,3,11.4837,11.4837,both,0.0,True
aumcdb,Aniongap,C3,4,11.0712,11.0712,both,0.0,True
aumcdb,Aniongap,C3,5,11.3615,11.3615,both,0.0,True
aumcdb,Aniongap,C3,6,11.2161,11.2161,both,0.0,True
aumcdb,Aniongap,C3,7,11.2889,11.2889,both,0.0,True
aumcdb,Base Excess,C1,-1,0.6071,0.6071,both,0.0,True
aumcdb,Base Excess,C1,1,0.8851,0.8851,both,0.0,True
aumcdb,Base Excess,C1,2,1.2679,1.2679,both,0.0,True
aumcdb,Base Excess,C1,3,1.4811,1.4811,both,0.0,True
aumcdb,Base Excess,C1,4,2.0746,2.0746,both,0.0,True
aumcdb,Base Excess,C1,5,2.6106,2.6106,both,0.0,True
aumcdb,Base Excess,C1,6,3.081,3.081,both,0.0,True
aumcdb,Base Excess,C1,7,3.4849,3.4849,both,0.0,True
aumcdb,Base Excess,C2,-1,1.1641,1.1641,both,0.0,True
aumcdb,Base Excess,C2,1,1.1025,1.1025,both,0.0,True
aumcdb,Base Excess,C2,2,1.6315,1.6315,both,0.0,True
aumcdb,Base Excess,C2,3,2.3604,2.3604,both,0.0,True
aumcdb,Base Excess,C2,4,3.1894,3.1894,both,0.0,True
aumcdb,Base Excess,C2,5,3.8581,3.8581,both,0.0,True
aumcdb,Base Excess,C2,6,4.2739,4.2739,both,0.0,True
aumcdb,Base Excess,C2,7,4.3759,4.3759,both,0.0,True
aumcdb,Base Excess,C3,-1,0.6079,0.6079,both,0.0,True
aumcdb,Base Excess,C3,1,0.2377,0.2377,both,0.0,True
aumcdb,Base Excess,C3,2,0.8838,0.8838,both,0.0,True
aumcdb,Base Excess,C3,3,1.3253,1.3253,both,0.0,True
aumcdb,Base Excess,C3,4,1.0985,1.0985,both,0.0,True
aumcdb,Base Excess,C3,5,0.9381,0.9381,both,0.0,True
aumcdb,Base Excess,C3,6,1.2489,1.2489,both,0.0,True
aumcdb,Base Excess,C3,7,1.6435,1.6435,both,0.0,True
aumcdb,Bicarbonate,C1,-1,21.4884,21.4884,both,0.0,True
aumcdb,Bicarbonate,C1,1,21.33,21.33,both,0.0,True
aumcdb,Bicarbonate,C1,2,22.1505,22.1505,both,0.0,True
aumcdb,Bicarbonate,C1,3,23.5214,23.5214,both,0.0,True
aumcdb,Bicarbonate,C1,4,24.819,24.819,both,0.0,True
aumcdb,Bicarbonate,C1,5,25.8152,25.8152,both,0.0,True
aumcdb,Bicarbonate,C1,6,26.4822,26.4822,both,0.0,True
aumcdb,Bicarbonate,C1,7,26.9635,26.9635,both,0.0,True
aumcdb,Bicarbonate,C2,-1,22.8837,22.8837,both,0.0,True
aumcdb,Bicarbonate,C2,1,23.176,23.176,both,0.0,True
aumcdb,Bicarbonate,C2,2,24.4823,24.4823,both,0.0,True
aumcdb,Bicarbonate,C2,3,25.9694,25.9694,both,0.0,True
aumcdb,Bicarbonate,C2,4,27.0477,27.0477,both,0.0,True
aumcdb,Bicarbonate,C2,5,27.8279,27.8279,both,0.0,True
aumcdb,Bicarbonate,C2,6,28.2195,28.2195,both,0.0,True
aumcdb,Bicarbonate,C2,7,28.335,28.335,both,0.0,True
aumcdb,Bicarbonate,C3,-1,20.4035,20.4035,both,0.0,True
aumcdb,Bicarbonate,C3,1,19.6109,19.6109,both,0.0,True
aumcdb,Bicarbonate,C3,2,19.8161,19.8161,both,0.0,True
aumcdb,Bicarbonate,C3,3,20.3617,20.3617,both,0.0,True
aumcdb,Bicarbonate,C3,4,21.7402,21.7402,both,0.0,True
aumcdb,Bicarbonate,C3,5,22.774,22.774,both,0.0,True
aumcdb,Bicarbonate,C3,6,23.8818,23.8818,both,0.0,True
aumcdb,Bicarbonate,C3,7,24.8188,24.8188,both,0.0,True
aumcdb,Bilirubin,C1,-1,18.8652,18.8652,both,0.0,True
aumcdb,Bilirubin,C1,1,19.8732,19.8732,both,0.0,True
aumcdb,Bilirubin,C1,2,19.605,19.605,both,0.0,True
aumcdb,Bilirubin,C1,3,19.3784,19.3784,both,0.0,True
aumcdb,Bilirubin,C1,4,19.8618,19.8618,both,0.0,True
aumcdb,Bilirubin,C1,5,21.4444,21.4444,both,0.0,True
aumcdb,Bilirubin,C1,6,23.2576,23.2576,both,0.0,True
aumcdb,Bilirubin,C1,7,24.8454,24.8454,both,0.0,True
aumcdb,Bilirubin,C2,-1,12.7655,12.7655,both,0.0,True
aumcdb,Bilirubin,C2,1,12.6645,12.6645,both,0.0,True
aumcdb,Bilirubin,C2,2,11.9711,11.9711,both,0.0,True
aumcdb,Bilirubin,C2,3,11.3476,11.3476,both,0.0,True
aumcdb,Bilirubin,C2,4,11.0745,11.0745,both,0.0,True
aumcdb,Bilirubin,C2,5,10.7834,10.7834,both,0.0,True
aumcdb,Bilirubin,C2,6,10.737,10.737,both,0.0,True
aumcdb,Bilirubin,C2,7,10.4763,10.4763,both,0.0,True
aumcdb,Bilirubin,C3,-1,22.8349,22.8349,both,0.0,True
aumcdb,Bilirubin,C3,1,24.733,24.733,both,0.0,True
aumcdb,Bilirubin,C3,2,26.3716,26.3716,both,0.0,True
aumcdb,Bilirubin,C3,3,26.2309,26.2309,both,0.0,True
aumcdb,Bilirubin,C3,4,22.8744,22.8744,both,0.0,True
aumcdb,Bilirubin,C3,5,20.6616,20.6616,both,0.0,True
aumcdb,Bilirubin,C3,6,21.9713,21.9713,both,0.0,True
aumcdb,Bilirubin,C3,7,21.6538,21.6538,both,0.0,True
aumcdb,Calcium,C1,-1,11.1387,11.1387,both,0.0,True
aumcdb,Calcium,C1,1,11.0861,11.0861,both,0.0,True
aumcdb,Calcium,C1,2,11.0398,11.0398,both,0.0,True
aumcdb,Calcium,C1,3,11.1392,11.1392,both,0.0,True
aumcdb,Calcium,C1,4,11.2742,11.2742,both,0.0,True
aumcdb,Calcium,C1,5,11.3353,11.3353,both,0.0,True
aumcdb,Calcium,C1,6,11.4344,11.4344,both,0.0,True
aumcdb,Calcium,C1,7,11.4174,11.4174,both,0.0,True
aumcdb,Calcium,C2,-1,11.2999,11.2999,both,0.0,True
aumcdb,Calcium,C2,1,11.3647,11.3647,both,0.0,True
aumcdb,Calcium,C2,2,11.4812,11.4812,both,0.0,True
aumcdb,Calcium,C2,3,11.5809,11.5809,both,0.0,True
aumcdb,Calcium,C2,4,11.6563,11.6563,both,0.0,True
aumcdb,Calcium,C2,5,11.7017,11.7017,both,0.0,True
aumcdb,Calcium,C2,6,11.7198,11.7198,both,0.0,True
aumcdb,Calcium,C2,7,11.7273,11.7273,both,0.0,True
aumcdb,Calcium,C3,-1,11.0427,11.0427,both,0.0,True
aumcdb,Calcium,C3,1,10.8609,10.8609,both,0.0,True
aumcdb,Calcium,C3,2,10.5825,10.5825,both,0.0,True
aumcdb,Calcium,C3,3,10.5812,10.5812,both,0.0,True
aumcdb,Calcium,C3,4,10.7748,10.7748,both,0.0,True
aumcdb,Calcium,C3,5,10.7361,10.7361,both,0.0,True
aumcdb,Calcium,C3,6,10.857,10.857,both,0.0,True
aumcdb,Calcium,C3,7,11.0967,11.0967,both,0.0,True
aumcdb,Chloride,C1,-1,108.4137,108.4137,both,0.0,True
aumcdb,Chloride,C1,1,109.5276,109.5276,both,0.0,True
aumcdb,Chloride,C1,2,109.2775,109.2775,both,0.0,True
aumcdb,Chloride,C1,3,108.8115,108.8115,both,0.0,True
aumcdb,Chloride,C1,4,108.5073,108.5073,both,0.0,True
aumcdb,Chloride,C1,5,108.1922,108.1922,both,0.0,True
aumcdb,Chloride,C1,6,108.0099,108.0099,both,0.0,True
aumcdb,Chloride,C1,7,107.6101,107.6101,both,0.0,True
aumcdb,Chloride,C2,-1,108.2564,108.2564,both,0.0,True
aumcdb,Chloride,C2,1,109.2476,109.2476,both,0.0,True
aumcdb,Chloride,C2,2,109.2017,109.2017,both,0.0,True
aumcdb,Chloride,C2,3,108.6058,108.6058,both,0.0,True
aumcdb,Chloride,C2,4,108.0554,108.0554,both,0.0,True
aumcdb,Chloride,C2,5,107.3246,107.3246,both,0.0,True
aumcdb,Chloride,C2,6,106.8291,106.8291,both,0.0,True
aumcdb,Chloride,C2,7,106.5788,106.5788,both,0.0,True
aumcdb,Chloride,C3,-1,107.7154,107.7154,both,0.0,True
aumcdb,Chloride,C3,1,109.4661,109.4661,both,0.0,True
aumcdb,Chloride,C3,2,109.3262,109.3262,both,0.0,True
aumcdb,Chloride,C3,3,108.7569,108.7569,both,0.0,True
aumcdb,Chloride,C3,4,109.0323,109.0323,both,0.0,True
aumcdb,Chloride,C3,5,108.5501,108.5501,both,0.0,True
aumcdb,Chloride,C3,6,107.883,107.883,both,0.0,True
aumcdb,Chloride,C3,7,107.473,107.473,both,0.0,True
aumcdb,Creatinine,C1,-1,1.2122,1.2122,both,0.0,True
aumcdb,Creatinine,C1,1,1.4542,1.4542,both,0.0,True
aumcdb,Creatinine,C1,2,1.7093,1.7093,both,0.0,True
aumcdb,Creatinine,C1,3,1.804,1.804,both,0.0,True
aumcdb,Creatinine,C1,4,1.7845,1.7845,both,0.0,True
aumcdb,Creatinine,C1,5,1.7023,1.7023,both,0.0,True
aumcdb,Creatinine,C1,6,1.6119,1.6119,both,0.0,True
aumcdb,Creatinine,C1,7,1.5622,1.5622,both,0.0,True
aumcdb,Creatinine,C2,-1,0.9815,0.9815,both,0.0,True
aumcdb,Creatinine,C2,1,0.9662,0.9662,both,0.0,True
aumcdb,Creatinine,C2,2,0.9245,0.9245,both,0.0,True
aumcdb,Creatinine,C2,3,0.8888,0.8888,both,0.0,True
aumcdb,Creatinine,C2,4,0.8545,0.8545,both,0.0,True
aumcdb,Creatinine,C2,5,0.8404,0.8404,both,0.0,True
aumcdb,Creatinine,C2,6,0.8407,0.8407,both,0.0,True
aumcdb,Creatinine,C2,7,0.8429,0.8429,both,0.0,True
aumcdb,Creatinine,C3,-1,1.1513,1.1513,both,0.0,True
aumcdb,Creatinine,C3,1,1.5567,1.5567,both,0.0,True
aumcdb,Creatinine,C3,2,2.13,2.13,both,0.0,True
aumcdb,Creatinine,C3,3,2.5935,2.5935,both,0.0,True
aumcdb,Creatinine,C3,4,2.8193,2.8193,both,0.0,True
aumcdb,Creatinine,C3,5,3.0032,3.0032,both,0.0,True
aumcdb,Creatinine,C3,6,3.0582,3.0582,both,0.0,True
aumcdb,Creatinine,C3,7,2.8873,2.8873,both,0.0,True
aumcdb,DBP,C1,-1,61.302,61.302,both,0.0,True
aumcdb,DBP,C1,1,59.8939,59.8939,both,0.0,True
aumcdb,DBP,C1,2,59.9842,59.9842,both,0.0,True
aumcdb,DBP,C1,3,61.7606,61.7606,both,0.0,True
aumcdb,DBP,C1,4,62.0839,62.0839,both,0.0,True
aumcdb,DBP,C1,5,62.1974,62.1974,both,0.0,True
aumcdb,DBP,C1,6,62.5619,62.5619,both,0.0,True
aumcdb,DBP,C1,7,62.6772,62.6772,both,0.0,True
aumcdb,DBP,C2,-1,60.9681,60.9681,both,0.0,True
aumcdb,DBP,C2,1,60.874,60.874,both,0.0,True
aumcdb,DBP,C2,2,62.4892,62.4892,both,0.0,True
aumcdb,DBP,C2,3,62.9977,62.9977,both,0.0,True
aumcdb,DBP,C2,4,65.4913,65.4913,both,0.0,True
aumcdb,DBP,C2,5,64.8336,64.8336,both,0.0,True
aumcdb,DBP,C2,6,64.8014,64.8014,both,0.0,True
aumcdb,DBP,C2,7,64.1139,64.1139,both,0.0,True
aumcdb,DBP,C3,-1,60.139,60.139,both,0.0,True
aumcdb,DBP,C3,1,58.746,58.746,both,0.0,True
aumcdb,DBP,C3,2,57.4,57.4,both,0.0,True
aumcdb,DBP,C3,3,58.003,58.003,both,0.0,True
aumcdb,DBP,C3,4,60.7596,60.7596,both,0.0,True
aumcdb,DBP,C3,5,62.2402,62.2402,both,0.0,True
aumcdb,DBP,C3,6,61.2701,61.2701,both,0.0,True
aumcdb,DBP,C3,7,61.5334,61.5334,both,0.0,True
aumcdb,Fio2,C1,-1,54.615,54.615,both,0.0,True
aumcdb,Fio2,C1,1,49.078,49.078,both,0.0,True
aumcdb,Fio2,C1,2,47.9438,47.9438,both,0.0,True
aumcdb,Fio2,C1,3,47.4308,47.4308,both,0.0,True
aumcdb,Fio2,C1,4,46.314,46.314,both,0.0,True
aumcdb,Fio2,C1,5,46.3969,46.3969,both,0.0,True
aumcdb,Fio2,C1,6,46.1199,46.1199,both,0.0,True
aumcdb,Fio2,C1,7,46.1567,46.1567,both,0.0,True
aumcdb,Fio2,C2,-1,49.8888,49.8888,both,0.0,True
aumcdb,Fio2,C2,1,45.538,45.538,both,0.0,True
aumcdb,Fio2,C2,2,44.9455,44.9455,both,0.0,True
aumcdb,Fio2,C2,3,45.1651,45.1651,both,0.0,True
aumcdb,Fio2,C2,4,45.0131,45.0131,both,0.0,True
aumcdb,Fio2,C2,5,45.388,45.388,both,0.0,True
aumcdb,Fio2,C2,6,45.2345,45.2345,both,0.0,True
aumcdb,Fio2,C2,7,45.0127,45.0127,both,0.0,True
aumcdb,Fio2,C3,-1,59.8937,59.8937,both,0.0,True
aumcdb,Fio2,C3,1,52.2481,52.2481,both,0.0,True
aumcdb,Fio2,C3,2,51.6768,51.6768,both,0.0,True
aumcdb,Fio2,C3,3,51.4958,51.4958,both,0.0,True
aumcdb,Fio2,C3,4,49.8967,49.8967,both,0.0,True
aumcdb,Fio2,C3,5,49.461,49.461,both,0.0,True
aumcdb,Fio2,C3,6,48.1767,48.1767,both,0.0,True
aumcdb,Fio2,C3,7,47.3361,47.3361,both,0.0,True
aumcdb,Glucose,C1,-1,163.3117,163.3117,both,0.0,True
aumcdb,Glucose,C1,1,143.7336,143.7336,both,0.0,True
aumcdb,Glucose,C1,2,136.3257,136.3257,both,0.0,True
aumcdb,Glucose,C1,3,135.0321,135.0321,both,0.0,True
aumcdb,Glucose,C1,4,132.6987,132.6987,both,0.0,True
aumcdb,Glucose,C1,5,131.0637,131.0637,both,0.0,True
aumcdb,Glucose,C1,6,130.0768,130.0768,both,0.0,True
aumcdb,Glucose,C1,7,130.71,130.71,both,0.0,True
aumcdb,Glucose,C2,-1,153.3871,153.3871,both,0.0,True
aumcdb,Glucose,C2,1,140.7909,140.7909,both,0.0,True
aumcdb,Glucose,C2,2,135.0475,135.0475,both,0.0,True
aumcdb,Glucose,C2,3,135.6327,135.6327,both,0.0,True
aumcdb,Glucose,C2,4,133.9236,133.9236,both,0.0,True
aumcdb,Glucose,C2,5,133.0521,133.0521,both,0.0,True
aumcdb,Glucose,C2,6,132.8778,132.8778,both,0.0,True
aumcdb,Glucose,C2,7,131.9095,131.9095,both,0.0,True
aumcdb,Glucose,C3,-1,171.572,171.572,both,0.0,True
aumcdb,Glucose,C3,1,145.5469,145.5469,both,0.0,True
aumcdb,Glucose,C3,2,135.9464,135.9464,both,0.0,True
aumcdb,Glucose,C3,3,133.4811,133.4811,both,0.0,True
aumcdb,Glucose,C3,4,132.6069,132.6069,both,0.0,True
aumcdb,Glucose,C3,5,133.0459,133.0459,both,0.0,True
aumcdb,Glucose,C3,6,130.7845,130.7845,both,0.0,True
aumcdb,Glucose,C3,7,129.0577,129.0577,both,0.0,True
aumcdb,Heart Rate,C1,-1,87.9454,87.9454,both,0.0,True
aumcdb,Heart Rate,C1,1,84.8983,84.8983,both,0.0,True
aumcdb,Heart Rate,C1,2,88.2783,88.2783,both,0.0,True
aumcdb,Heart Rate,C1,3,88.9294,88.9294,both,0.0,True
aumcdb,Heart Rate,C1,4,87.6553,87.6553,both,0.0,True
aumcdb,Heart Rate,C1,5,87.4809,87.4809,both,0.0,True
aumcdb,Heart Rate,C1,6,88.0114,88.0114,both,0.0,True
aumcdb,Heart Rate,C1,7,88.4566,88.4566,both,0.0,True
aumcdb,Heart Rate,C2,-1,83.0714,83.0714,both,0.0,True
aumcdb,Heart Rate,C2,1,80.2049,80.2049,both,0.0,True
aumcdb,Heart Rate,C2,2,84.575,84.575,both,0.0,True
aumcdb,Heart Rate,C2,3,84.8727,84.8727,both,0.0,True
aumcdb,Heart Rate,C2,4,84.9544,84.9544,both,0.0,True
aumcdb,Heart Rate,C2,5,84.8094,84.8094,both,0.0,True
aumcdb,Heart Rate,C2,6,84.6717,84.6717,both,0.0,True
aumcdb,Heart Rate,C2,7,85.4411,85.4411,both,0.0,True
aumcdb,Heart Rate,C3,-1,92.2827,92.2827,both,0.0,True
aumcdb,Heart Rate,C3,1,87.5401,87.5401,both,0.0,True
aumcdb,Heart Rate,C3,2,92.5756,92.5756,both,0.0,True
aumcdb,Heart Rate,C3,3,91.7322,91.7322,both,0.0,True
aumcdb,Heart Rate,C3,4,89.9802,89.9802,both,0.0,True
aumcdb,Heart Rate,C3,5,90.086,90.086,both,0.0,True
aumcdb,Heart Rate,C3,6,87.4112,87.4112,both,0.0,True
aumcdb,Heart Rate,C3,7,87.7873,87.7873,both,0.0,True
aumcdb,Hematocrit,C1,-1,2.1467,2.1467,both,0.0,True
aumcdb,Hematocrit,C1,1,2.5941,2.5941,both,0.0,True
aumcdb,Hematocrit,C1,2,2.3552,2.3552,both,0.0,True
aumcdb,Hematocrit,C1,3,2.1944,2.1944,both,0.0,True
aumcdb,Hematocrit,C1,4,2.284,2.284,both,0.0,True
aumcdb,Hematocrit,C1,5,2.0182,2.0182,both,0.0,True
aumcdb,Hematocrit,C1,6,2.0855,2.0855,both,0.0,True
aumcdb,Hematocrit,C1,7,2.3519,2.3519,both,0.0,True
aumcdb,Hematocrit,C2,-1,2.268,2.268,both,0.0,True
aumcdb,Hematocrit,C2,1,2.6015,2.6015,both,0.0,True
aumcdb,Hematocrit,C2,2,2.2829,2.2829,both,0.0,True
aumcdb,Hematocrit,C2,3,2.2152,2.2152,both,0.0,True
aumcdb,Hematocrit,C2,4,2.2277,2.2277,both,0.0,True
aumcdb,Hematocrit,C2,5,2.2781,2.2781,both,0.0,True
aumcdb,Hematocrit,C2,6,2.5613,2.5613,both,0.0,True
aumcdb,Hematocrit,C2,7,2.232,2.232,both,0.0,True
aumcdb,Hematocrit,C3,-1,1.6177,1.6177,both,0.0,True
aumcdb,Hematocrit,C3,1,2.0133,2.0133,both,0.0,True
aumcdb,Hematocrit,C3,2,2.3372,2.3372,both,0.0,True
aumcdb,Hematocrit,C3,3,2.4144,2.4144,both,0.0,True
aumcdb,Hematocrit,C3,4,2.4059,2.4059,both,0.0,True
aumcdb,Hematocrit,C3,5,2.1005,2.1005,both,0.0,True
aumcdb,Hematocrit,C3,6,2.1261,2.1261,both,0.0,True
aumcdb,Hematocrit,C3,7,2.0428,2.0428,both,0.0,True
aumcdb,Hemoglobin,C1,-1,11.0355,11.0355,both,0.0,True
aumcdb,Hemoglobin,C1,1,10.9331,10.9331,both,0.0,True
aumcdb,Hemoglobin,C1,2,10.5421,10.5421,both,0.0,True
aumcdb,Hemoglobin,C1,3,10.2112,10.2112,both,0.0,True
aumcdb,Hemoglobin,C1,4,10.2345,10.2345,both,0.0,True
aumcdb,Hemoglobin,C1,5,10.0727,10.0727,both,0.0,True
aumcdb,Hemoglobin,C1,6,10.161,10.161,both,0.0,True
aumcdb,Hemoglobin,C1,7,10.0417,10.0417,both,0.0,True
aumcdb,Hemoglobin,C2,-1,11.4119,11.4119,both,0.0,True
aumcdb,Hemoglobin,C2,1,11.2632,11.2632,both,0.0,True
aumcdb,Hemoglobin,C2,2,10.9089,10.9089,both,0.0,True
aumcdb,Hemoglobin,C2,3,10.6135,10.6135,both,0.0,True
aumcdb,Hemoglobin,C2,4,10.5282,10.5282,both,0.0,True
aumcdb,Hemoglobin,C2,5,10.5221,10.5221,both,0.0,True
aumcdb,Hemoglobin,C2,6,10.6156,10.6156,both,0.0,True
aumcdb,Hemoglobin,C2,7,10.6022,10.6022,both,0.0,True
aumcdb,Hemoglobin,C3,-1,10.9795,10.9795,both,0.0,True
aumcdb,Hemoglobin,C3,1,10.9086,10.9086,both,0.0,True
aumcdb,Hemoglobin,C3,2,10.4196,10.4196,both,0.0,True
aumcdb,Hemoglobin,C3,3,9.9651,9.9651,both,0.0,True
aumcdb,Hemoglobin,C3,4,9.6936,9.6936,both,0.0,True
aumcdb,Hemoglobin,C3,5,9.5839,9.5839,both,0.0,True
aumcdb,Hemoglobin,C3,6,9.5469,9.5469,both,0.0,True
aumcdb,Hemoglobin,C3,7,9.6061,9.6061,both,0.0,True
aumcdb,Lactate,C1,-1,3.2642,3.2642,both,0.0,True
aumcdb,Lactate,C1,1,2.7115,2.7115,both,0.0,True
aumcdb,Lactate,C1,2,2.3303,2.3303,both,0.0,True
aumcdb,Lactate,C1,3,2.0902,2.0902,both,0.0,True
aumcdb,Lactate,C1,4,1.9446,1.9446,both,0.0,True
aumcdb,Lactate,C1,5,1.8023,1.8023,both,0.0,True
aumcdb,Lactate,C1,6,1.7175,1.7175,both,0.0,True
aumcdb,Lactate,C1,7,1.7197,1.7197,both,0.0,True
aumcdb,Lactate,C2,-1,2.2283,2.2283,both,0.0,True
aumcdb,Lactate,C2,1,1.8963,1.8963,both,0.0,True
aumcdb,Lactate,C2,2,1.6751,1.6751,both,0.0,True
aumcdb,Lactate,C2,3,1.5198,1.5198,both,0.0,True
aumcdb,Lactate,C2,4,1.4558,1.4558,both,0.0,True
aumcdb,Lactate,C2,5,1.4051,1.4051,both,0.0,True
aumcdb,Lactate,C2,6,1.3923,1.3923,both,0.0,True
aumcdb,Lactate,C2,7,1.3664,1.3664,both,0.0,True
aumcdb,Lactate,C3,-1,4.2207,4.2207,both,0.0,True
aumcdb,Lactate,C3,1,3.6258,3.6258,both,0.0,True
aumcdb,Lactate,C3,2,3.1961,3.1961,both,0.0,True
aumcdb,Lactate,C3,3,2.5506,2.5506,both,0.0,True
aumcdb,Lactate,C3,4,1.8876,1.8876,both,0.0,True
aumcdb,Lactate,C3,5,1.7376,1.7376,both,0.0,True
aumcdb,Lactate,C3,6,1.6242,1.6242,both,0.0,True
aumcdb,Lactate,C3,7,1.525,1.525,both,0.0,True
aumcdb,MBP,C1,-1,78.1493,78.1493,both,0.0,True
aumcdb,MBP,C1,1,78.6817,78.6817,both,0.0,True
aumcdb,MBP,C1,2,79.9592,79.9592,both,0.0,True
aumcdb,MBP,C1,3,82.2828,82.2828,both,0.0,True
aumcdb,MBP,C1,4,83.114,83.114,both,0.0,True
aumcdb,MBP,C1,5,83.4642,83.4642,both,0.0,True
aumcdb,MBP,C1,6,84.0387,84.0387,both,0.0,True
aumcdb,MBP,C1,7,84.1687,84.1687,both,0.0,True
aumcdb,MBP,C2,-1,79.2103,79.2103,both,0.0,True
aumcdb,MBP,C2,1,80.5419,80.5419,both,0.0,True
aumcdb,MBP,C2,2,82.9891,82.9891,both,0.0,True
aumcdb,MBP,C2,3,85.0928,85.0928,both,0.0,True
aumcdb,MBP,C2,4,86.4823,86.4823,both,0.0,True
aumcdb,MBP,C2,5,85.7697,85.7697,both,0.0,True
aumcdb,MBP,C2,6,85.9175,85.9175,both,0.0,True
aumcdb,MBP,C2,7,85.2367,85.2367,both,0.0,True
aumcdb,MBP,C3,-1,77.4981,77.4981,both,0.0,True
aumcdb,MBP,C3,1,76.0589,76.0589,both,0.0,True
aumcdb,MBP,C3,2,75.7422,75.7422,both,0.0,True
aumcdb,MBP,C3,3,77.539,77.539,both,0.0,True
aumcdb,MBP,C3,4,80.5514,80.5514,both,0.0,True
aumcdb,MBP,C3,5,82.316,82.316,both,0.0,True
aumcdb,MBP,C3,6,81.7239,81.7239,both,0.0,True
aumcdb,MBP,C3,7,82.2418,82.2418,both,0.0,True
aumcdb,PT,C1,-1,17.432,17.432,both,0.0,True
aumcdb,PT,C1,1,16.0806,16.0806,both,0.0,True
aumcdb,PT,C1,2,16.2458,16.2458,both,0.0,True
aumcdb,PT,C1,3,14.6715,14.6715,both,0.0,True
aumcdb,PT,C1,4,13.7501,13.7501,both,0.0,True
aumcdb,PT,C1,5,14.3053,14.3053,both,0.0,True
aumcdb,PT,C1,6,13.4101,13.4101,both,0.0,True
aumcdb,PT,C1,7,13.0517,13.0517,both,0.0,True
aumcdb,PT,C2,-1,14.9187,14.9187,both,0.0,True
aumcdb,PT,C2,1,14.2647,14.2647,both,0.0,True
aumcdb,PT,C2,2,13.7837,13.7837,both,0.0,True
aumcdb,PT,C2,3,13.5025,13.5025,both,0.0,True
aumcdb,PT,C2,4,13.1065,13.1065,both,0.0,True
aumcdb,PT,C2,5,13.5215,13.5215,both,0.0,True
aumcdb,PT,C2,6,12.5119,12.5119,both,0.0,True
aumcdb,PT,C2,7,12.4642,12.4642,both,0.0,True
aumcdb,PT,C3,-1,17.953,17.953,both,0.0,True
aumcdb,PT,C3,1,17.2771,17.2771,both,0.0,True
aumcdb,PT,C3,2,17.1568,17.1568,both,0.0,True
aumcdb,PT,C3,3,15.7089,15.7089,both,0.0,True
aumcdb,PT,C3,4,14.1009,14.1009,both,0.0,True
aumcdb,PT,C3,5,13.7415,13.7415,both,0.0,True
aumcdb,PT,C3,6,13.3708,13.3708,both,0.0,True
aumcdb,PT,C3,7,13.0862,13.0862,both,0.0,True
aumcdb,PTT,C1,-1,50.0173,50.0173,both,0.0,True
aumcdb,PTT,C1,1,49.302,49.302,both,0.0,True
aumcdb,PTT,C1,2,50.6947,50.6947,both,0.0,True
aumcdb,PTT,C1,3,50.5403,50.5403,both,0.0,True
aumcdb,PTT,C1,4,49.7444,49.7444,both,0.0,True
aumcdb,PTT,C1,5,48.5922,48.5922,both,0.0,True
aumcdb,PTT,C1,6,48.2209,48.2209,both,0.0,True
aumcdb,PTT,C1,7,47.9969,47.9969,both,0.0,True
aumcdb,PTT,C2,-1,44.8936,44.8936,both,0.0,True
aumcdb,PTT,C2,1,45.3536,45.3536,both,0.0,True
aumcdb,PTT,C2,2,46.3623,46.3623,both,0.0,True
aumcdb,PTT,C2,3,45.8612,45.8612,both,0.0,True
aumcdb,PTT,C2,4,45.4599,45.4599,both,0.0,True
aumcdb,PTT,C2,5,45.0246,45.0246,both,0.0,True
aumcdb,PTT,C2,6,44.9141,44.9141,both,0.0,True
aumcdb,PTT,C2,7,44.6456,44.6456,both,0.0,True
aumcdb,PTT,C3,-1,54.0017,54.0017,both,0.0,True
aumcdb,PTT,C3,1,52.4896,52.4896,both,0.0,True
aumcdb,PTT,C3,2,52.9879,52.9879,both,0.0,True
aumcdb,PTT,C3,3,53.1366,53.1366,both,0.0,True
aumcdb,PTT,C3,4,50.8833,50.8833,both,0.0,True
aumcdb,PTT,C3,5,49.3104,49.3104,both,0.0,True
aumcdb,PTT,C3,6,46.5458,46.5458,both,0.0,True
aumcdb,PTT,C3,7,45.7708,45.7708,both,0.0,True
aumcdb,Pco2,C1,-1,41.8154,41.8154,both,0.0,True
aumcdb,Pco2,C1,1,39.9488,39.9488,both,0.0,True
aumcdb,Pco2,C1,2,40.4074,40.4074,both,0.0,True
aumcdb,Pco2,C1,3,40.7442,40.7442,both,0.0,True
aumcdb,Pco2,C1,4,40.7752,40.7752,both,0.0,True
aumcdb,Pco2,C1,5,41.1138,41.1138,both,0.0,True
aumcdb,Pco2,C1,6,41.3208,41.3208,both,0.0,True
aumcdb,Pco2,C1,7,41.7304,41.7304,both,0.0,True
aumcdb,Pco2,C2,-1,41.4262,41.4262,both,0.0,True
aumcdb,Pco2,C2,1,40.4909,40.4909,both,0.0,True
aumcdb,Pco2,C2,2,41.6389,41.6389,both,0.0,True
aumcdb,Pco2,C2,3,42.1627,42.1627,both,0.0,True
aumcdb,Pco2,C2,4,42.368,42.368,both,0.0,True
aumcdb,Pco2,C2,5,42.543,42.543,both,0.0,True
aumcdb,Pco2,C2,6,42.6945,42.6945,both,0.0,True
aumcdb,Pco2,C2,7,42.6239,42.6239,both,0.0,True
aumcdb,Pco2,C3,-1,42.5704,42.5704,both,0.0,True
aumcdb,Pco2,C3,1,39.7923,39.7923,both,0.0,True
aumcdb,Pco2,C3,2,40.2317,40.2317,both,0.0,True
aumcdb,Pco2,C3,3,39.6192,39.6192,both,0.0,True
aumcdb,Pco2,C3,4,39.738,39.738,both,0.0,True
aumcdb,Pco2,C3,5,39.7012,39.7012,both,0.0,True
aumcdb,Pco2,C3,6,39.8537,39.8537,both,0.0,True
aumcdb,Pco2,C3,7,40.5017,40.5017,both,0.0,True
aumcdb,Po2,C1,-1,111.9429,111.9429,both,0.0,True
aumcdb,Po2,C1,1,101.6327,101.6327,both,0.0,True
aumcdb,Po2,C1,2,96.2283,96.2283,both,0.0,True
aumcdb,Po2,C1,3,96.5986,96.5986,both,0.0,True
aumcdb,Po2,C1,4,94.5213,94.5213,both,0.0,True
aumcdb,Po2,C1,5,93.8059,93.8059,both,0.0,True
aumcdb,Po2,C1,6,93.8548,93.8548,both,0.0,True
aumcdb,Po2,C1,7,94.4768,94.4768,both,0.0,True
aumcdb,Po2,C2,-1,112.106,112.106,both,0.0,True
aumcdb,Po2,C2,1,101.9654,101.9654,both,0.0,True
aumcdb,Po2,C2,2,96.8503,96.8503,both,0.0,True
aumcdb,Po2,C2,3,95.2183,95.2183,both,0.0,True
aumcdb,Po2,C2,4,94.4106,94.4106,both,0.0,True
aumcdb,Po2,C2,5,93.0532,93.0532,both,0.0,True
aumcdb,Po2,C2,6,92.3522,92.3522,both,0.0,True
aumcdb,Po2,C2,7,92.7243,92.7243,both,0.0,True
aumcdb,Po2,C3,-1,112.6339,112.6339,both,0.0,True
aumcdb,Po2,C3,1,96.4135,96.4135,both,0.0,True
aumcdb,Po2,C3,2,91.3202,91.3202,both,0.0,True
aumcdb,Po2,C3,3,93.2197,93.2197,both,0.0,True
aumcdb,Po2,C3,4,92.8821,92.8821,both,0.0,True
aumcdb,Po2,C3,5,90.5705,90.5705,both,0.0,True
aumcdb,Po2,C3,6,92.8389,92.8389,both,0.0,True
aumcdb,Po2,C3,7,92.7908,92.7908,both,0.0,True
aumcdb,Potassium,C1,-1,4.1738,4.1738,both,0.0,True
aumcdb,Potassium,C1,1,4.2246,4.2246,both,0.0,True
aumcdb,Potassium,C1,2,4.286,4.286,both,0.0,True
aumcdb,Potassium,C1,3,4.2104,4.2104,both,0.0,True
aumcdb,Potassium,C1,4,4.1142,4.1142,both,0.0,True
aumcdb,Potassium,C1,5,4.1115,4.1115,both,0.0,True
aumcdb,Potassium,C1,6,4.1529,4.1529,both,0.0,True
aumcdb,Potassium,C1,7,4.1796,4.1796,both,0.0,True
aumcdb,Potassium,C2,-1,4.066,4.066,both,0.0,True
aumcdb,Potassium,C2,1,4.1169,4.1169,both,0.0,True
aumcdb,Potassium,C2,2,4.1115,4.1115,both,0.0,True
aumcdb,Potassium,C2,3,4.0546,4.0546,both,0.0,True
aumcdb,Potassium,C2,4,4.0256,4.0256,both,0.0,True
aumcdb,Potassium,C2,5,4.0625,4.0625,both,0.0,True
aumcdb,Potassium,C2,6,4.0985,4.0985,both,0.0,True
aumcdb,Potassium,C2,7,4.0955,4.0955,both,0.0,True
aumcdb,Potassium,C3,-1,4.2,4.2,both,0.0,True
aumcdb,Potassium,C3,1,4.342,4.342,both,0.0,True
aumcdb,Potassium,C3,2,4.5533,4.5533,both,0.0,True
aumcdb,Potassium,C3,3,4.4994,4.4994,both,0.0,True
aumcdb,Potassium,C3,4,4.3583,4.3583,both,0.0,True
aumcdb,Potassium,C3,5,4.3018,4.3018,both,0.0,True
aumcdb,Potassium,C3,6,4.2319,4.2319,both,0.0,True
aumcdb,Potassium,C3,7,4.1874,4.1874,both,0.0,True
aumcdb,Respiratory Rate,C1,-1,20.0717,20.0717,both,0.0,True
aumcdb,Respiratory Rate,C1,1,19.9953,19.9953,both,0.0,True
aumcdb,Respiratory Rate,C1,2,20.1863,20.1863,both,0.0,True
aumcdb,Respiratory Rate,C1,3,20.4005,20.4005,both,0.0,True
aumcdb,Respiratory Rate,C1,4,20.6506,20.6506,both,0.0,True
aumcdb,Respiratory Rate,C1,5,20.8033,20.8033,both,0.0,True
aumcdb,Respiratory Rate,C1,6,21.4441,21.4441,both,0.0,True
aumcdb,Respiratory Rate,C1,7,22.1059,22.1059,both,0.0,True
aumcdb,Respiratory Rate,C2,-1,18.9066,18.9066,both,0.0,True
aumcdb,Respiratory Rate,C2,1,18.6745,18.6745,both,0.0,True
aumcdb,Respiratory Rate,C2,2,18.973,18.973,both,0.0,True
aumcdb,Respiratory Rate,C2,3,19.2215,19.2215,both,0.0,True
aumcdb,Respiratory Rate,C2,4,19.8492,19.8492,both,0.0,True
aumcdb,Respiratory Rate,C2,5,20.5107,20.5107,both,0.0,True
aumcdb,Respiratory Rate,C2,6,20.8922,20.8922,both,0.0,True
aumcdb,Respiratory Rate,C2,7,21.1061,21.1061,both,0.0,True
aumcdb,Respiratory Rate,C3,-1,20.7903,20.7903,both,0.0,True
aumcdb,Respiratory Rate,C3,1,20.8742,20.8742,both,0.0,True
aumcdb,Respiratory Rate,C3,2,21.6133,21.6133,both,0.0,True
aumcdb,Respiratory Rate,C3,3,21.6733,21.6733,both,0.0,True
aumcdb,Respiratory Rate,C3,4,21.5075,21.5075,both,0.0,True
aumcdb,Respiratory Rate,C3,5,21.6957,21.6957,both,0.0,True
aumcdb,Respiratory Rate,C3,6,21.1083,21.1083,both,0.0,True
aumcdb,Respiratory Rate,C3,7,21.3034,21.3034,both,0.0,True
aumcdb,SBP,C1,-1,114.5864,114.5864,both,0.0,True
aumcdb,SBP,C1,1,117.1071,117.1071,both,0.0,True
aumcdb,SBP,C1,2,121.0917,121.0917,both,0.0,True
aumcdb,SBP,C1,3,125.0558,125.0558,both,0.0,True
aumcdb,SBP,C1,4,127.5933,127.5933,both,0.0,True
aumcdb,SBP,C1,5,129.1497,129.1497,both,0.0,True
aumcdb,SBP,C1,6,130.6828,130.6828,both,0.0,True
aumcdb,SBP,C1,7,130.4516,130.4516,both,0.0,True
aumcdb,SBP,C2,-1,116.2195,116.2195,both,0.0,True
aumcdb,SBP,C2,1,120.4286,120.4286,both,0.0,True
aumcdb,SBP,C2,2,124.8673,124.8673,both,0.0,True
aumcdb,SBP,C2,3,128.5957,128.5957,both,0.0,True
aumcdb,SBP,C2,4,130.1996,130.1996,both,0.0,True
aumcdb,SBP,C2,5,130.4667,130.4667,both,0.0,True
aumcdb,SBP,C2,6,130.8569,130.8569,both,0.0,True
aumcdb,SBP,C2,7,128.4479,128.4479,both,0.0,True
aumcdb,SBP,C3,-1,110.3338,110.3338,both,0.0,True
aumcdb,SBP,C3,1,111.1001,111.1001,both,0.0,True
aumcdb,SBP,C3,2,113.7703,113.7703,both,0.0,True
aumcdb,SBP,C3,3,117.808,117.808,both,0.0,True
aumcdb,SBP,C3,4,123.1408,123.1408,both,0.0,True
aumcdb,SBP,C3,5,126.8818,126.8818,both,0.0,True
aumcdb,SBP,C3,6,127.5774,127.5774,both,0.0,True
aumcdb,SBP,C3,7,129.0952,129.0952,both,0.0,True
aumcdb,Scr/bScr,C1,-1,1.1936,1.1936,both,0.0,True
aumcdb,Scr/bScr,C1,1,1.4012,1.4012,both,0.0,True
aumcdb,Scr/bScr,C1,2,1.6266,1.6266,both,0.0,True
aumcdb,Scr/bScr,C1,3,1.7063,1.7063,both,0.0,True
aumcdb,Scr/bScr,C1,4,1.6805,1.6805,both,0.0,True
aumcdb,Scr/bScr,C1,5,1.5979,1.5979,both,0.0,True
aumcdb,Scr/bScr,C1,6,1.5096,1.5096,both,0.0,True
aumcdb,Scr/bScr,C1,7,1.4568,1.4568,both,0.0,True
aumcdb,Scr/bScr,C2,-1,1.0969,1.0969,both,0.0,True
aumcdb,Scr/bScr,C2,1,1.0728,1.0728,both,0.0,True
aumcdb,Scr/bScr,C2,2,1.0397,1.0397,both,0.0,True
aumcdb,Scr/bScr,C2,3,1.0087,1.0087,both,0.0,True
aumcdb,Scr/bScr,C2,4,0.9734,0.9734,both,0.0,True
aumcdb,Scr/bScr,C2,5,0.9588,0.9588,both,0.0,True
aumcdb,Scr/bScr,C2,6,0.9621,0.9621,both,0.0,True
aumcdb,Scr/bScr,C2,7,0.9637,0.9637,both,0.0,True
aumcdb,Scr/bScr,C3,-1,1.2832,1.2832,both,0.0,True
aumcdb,Scr/bScr,C3,1,1.7176,1.7176,both,0.0,True
aumcdb,Scr/bScr,C3,2,2.303,2.303,both,0.0,True
aumcdb,Scr/bScr,C3,3,2.8052,2.8052,both,0.0,True
aumcdb,Scr/bScr,C3,4,3.1264,3.1264,both,0.0,True
aumcdb,Scr/bScr,C3,5,3.3324,3.3324,both,0.0,True
aumcdb,Scr/bScr,C3,6,3.3755,3.3755,both,0.0,True
aumcdb,Scr/bScr,C3,7,3.2086,3.2086,both,0.0,True
aumcdb,Sodium,C1,-1,139.57,139.57,both,0.0,True
aumcdb,Sodium,C1,1,140.8473,140.8473,both,0.0,True
aumcdb,Sodium,C1,2,140.4181,140.4181,both,0.0,True
aumcdb,Sodium,C1,3,140.7835,140.7835,both,0.0,True
aumcdb,Sodium,C1,4,141.1141,141.1141,both,0.0,True
aumcdb,Sodium,C1,5,142.0164,142.0164,both,0.0,True
aumcdb,Sodium,C1,6,141.9313,141.9313,both,0.0,True
aumcdb,Sodium,C1,7,142.0696,142.0696,both,0.0,True
aumcdb,Sodium,C2,-1,139.4885,139.4885,both,0.0,True
aumcdb,Sodium,C2,1,140.0122,140.0122,both,0.0,True
aumcdb,Sodium,C2,2,140.5753,140.5753,both,0.0,True
aumcdb,Sodium,C2,3,140.9028,140.9028,both,0.0,True
aumcdb,Sodium,C2,4,141.2579,141.2579,both,0.0,True
aumcdb,Sodium,C2,5,141.3265,141.3265,both,0.0,True
aumcdb,Sodium,C2,6,141.2324,141.2324,both,0.0,True
aumcdb,Sodium,C2,7,141.0976,141.0976,both,0.0,True
aumcdb,Sodium,C3,-1,138.8681,138.8681,both,0.0,True
aumcdb,Sodium,C3,1,139.9892,139.9892,both,0.0,True
aumcdb,Sodium,C3,2,139.8753,139.8753,both,0.0,True
aumcdb,Sodium,C3,3,139.5666,139.5666,both,0.0,True
aumcdb,Sodium,C3,4,140.2881,140.2881,both,0.0,True
aumcdb,Sodium,C3,5,141.33,141.33,both,0.0,True
aumcdb,Sodium,C3,6,141.1444,141.1444,both,0.0,True
aumcdb,Sodium,C3,7,142.3717,142.3717,both,0.0,True
aumcdb,Spo2,C1,-1,96.2162,96.2162,both,0.0,True
aumcdb,Spo2,C1,1,96.4253,96.4253,both,0.0,True
aumcdb,Spo2,C1,2,96.4171,96.4171,both,0.0,True
aumcdb,Spo2,C1,3,96.5977,96.5977,both,0.0,True
aumcdb,Spo2,C1,4,96.6396,96.6396,both,0.0,True
aumcdb,Spo2,C1,5,96.7957,96.7957,both,0.0,True
aumcdb,Spo2,C1,6,96.8426,96.8426,both,0.0,True
aumcdb,Spo2,C1,7,96.9221,96.9221,both,0.0,True
aumcdb,Spo2,C2,-1,96.8595,96.8595,both,0.0,True
aumcdb,Spo2,C2,1,96.9477,96.9477,both,0.0,True
aumcdb,Spo2,C2,2,96.8478,96.8478,both,0.0,True
aumcdb,Spo2,C2,3,96.8874,96.8874,both,0.0,True
aumcdb,Spo2,C2,4,96.9312,96.9312,both,0.0,True
aumcdb,Spo2,C2,5,96.8542,96.8542,both,0.0,True
aumcdb,Spo2,C2,6,96.9226,96.9226,both,0.0,True
aumcdb,Spo2,C2,7,96.9285,96.9285,both,0.0,True
aumcdb,Spo2,C3,-1,96.1992,96.1992,both,0.0,True
aumcdb,Spo2,C3,1,95.9572,95.9572,both,0.0,True
aumcdb,Spo2,C3,2,95.6835,95.6835,both,0.0,True
aumcdb,Spo2,C3,3,96.1199,96.1199,both,0.0,True
aumcdb,Spo2,C3,4,96.3959,96.3959,both,0.0,True
aumcdb,Spo2,C3,5,96.4231,96.4231,both,0.0,True
aumcdb,Spo2,C3,6,96.7558,96.7558,both,0.0,True
aumcdb,Spo2,C3,7,97.0379,97.0379,both,0.0,True
aumcdb,Temperature,C1,-1,35.7579,35.7579,both,0.0,True
aumcdb,Temperature,C1,1,35.9462,35.9462,both,0.0,True
aumcdb,Temperature,C1,2,36.4231,36.4231,both,0.0,True
aumcdb,Temperature,C1,3,36.6713,36.6713,both,0.0,True
aumcdb,Temperature,C1,4,36.7135,36.7135,both,0.0,True
aumcdb,Temperature,C1,5,36.7656,36.7656,both,0.0,True
aumcdb,Temperature,C1,6,36.8116,36.8116,both,0.0,True
aumcdb,Temperature,C1,7,36.8963,36.8963,both,0.0,True
aumcdb,Temperature,C2,-1,35.8233,35.8233,both,0.0,True
aumcdb,Temperature,C2,1,36.1141,36.1141,both,0.0,True
aumcdb,Temperature,C2,2,36.5719,36.5719,both,0.0,True
aumcdb,Temperature,C2,3,36.8036,36.8036,both,0.0,True
aumcdb,Temperature,C2,4,36.8273,36.8273,both,0.0,True
aumcdb,Temperature,C2,5,36.9035,36.9035,both,0.0,True
aumcdb,Temperature,C2,6,36.9797,36.9797,both,0.0,True
aumcdb,Temperature,C2,7,37.0355,37.0355,both,0.0,True
aumcdb,Temperature,C3,-1,35.3325,35.3325,both,0.0,True
aumcdb,Temperature,C3,1,35.5173,35.5173,both,0.0,True
aumcdb,Temperature,C3,2,36.2369,36.2369,both,0.0,True
aumcdb,Temperature,C3,3,36.5403,36.5403,both,0.0,True
aumcdb,Temperature,C3,4,36.6072,36.6072,both,0.0,True
aumcdb,Temperature,C3,5,36.6822,36.6822,both,0.0,True
aumcdb,Temperature,C3,6,36.6056,36.6056,both,0.0,True
aumcdb,Temperature,C3,7,36.7685,36.7685,both,0.0,True
aumcdb,Urine Output,C1,-1,98.3009,98.3009,both,0.0,True
aumcdb,Urine Output,C1,1,85.0606,85.0606,both,0.0,True
aumcdb,Urine Output,C1,2,104.578,104.578,both,0.0,True
aumcdb,Urine Output,C1,3,122.4208,122.4208,both,0.0,True
aumcdb,Urine Output,C1,4,134.944,134.944,both,0.0,True
aumcdb,Urine Output,C1,5,136.3328,136.3328,both,0.0,True
aumcdb,Urine Output,C1,6,136.416,136.416,both,0.0,True
aumcdb,Urine Output,C1,7,138.5461,138.5461,both,0.0,True
aumcdb,Urine Output,C2,-1,87.0583,87.0583,both,0.0,True
aumcdb,Urine Output,C2,1,89.2712,89.2712,both,0.0,True
aumcdb,Urine Output,C2,2,106.6373,106.6373,both,0.0,True
aumcdb,Urine Output,C2,3,129.0008,129.0008,both,0.0,True
aumcdb,Urine Output,C2,4,141.9119,141.9119,both,0.0,True
aumcdb,Urine Output,C2,5,151.6016,151.6016,both,0.0,True
aumcdb,Urine Output,C2,6,157.0302,157.0302,both,0.0,True
aumcdb,Urine Output,C2,7,156.8498,156.8498,both,0.0,True
aumcdb,Urine Output,C3,-1,83.9516,83.9516,both,0.0,True
aumcdb,Urine Output,C3,1,53.4075,53.4075,both,0.0,True
aumcdb,Urine Output,C3,2,52.3201,52.3201,both,0.0,True
aumcdb,Urine Output,C3,3,64.8705,64.8705,both,0.0,True
aumcdb,Urine Output,C3,4,79.8362,79.8362,both,0.0,True
aumcdb,Urine Output,C3,5,99.4736,99.4736,both,0.0,True
aumcdb,Urine Output,C3,6,112.7683,112.7683,both,0.0,True
aumcdb,Urine Output,C3,7,119.7686,119.7686,both,0.0,True
aumcdb,WBC,C1,-1,12.8462,12.8462,both,0.0,True
aumcdb,WBC,C1,1,12.9913,12.9913,both,0.0,True
aumcdb,WBC,C1,2,14.218,14.218,both,0.0,True
aumcdb,WBC,C1,3,14.7927,14.7927,both,0.0,True
aumcdb,WBC,C1,4,14.6492,14.6492,both,0.0,True
aumcdb,WBC,C1,5,14.9355,14.9355,both,0.0,True
aumcdb,WBC,C1,6,15.2385,15.2385,both,0.0,True
aumcdb,WBC,C1,7,15.7371,15.7371,both,0.0,True
aumcdb,WBC,C2,-1,13.1458,13.1458,both,0.0,True
aumcdb,WBC,C2,1,12.7932,12.7932,both,0.0,True
aumcdb,WBC,C2,2,12.8558,12.8558,both,0.0,True
aumcdb,WBC,C2,3,12.5548,12.5548,both,0.0,True
aumcdb,WBC,C2,4,11.959,11.959,both,0.0,True
aumcdb,WBC,C2,5,11.6483,11.6483,both,0.0,True
aumcdb,WBC,C2,6,11.8497,11.8497,both,0.0,True
aumcdb,WBC,C2,7,12.5152,12.5152,both,0.0,True
aumcdb,WBC,C3,-1,12.1789,12.1789,both,0.0,True
aumcdb,WBC,C3,1,12.3524,12.3524,both,0.0,True
aumcdb,WBC,C3,2,13.8975,13.8975,both,0.0,True
aumcdb,WBC,C3,3,15.1057,15.1057,both,0.0,True
aumcdb,WBC,C3,4,15.7105,15.7105,both,0.0,True
aumcdb,WBC,C3,5,15.6515,15.6515,both,0.0,True
aumcdb,WBC,C3,6,15.0867,15.0867,both,0.0,True
aumcdb,WBC,C3,7,14.9469,14.9469,both,0.0,True
aumcdb,pH,C1,-1,7.3232,7.3232,both,0.0,True
aumcdb,pH,C1,1,7.3414,7.3414,both,0.0,True
aumcdb,pH,C1,2,7.3549,7.3549,both,0.0,True
aumcdb,pH,C1,3,7.3792,7.3792,both,0.0,True
aumcdb,pH,C1,4,7.403,7.403,both,0.0,True
aumcdb,pH,C1,5,7.4165,7.4165,both,0.0,True
aumcdb,pH,C1,6,7.4255,7.4255,both,0.0,True
aumcdb,pH,C1,7,7.4294,7.4294,both,0.0,True
aumcdb,pH,C2,-1,7.3586,7.3586,both,0.0,True
aumcdb,pH,C2,1,7.3746,7.3746,both,0.0,True
aumcdb,pH,C2,2,7.3879,7.3879,both,0.0,True
aumcdb,pH,C2,3,7.4099,7.4099,both,0.0,True
aumcdb,pH,C2,4,7.4263,7.4263,both,0.0,True
aumcdb,pH,C2,5,7.4383,7.4383,both,0.0,True
aumcdb,pH,C2,6,7.4446,7.4446,both,0.0,True
aumcdb,pH,C2,7,7.4455,7.4455,both,0.0,True
aumcdb,pH,C3,-1,7.2912,7.2912,both,0.0,True
aumcdb,pH,C3,1,7.3052,7.3052,both,0.0,True
aumcdb,pH,C3,2,7.3087,7.3087,both,0.0,True
aumcdb,pH,C3,3,7.3288,7.3288,both,0.0,True
aumcdb,pH,C3,4,7.3562,7.3562,both,0.0,True
aumcdb,pH,C3,5,7.3769,7.3769,both,0.0,True
aumcdb,pH,C3,6,7.3942,7.3942,both,0.0,True
aumcdb,pH,C3,7,7.405,7.405,both,0.0,True
eicu,Alp,C1,-1,115.4935,115.4935,both,0.0,True
eicu,Alp,C1,1,111.7057,111.7057,both,0.0,True
eicu,Alp,C1,2,106.7703,106.7703,both,0.0,True
eicu,Alp,C1,3,108.2058,108.2058,both,0.0,True
eicu,Alp,C1,4,111.1594,111.1594,both,0.0,True
eicu,Alp,C1,5,112.7755,112.7755,both,0.0,True
eicu,Alp,C1,6,117.656,117.656,both,0.0,True
eicu,Alp,C1,7,122.0875,122.0875,both,0.0,True
eicu,Alp,C2,-1,111.5926,111.5926,both,0.0,True
eicu,Alp,C2,1,106.4617,106.4617,both,0.0,True
eicu,Alp,C2,2,104.7328,104.7328,both,0.0,True
eicu,Alp,C2,3,109.2332,109.2332,both,0.0,True
eicu,Alp,C2,4,109.5601,109.5601,both,0.0,True
eicu,Alp,C2,5,108.4023,108.4023,both,0.0,True
eicu,Alp,C2,6,109.248,109.248,both,0.0,True
eicu,Alp,C2,7,107.7859,107.7859,both,0.0,True
eicu,Alp,C3,-1,119.344,119.344,both,0.0,True
eicu,Alp,C3,1,112.239,112.239,both,0.0,True
eicu,Alp,C3,2,108.2966,108.2966,both,0.0,True
eicu,Alp,C3,3,107.4587,107.4587,both,0.0,True
eicu,Alp,C3,4,107.6084,107.6084,both,0.0,True
eicu,Alp,C3,5,113.1098,113.1098,both,0.0,True
eicu,Alp,C3,6,107.136,107.136,both,0.0,True
eicu,Alp,C3,7,115.8079,115.8079,both,0.0,True
eicu,Alt,C1,-1,53.6885,53.6885,both,0.0,True
eicu,Alt,C1,1,54.7063,54.7063,both,0.0,True
eicu,Alt,C1,2,58.1466,58.1466,both,0.0,True
eicu,Alt,C1,3,56.7205,56.7205,both,0.0,True
eicu,Alt,C1,4,55.5619,55.5619,both,0.0,True
eicu,Alt,C1,5,54.737,54.737,both,0.0,True
eicu,Alt,C1,6,49.6969,49.6969,both,0.0,True
eicu,Alt,C1,7,49.2459,49.2459,both,0.0,True
eicu,Alt,C2,-1,46.4466,46.4466,both,0.0,True
eicu,Alt,C2,1,42.6611,42.6611,both,0.0,True
eicu,Alt,C2,2,42.8811,42.8811,both,0.0,True
eicu,Alt,C2,3,41.4614,41.4614,both,0.0,True
eicu,Alt,C2,4,41.3508,41.3508,both,0.0,True
eicu,Alt,C2,5,39.6362,39.6362,both,0.0,True
eicu,Alt,C2,6,34.811,34.811,both,0.0,True
eicu,Alt,C2,7,36.5448,36.5448,both,0.0,True
eicu,Alt,C3,-1,57.312,57.312,both,0.0,True
eicu,Alt,C3,1,82.662,82.662,both,0.0,True
eicu,Alt,C3,2,83.1448,83.1448,both,0.0,True
eicu,Alt,C3,3,72.1625,72.1625,both,0.0,True
eicu,Alt,C3,4,64.8436,64.8436,both,0.0,True
eicu,Alt,C3,5,59.4318,59.4318,both,0.0,True
eicu,Alt,C3,6,70.4474,70.4474,both,0.0,True
eicu,Alt,C3,7,77.8473,77.8473,both,0.0,True
eicu,Aniongap,C1,-1,10.9178,10.9178,both,0.0,True
eicu,Aniongap,C1,1,10.3163,10.3163,both,0.0,True
eicu,Aniongap,C1,2,9.789,9.789,both,0.0,True
eicu,Aniongap,C1,3,9.4753,9.4753,both,0.0,True
eicu,Aniongap,C1,4,9.059,9.059,both,0.0,True
eicu,Aniongap,C1,5,9.0385,9.0385,both,0.0,True
eicu,Aniongap,C1,6,9.0594,9.0594,both,0.0,True
eicu,Aniongap,C1,7,8.8368,8.8368,both,0.0,True
eicu,Aniongap,C2,-1,10.4588,10.4588,both,0.0,True
eicu,Aniongap,C2,1,9.6878,9.6878,both,0.0,True
eicu,Aniongap,C2,2,9.2614,9.2614,both,0.0,True
eicu,Aniongap,C2,3,9.0568,9.0568,both,0.0,True
eicu,Aniongap,C2,4,8.8778,8.8778,both,0.0,True
eicu,Aniongap,C2,5,8.7499,8.7499,both,0.0,True
eicu,Aniongap,C2,6,8.6884,8.6884,both,0.0,True
eicu,Aniongap,C2,7,8.7327,8.7327,both,0.0,True
eicu,Aniongap,C3,-1,12.4859,12.4859,both,0.0,True
eicu,Aniongap,C3,1,12.6207,12.6207,both,0.0,True
eicu,Aniongap,C3,2,12.5466,12.5466,both,0.0,True
eicu,Aniongap,C3,3,12.2652,12.2652,both,0.0,True
eicu,Aniongap,C3,4,12.2549,12.2549,both,0.0,True
eicu,Aniongap,C3,5,12.393,12.393,both,0.0,True
eicu,Aniongap,C3,6,12.436,12.436,both,0.0,True
eicu,Aniongap,C3,7,12.9005,12.9005,both,0.0,True
eicu,Ast,C1,-1,62.958,62.958,both,0.0,True
eicu,Ast,C1,1,62.6404,62.6404,both,0.0,True
eicu,Ast,C1,2,65.376,65.376,both,0.0,True
eicu,Ast,C1,3,59.7145,59.7145,both,0.0,True
eicu,Ast,C1,4,55.07,55.07,both,0.0,True
eicu,Ast,C1,5,54.1354,54.1354,both,0.0,True
eicu,Ast,C1,6,49.6876,49.6876,both,0.0,True
eicu,Ast,C1,7,48.7085,48.7085,both,0.0,True
eicu,Ast,C2,-1,54.3881,54.3881,both,0.0,True
eicu,Ast,C2,1,48.2402,48.2402,both,0.0,True
eicu,Ast,C2,2,47.6352,47.6352,both,0.0,True
eicu,Ast,C2,3,42.5512,42.5512,both,0.0,True
eicu,Ast,C2,4,40.4058,40.4058,both,0.0,True
eicu,Ast,C2,5,38.0461,38.0461,both,0.0,True
eicu,Ast,C2,6,35.7016,35.7016,both,0.0,True
eicu,Ast,C2,7,37.4421,37.4421,both,0.0,True
eicu,Ast,C3,-1,78.468,78.468,both,0.0,True
eicu,Ast,C3,1,105.204,105.204,both,0.0,True
eicu,Ast,C3,2,103.4011,103.4011,both,0.0,True
eicu,Ast,C3,3,89.6556,89.6556,both,0.0,True
eicu,Ast,C3,4,86.1036,86.1036,both,0.0,True
eicu,Ast,C3,5,81.6591,81.6591,both,0.0,True
eicu,Ast,C3,6,72.3787,72.3787,both,0.0,True
eicu,Ast,C3,7,70.7192,70.7192,both,0.0,True
eicu,BUN,C1,-1,28.7064,28.7064,both,0.0,True
eicu,BUN,C1,1,30.8359,30.8359,both,0.0,True
eicu,BUN,C1,2,31.9773,31.9773,both,0.0,True
eicu,BUN,C1,3,32.0037,32.0037,both,0.0,True
eicu,BUN,C1,4,32.2584,32.2584,both,0.0,True
eicu,BUN,C1,5,32.911,32.911,both,0.0,True
eicu,BUN,C1,6,33.2342,33.2342,both,0.0,True
eicu,BUN,C1,7,34.3711,34.3711,both,0.0,True
eicu,BUN,C2,-1,17.4206,17.4206,both,0.0,True
eicu,BUN,C2,1,16.3603,16.3603,both,0.0,True
eicu,BUN,C2,2,15.5883,15.5883,both,0.0,True
eicu,BUN,C2,3,15.2453,15.2453,both,0.0,True
eicu,BUN,C2,4,15.3161,15.3161,both,0.0,True
eicu,BUN,C2,5,15.5848,15.5848,both,0.0,True
eicu,BUN,C2,6,15.8722,15.8722,both,0.0,True
eicu,BUN,C2,7,16.0238,16.0238,both,0.0,True
eicu,BUN,C3,-1,23.8733,23.8733,both,0.0,True
eicu,BUN,C3,1,29.0643,29.0643,both,0.0,True
eicu,BUN,C3,2,35.1954,35.1954,both,0.0,True
eicu,BUN,C3,3,40.3003,40.3003,both,0.0,True
eicu,BUN,C3,4,43.5469,43.5469,both,0.0,True
eicu,BUN,C3,5,44.7955,44.7955,both,0.0,True
eicu,BUN,C3,6,48.8509,48.8509,both,0.0,True
eicu,BUN,C3,7,51.3103,51.3103,both,0.0,True
eicu,Base Excess,C1,-1,-0.8124,-0.8124,both,0.0,True
eicu,Base Excess,C1,1,-0.9173,-0.9173,both,0.0,True
eicu,Base Excess,C1,2,-0.5864,-0.5864,both,0.0,True
eicu,Base Excess,C1,3,-0.2003,-0.2003,both,0.0,True
eicu,Base Excess,C1,4,0.4672,0.4672,both,0.0,True
eicu,Base Excess,C1,5,0.7101,0.7101,both,0.0,True
eicu,Base Excess,C1,6,1.1313,1.1313,both,0.0,True
eicu,Base Excess,C1,7,1.6107,1.6107,both,0.0,True
eicu,Base Excess,C2,-1,-0.6936,-0.6936,both,0.0,True
eicu,Base Excess,C2,1,-0.5969,-0.5969,both,0.0,True
eicu,Base Excess,C2,2,-0.3184,-0.3184,both,0.0,True
eicu,Base Excess,C2,3,0.2811,0.2811,both,0.0,True
eicu,Base Excess,C2,4,0.872,0.872,both,0.0,True
eicu,Base Excess,C2,5,1.0336,1.0336,both,0.0,True
eicu,Base Excess,C2,6,1.4001,1.4001,both,0.0,True
eicu,Base Excess,C2,7,1.6175,1.6175,both,0.0,True
eicu,Base Excess,C3,-1,-2.9715,-2.9715,both,0.0,True
eicu,Base Excess,C3,1,-3.4417,-3.4417,both,0.0,True
eicu,Base Excess,C3,2,-3.262,-3.262,both,0.0,True
eicu,Base Excess,C3,3,-2.8293,-2.8293,both,0.0,True
eicu,Base Excess,C3,4,-2.4668,-2.4668,both,0.0,True
eicu,Base Excess,C3,5,-1.6947,-1.6947,both,0.0,True
eicu,Base Excess,C3,6,-1.1069,-1.1069,both,0.0,True
eicu,Base Excess,C3,7,-1.2323,-1.2323,both,0.0,True
eicu,Bicarbonate,C1,-1,24.4745,24.4745,both,0.0,True
eicu,Bicarbonate,C1,1,24.4846,24.4846,both,0.0,True
eicu,Bicarbonate,C1,2,24.9699,24.9699,both,0.0,True
eicu,Bicarbonate,C1,3,25.5682,25.5682,both,0.0,True
eicu,Bicarbonate,C1,4,26.2327,26.2327,both,0.0,True
eicu,Bicarbonate,C1,5,26.5259,26.5259,both,0.0,True
eicu,Bicarbonate,C1,6,27.0322,27.0322,both,0.0,True
eicu,Bicarbonate,C1,7,27.2691,27.2691,both,0.0,True
eicu,Bicarbonate,C2,-1,24.8665,24.8665,both,0.0,True
eicu,Bicarbonate,C2,1,24.7889,24.7889,both,0.0,True
eicu,Bicarbonate,C2,2,25.2321,25.2321,both,0.0,True
eicu,Bicarbonate,C2,3,25.9927,25.9927,both,0.0,True
eicu,Bicarbonate,C2,4,26.6463,26.6463,both,0.0,True
eicu,Bicarbonate,C2,5,27.2242,27.2242,both,0.0,True
eicu,Bicarbonate,C2,6,27.7239,27.7239,both,0.0,True
eicu,Bicarbonate,C2,7,27.8612,27.8612,both,0.0,True
eicu,Bicarbonate,C3,-1,22.8725,22.8725,both,0.0,True
eicu,Bicarbonate,C3,1,22.3454,22.3454,both,0.0,True
eicu,Bicarbonate,C3,2,22.3152,22.3152,both,0.0,True
eicu,Bicarbonate,C3,3,22.651,22.651,both,0.0,True
eicu,Bicarbonate,C3,4,23.0013,23.0013,both,0.0,True
eicu,Bicarbonate,C3,5,23.5875,23.5875,both,0.0,True
eicu,Bicarbonate,C3,6,24.1035,24.1035,both,0.0,True
eicu,Bicarbonate,C3,7,23.4488,23.4488,both,0.0,True
eicu,Bilirubin,C1,-1,1.2304,1.2304,both,0.0,True
eicu,Bilirubin,C1,1,1.1608,1.1608,both,0.0,True
eicu,Bilirubin,C1,2,1.1449,1.1449,both,0.0,True
eicu,Bilirubin,C1,3,1.1112,1.1112,both,0.0,True
eicu,Bilirubin,C1,4,1.145,1.145,both,0.0,True
eicu,Bilirubin,C1,5,1.1381,1.1381,both,0.0,True
eicu,Bilirubin,C1,6,1.1334,1.1334,both,0.0,True
eicu,Bilirubin,C1,7,1.1177,1.1177,both,0.0,True
eicu,Bilirubin,C2,-1,1.0996,1.0996,both,0.0,True
eicu,Bilirubin,C2,1,1.0559,1.0559,both,0.0,True
eicu,Bilirubin,C2,2,1.0214,1.0214,both,0.0,True
eicu,Bilirubin,C2,3,0.9874,0.9874,both,0.0,True
eicu,Bilirubin,C2,4,0.9682,0.9682,both,0.0,True
eicu,Bilirubin,C2,5,0.9222,0.9222,both,0.0,True
eicu,Bilirubin,C2,6,0.9338,0.9338,both,0.0,True
eicu,Bilirubin,C2,7,0.9093,0.9093,both,0.0,True
eicu,Bilirubin,C3,-1,1.9096,1.9096,both,0.0,True
eicu,Bilirubin,C3,1,1.8608,1.8608,both,0.0,True
eicu,Bilirubin,C3,2,1.9105,1.9105,both,0.0,True
eicu,Bilirubin,C3,3,1.9286,1.9286,both,0.0,True
eicu,Bilirubin,C3,4,2.1042,2.1042,both,0.0,True
eicu,Bilirubin,C3,5,2.2881,2.2881,both,0.0,True
eicu,Bilirubin,C3,6,2.1579,2.1579,both,0.0,True
eicu,Bilirubin,C3,7,2.2744,2.2744,both,0.0,True
eicu,Calcium,C1,-1,8.3701,8.3701,both,0.0,True
eicu,Calcium,C1,1,8.2059,8.2059,both,0.0,True
eicu,Calcium,C1,2,8.24,8.24,both,0.0,True
eicu,Calcium,C1,3,8.3286,8.3286,both,0.0,True
eicu,Calcium,C1,4,8.3731,8.3731,both,0.0,True
eicu,Calcium,C1,5,8.4081,8.4081,both,0.0,True
eicu,Calcium,C1,6,8.4022,8.4022,both,0.0,True
eicu,Calcium,C1,7,8.3545,8.3545,both,0.0,True
eicu,Calcium,C2,-1,8.3535,8.3535,both,0.0,True
eicu,Calcium,C2,1,8.1534,8.1534,both,0.0,True
eicu,Calcium,C2,2,8.169,8.169,both,0.0,True
eicu,Calcium,C2,3,8.2429,8.2429,both,0.0,True
eicu,Calcium,C2,4,8.2771,8.2771,both,0.0,True
eicu,Calcium,C2,5,8.3091,8.3091,both,0.0,True
eicu,Calcium,C2,6,8.3267,8.3267,both,0.0,True
eicu,Calcium,C2,7,8.3712,8.3712,both,0.0,True
eicu,Calcium,C3,-1,8.1313,8.1313,both,0.0,True
eicu,Calcium,C3,1,7.958,7.958,both,0.0,True
eicu,Calcium,C3,2,7.8521,7.8521,both,0.0,True
eicu,Calcium,C3,3,7.8702,7.8702,both,0.0,True
eicu,Calcium,C3,4,7.9613,7.9613,both,0.0,True
eicu,Calcium,C3,5,8.0377,8.0377,both,0.0,True
eicu,Calcium,C3,6,8.0649,8.0649,both,0.0,True
eicu,Calcium,C3,7,8.0729,8.0729,both,0.0,True
eicu,Chloride,C1,-1,104.0942,104.0942,both,0.0,True
eicu,Chloride,C1,1,105.2381,105.2381,both,0.0,True
eicu,Chloride,C1,2,105.8736,105.8736,both,0.0,True
eicu,Chloride,C1,3,105.8679,105.8679,both,0.0,True
eicu,Chloride,C1,4,105.9381,105.9381,both,0.0,True
eicu,Chloride,C1,5,105.7561,105.7561,both,0.0,True
eicu,Chloride,C1,6,105.5487,105.5487,both,0.0,True
eicu,Chloride,C1,7,105.5982,105.5982,both,0.0,True
eicu,Chloride,C2,-1,103.5736,103.5736,both,0.0,True
eicu,Chloride,C2,1,104.9486,104.9486,both,0.0,True
eicu,Chloride,C2,2,105.4354,105.4354,both,0.0,True
eicu,Chloride,C2,3,105.0874,105.0874,both,0.0,True
eicu,Chloride,C2,4,104.8155,104.8155,both,0.0,True
eicu,Chloride,C2,5,104.341,104.341,both,0.0,True
eicu,Chloride,C2,6,103.8858,103.8858,both,0.0,True
eicu,Chloride,C2,7,103.7316,103.7316,both,0.0,True
eicu,Chloride,C3,-1,104.7864,104.7864,both,0.0,True
eicu,Chloride,C3,1,106.136,106.136,both,0.0,True
eicu,Chloride,C3,2,106.1051,106.1051,both,0.0,True
eicu,Chloride,C3,3,105.343,105.343,both,0.0,True
eicu,Chloride,C3,4,105.0016,105.0016,both,0.0,True
eicu,Chloride,C3,5,105.3561,105.3561,both,0.0,True
eicu,Chloride,C3,6,104.5175,104.5175,both,0.0,True
eicu,Chloride,C3,7,104.2167,104.2167,both,0.0,True
eicu,Creatinine,C1,-1,1.1422,1.1422,both,0.0,True
eicu,Creatinine,C1,1,1.1987,1.1987,both,0.0,True
eicu,Creatinine,C1,2,1.1654,1.1654,both,0.0,True
eicu,Creatinine,C1,3,1.1166,1.1166,both,0.0,True
eicu,Creatinine,C1,4,1.0929,1.0929,both,0.0,True
eicu,Creatinine,C1,5,1.0601,1.0601,both,0.0,True
eicu,Creatinine,C1,6,1.0429,1.0429,both,0.0,True
eicu,Creatinine,C1,7,1.0353,1.0353,both,0.0,True
eicu,Creatinine,C2,-1,0.8605,0.8605,both,0.0,True
eicu,Creatinine,C2,1,0.7996,0.7996,both,0.0,True
eicu,Creatinine,C2,2,0.7541,0.7541,both,0.0,True
eicu,Creatinine,C2,3,0.7304,0.7304,both,0.0,True
eicu,Creatinine,C2,4,0.714,0.714,both,0.0,True
eicu,Creatinine,C2,5,0.7031,0.7031,both,0.0,True
eicu,Creatinine,C2,6,0.6993,0.6993,both,0.0,True
eicu,Creatinine,C2,7,0.699,0.699,both,0.0,True
eicu,Creatinine,C3,-1,1.1522,1.1522,both,0.0,True
eicu,Creatinine,C3,1,1.5673,1.5673,both,0.0,True
eicu,Creatinine,C3,2,2.1024,2.1024,both,0.0,True
eicu,Creatinine,C3,3,2.5084,2.5084,both,0.0,True
eicu,Creatinine,C3,4,2.8407,2.8407,both,0.0,True
eicu,Creatinine,C3,5,2.9294,2.9294,both,0.0,True
eicu,Creatinine,C3,6,3.1835,3.1835,both,0.0,True
eicu,Creatinine,C3,7,3.3208,3.3208,both,0.0,True
eicu,DBP,C1,-1,61.8208,61.8208,both,0.0,True
eicu,DBP,C1,1,61.6265,61.6265,both,0.0,True
eicu,DBP,C1,2,62.2962,62.2962,both,0.0,True
eicu,DBP,C1,3,62.1529,62.1529,both,0.0,True
eicu,DBP,C1,4,62.7857,62.7857,both,0.0,True
eicu,DBP,C1,5,62.8094,62.8094,both,0.0,True
eicu,DBP,C1,6,62.2464,62.2464,both,0.0,True
eicu,DBP,C1,7,62.316,62.316,both,0.0,True
eicu,DBP,C2,-1,62.526,62.526,both,0.0,True
eicu,DBP,C2,1,63.1439,63.1439,both,0.0,True
eicu,DBP,C2,2,62.8565,62.8565,both,0.0,True
eicu,DBP,C2,3,63.4505,63.4505,both,0.0,True
eicu,DBP,C2,4,64.9262,64.9262,both,0.0,True
eicu,DBP,C2,5,64.2045,64.2045,both,0.0,True
eicu,DBP,C2,6,64.0213,64.0213,both,0.0,True
eicu,DBP,C2,7,64.7403,64.7403,both,0.0,True
eicu,DBP,C3,-1,61.7443,61.7443,both,0.0,True
eicu,DBP,C3,1,61.9624,61.9624,both,0.0,True
eicu,DBP,C3,2,61.0325,61.0325,both,0.0,True
eicu,DBP,C3,3,62.4809,62.4809,both,0.0,True
eicu,DBP,C3,4,61.6281,61.6281,both,0.0,True
eicu,DBP,C3,5,60.5236,60.5236,both,0.0,True
eicu,DBP,C3,6,61.1933,61.1933,both,0.0,True
eicu,DBP,C3,7,62.3151,62.3151,both,0.0,True
eicu,Fio2,C1,-1,0.5491,0.5491,both,0.0,True
eicu,Fio2,C1,1,0.5189,0.5189,both,0.0,True
eicu,Fio2,C1,2,0.4957,0.4957,both,0.0,True
eicu,Fio2,C1,3,0.4879,0.4879,both,0.0,True
eicu,Fio2,C1,4,0.4838,0.4838,both,0.0,True
eicu,Fio2,C1,5,0.4786,0.4786,both,0.0,True
eicu,Fio2,C1,6,0.4837,0.4837,both,0.0,True
eicu,Fio2,C1,7,0.4785,0.4785,both,0.0,True
eicu,Fio2,C2,-1,0.513,0.513,both,0.0,True
eicu,Fio2,C2,1,0.4821,0.4821,both,0.0,True
eicu,Fio2,C2,2,0.4602,0.4602,both,0.0,True
eicu,Fio2,C2,3,0.4526,0.4526,both,0.0,True
eicu,Fio2,C2,4,0.4496,0.4496,both,0.0,True
eicu,Fio2,C2,5,0.4569,0.4569,both,0.0,True
eicu,Fio2,C2,6,0.4556,0.4556,both,0.0,True
eicu,Fio2,C2,7,0.4594,0.4594,both,0.0,True
eicu,Fio2,C3,-1,0.6077,0.6077,both,0.0,True
eicu,Fio2,C3,1,0.5681,0.5681,both,0.0,True
eicu,Fio2,C3,2,0.5388,0.5388,both,0.0,True
eicu,Fio2,C3,3,0.5207,0.5207,both,0.0,True
eicu,Fio2,C3,4,0.5111,0.5111,both,0.0,True
eicu,Fio2,C3,5,0.5115,0.5115,both,0.0,True
eicu,Fio2,C3,6,0.5138,0.5138,both,0.0,True
eicu,Fio2,C3,7,0.5166,0.5166,both,0.0,True
eicu,Glucose,C1,-1,155.8308,155.8308,both,0.0,True
eicu,Glucose,C1,1,146.1947,146.1947,both,0.0,True
eicu,Glucose,C1,2,145.5299,145.5299,both,0.0,True
eicu,Glucose,C1,3,145.9385,145.9385,both,0.0,True
eicu,Glucose,C1,4,146.3388,146.3388,both,0.0,True
eicu,Glucose,C1,5,147.6772,147.6772,both,0.0,True
eicu,Glucose,C1,6,148.023,148.023,both,0.0,True
eicu,Glucose,C1,7,147.6811,147.6811,both,0.0,True
eicu,Glucose,C2,-1,144.9484,144.9484,both,0.0,True
eicu,Glucose,C2,1,136.0981,136.0981,both,0.0,True
eicu,Glucose,C2,2,133.5502,133.5502,both,0.0,True
eicu,Glucose,C2,3,132.0028,132.0028,both,0.0,True
eicu,Glucose,C2,4,133.4604,133.4604,both,0.0,True
eicu,Glucose,C2,5,132.623,132.623,both,0.0,True
eicu,Glucose,C2,6,130.6888,130.6888,both,0.0,True
eicu,Glucose,C2,7,131.683,131.683,both,0.0,True
eicu,Glucose,C3,-1,155.7406,155.7406,both,0.0,True
eicu,Glucose,C3,1,148.5133,148.5133,both,0.0,True
eicu,Glucose,C3,2,149.6982,149.6982,both,0.0,True
eicu,Glucose,C3,3,146.2075,146.2075,both,0.0,True
eicu,Glucose,C3,4,143.8531,143.8531,both,0.0,True
eicu,Glucose,C3,5,139.7619,139.7619,both,0.0,True
eicu,Glucose,C3,6,138.006,138.006,both,0.0,True
eicu,Glucose,C3,7,134.7274,134.7274,both,0.0,True
eicu,Heart Rate,C1,-1,92.873,92.873,both,0.0,True
eicu,Heart Rate,C1,1,88.3836,88.3836,both,0.0,True
eicu,Heart Rate,C1,2,87.3407,87.3407,both,0.0,True
eicu,Heart Rate,C1,3,87.3108,87.3108,both,0.0,True
eicu,Heart Rate,C1,4,86.5393,86.5393,both,0.0,True
eicu,Heart Rate,C1,5,86.8156,86.8156,both,0.0,True
eicu,Heart Rate,C1,6,85.8095,85.8095,both,0.0,True
eicu,Heart Rate,C1,7,86.3801,86.3801,both,0.0,True
eicu,Heart Rate,C2,-1,90.4534,90.4534,both,0.0,True
eicu,Heart Rate,C2,1,88.1249,88.1249,both,0.0,True
eicu,Heart Rate,C2,2,86.8231,86.8231,both,0.0,True
eicu,Heart Rate,C2,3,86.6274,86.6274,both,0.0,True
eicu,Heart Rate,C2,4,86.3492,86.3492,both,0.0,True
eicu,Heart Rate,C2,5,86.2028,86.2028,both,0.0,True
eicu,Heart Rate,C2,6,86.2461,86.2461,both,0.0,True
eicu,Heart Rate,C2,7,86.4993,86.4993,both,0.0,True
eicu,Heart Rate,C3,-1,98.7526,98.7526,both,0.0,True
eicu,Heart Rate,C3,1,94.4237,94.4237,both,0.0,True
eicu,Heart Rate,C3,2,91.9451,91.9451,both,0.0,True
eicu,Heart Rate,C3,3,91.2334,91.2334,both,0.0,True
eicu,Heart Rate,C3,4,86.7033,86.7033,both,0.0,True
eicu,Heart Rate,C3,5,85.2279,85.2279,both,0.0,True
eicu,Heart Rate,C3,6,87.0711,87.0711,both,0.0,True
eicu,Heart Rate,C3,7,86.0149,86.0149,both,0.0,True
eicu,Hematocrit,C1,-1,33.6206,33.6206,both,0.0,True
eicu,Hematocrit,C1,1,32.2692,32.2692,both,0.0,True
eicu,Hematocrit,C1,2,31.3333,31.3333,both,0.0,True
eicu,Hematocrit,C1,3,31.2426,31.2426,both,0.0,True
eicu,Hematocrit,C1,4,31.4278,31.4278,both,0.0,True
eicu,Hematocrit,C1,5,31.4461,31.4461,both,0.0,True
eicu,Hematocrit,C1,6,31.2785,31.2785,both,0.0,True
eicu,Hematocrit,C1,7,31.07,31.07,both,0.0,True
eicu,Hematocrit,C2,-1,34.3638,34.3638,both,0.0,True
eicu,Hematocrit,C2,1,32.8176,32.8176,both,0.0,True
eicu,Hematocrit,C2,2,32.0262,32.0262,both,0.0,True
eicu,Hematocrit,C2,3,32.0878,32.0878,both,0.0,True
eicu,Hematocrit,C2,4,32.1871,32.1871,both,0.0,True
eicu,Hematocrit,C2,5,32.072,32.072,both,0.0,True
eicu,Hematocrit,C2,6,31.8914,31.8914,both,0.0,True
eicu,Hematocrit,C2,7,31.6281,31.6281,both,0.0,True
eicu,Hematocrit,C3,-1,32.7011,32.7011,both,0.0,True
eicu,Hematocrit,C3,1,31.5667,31.5667,both,0.0,True
eicu,Hematocrit,C3,2,30.3344,30.3344,both,0.0,True
eicu,Hematocrit,C3,3,29.9999,29.9999,both,0.0,True
eicu,Hematocrit,C3,4,29.466,29.466,both,0.0,True
eicu,Hematocrit,C3,5,29.0038,29.0038,both,0.0,True
eicu,Hematocrit,C3,6,28.8627,28.8627,both,0.0,True
eicu,Hematocrit,C3,7,28.4576,28.4576,both,0.0,True
eicu,Hemoglobin,C1,-1,11.0136,11.0136,both,0.0,True
eicu,Hemoglobin,C1,1,10.551,10.551,both,0.0,True
eicu,Hemoglobin,C1,2,10.2532,10.2532,both,0.0,True
eicu,Hemoglobin,C1,3,10.2087,10.2087,both,0.0,True
eicu,Hemoglobin,C1,4,10.2587,10.2587,both,0.0,True
eicu,Hemoglobin,C1,5,10.2612,10.2612,both,0.0,True
eicu,Hemoglobin,C1,6,10.2055,10.2055,both,0.0,True
eicu,Hemoglobin,C1,7,10.1106,10.1106,both,0.0,True
eicu,Hemoglobin,C2,-1,11.2796,11.2796,both,0.0,True
eicu,Hemoglobin,C2,1,10.7737,10.7737,both,0.0,True
eicu,Hemoglobin,C2,2,10.5117,10.5117,both,0.0,True
eicu,Hemoglobin,C2,3,10.5243,10.5243,both,0.0,True
eicu,Hemoglobin,C2,4,10.5496,10.5496,both,0.0,True
eicu,Hemoglobin,C2,5,10.4907,10.4907,both,0.0,True
eicu,Hemoglobin,C2,6,10.4159,10.4159,both,0.0,True
eicu,Hemoglobin,C2,7,10.3193,10.3193,both,0.0,True
eicu,Hemoglobin,C3,-1,10.666,10.666,both,0.0,True
eicu,Hemoglobin,C3,1,10.3144,10.3144,both,0.0,True
eicu,Hemoglobin,C3,2,9.923,9.923,both,0.0,True
eicu,Hemoglobin,C3,3,9.8493,9.8493,both,0.0,True
eicu,Hemoglobin,C3,4,9.6832,9.6832,both,0.0,True
eicu,Hemoglobin,C3,5,9.5453,9.5453,both,0.0,True
eicu,Hemoglobin,C3,6,9.5057,9.5057,both,0.0,True
eicu,Hemoglobin,C3,7,9.3946,9.3946,both,0.0,True
eicu,Inr,C1,-1,1.6222,1.6222,both,0.0,True
eicu,Inr,C1,1,1.64,1.64,both,0.0,True
eicu,Inr,C1,2,1.5838,1.5838,both,0.0,True
eicu,Inr,C1,3,1.4648,1.4648,both,0.0,True
eicu,Inr,C1,4,1.4018,1.4018,both,0.0,True
eicu,Inr,C1,5,1.3615,1.3615,both,0.0,True
eicu,Inr,C1,6,1.3758,1.3758,both,0.0,True
eicu,Inr,C1,7,1.3661,1.3661,both,0.0,True
eicu,Inr,C2,-1,1.5091,1.5091,both,0.0,True
eicu,Inr,C2,1,1.4624,1.4624,both,0.0,True
eicu,Inr,C2,2,1.4147,1.4147,both,0.0,True
eicu,Inr,C2,3,1.3704,1.3704,both,0.0,True
eicu,Inr,C2,4,1.3522,1.3522,both,0.0,True
eicu,Inr,C2,5,1.3431,1.3431,both,0.0,True
eicu,Inr,C2,6,1.3602,1.3602,both,0.0,True
eicu,Inr,C2,7,1.3463,1.3463,both,0.0,True
eicu,Inr,C3,-1,1.7578,1.7578,both,0.0,True
eicu,Inr,C3,1,1.6928,1.6928,both,0.0,True
eicu,Inr,C3,2,1.6839,1.6839,both,0.0,True
eicu,Inr,C3,3,1.5508,1.5508,both,0.0,True
eicu,Inr,C3,4,1.365,1.365,both,0.0,True
eicu,Inr,C3,5,1.2962,1.2962,both,0.0,True
eicu,Inr,C3,6,1.2671,1.2671,both,0.0,True
eicu,Inr,C3,7,1.2716,1.2716,both,0.0,True
eicu,Lactate,C1,-1,2.3255,2.3255,both,0.0,True
eicu,Lactate,C1,1,2.1136,2.1136,both,0.0,True
eicu,Lactate,C1,2,1.9888,1.9888,both,0.0,True
eicu,Lactate,C1,3,1.8423,1.8423,both,0.0,True
eicu,Lactate,C1,4,1.8135,1.8135,both,0.0,True
eicu,Lactate,C1,5,1.7484,1.7484,both,0.0,True
eicu,Lactate,C1,6,1.7791,1.7791,both,0.0,True
eicu,Lactate,C1,7,1.7734,1.7734,both,0.0,True
eicu,Lactate,C2,-1,1.9708,1.9708,both,0.0,True
eicu,Lactate,C2,1,1.7348,1.7348,both,0.0,True
eicu,Lactate,C2,2,1.6073,1.6073,both,0.0,True
eicu,Lactate,C2,3,1.5729,1.5729,both,0.0,True
eicu,Lactate,C2,4,1.56,1.56,both,0.0,True
eicu,Lactate,C2,5,1.579,1.579,both,0.0,True
eicu,Lactate,C2,6,1.5656,1.5656,both,0.0,True
eicu,Lactate,C2,7,1.5667,1.5667,both,0.0,True
eicu,Lactate,C3,-1,3.1409,3.1409,both,0.0,True
eicu,Lactate,C3,1,3.0988,3.0988,both,0.0,True
eicu,Lactate,C3,2,2.6731,2.6731,both,0.0,True
eicu,Lactate,C3,3,2.2038,2.2038,both,0.0,True
eicu,Lactate,C3,4,2.0196,2.0196,both,0.0,True
eicu,Lactate,C3,5,2.0942,2.0942,both,0.0,True
eicu,Lactate,C3,6,2.0252,2.0252,both,0.0,True
eicu,Lactate,C3,7,1.8991,1.8991,both,0.0,True
eicu,MBP,C1,-1,78.3553,78.3553,both,0.0,True
eicu,MBP,C1,1,78.5178,78.5178,both,0.0,True
eicu,MBP,C1,2,78.8686,78.8686,both,0.0,True
eicu,MBP,C1,3,79.2299,79.2299,both,0.0,True
eicu,MBP,C1,4,80.065,80.065,both,0.0,True
eicu,MBP,C1,5,80.1735,80.1735,both,0.0,True
eicu,MBP,C1,6,79.7031,79.7031,both,0.0,True
eicu,MBP,C1,7,79.9959,79.9959,both,0.0,True
eicu,MBP,C2,-1,78.8235,78.8235,both,0.0,True
eicu,MBP,C2,1,79.4432,79.4432,both,0.0,True
eicu,MBP,C2,2,78.9528,78.9528,both,0.0,True
eicu,MBP,C2,3,79.9415,79.9415,both,0.0,True
eicu,MBP,C2,4,81.0478,81.0478,both,0.0,True
eicu,MBP,C2,5,80.5476,80.5476,both,0.0,True
eicu,MBP,C2,6,80.8271,80.8271,both,0.0,True
eicu,MBP,C2,7,81.196,81.196,both,0.0,True
eicu,MBP,C3,-1,77.9691,77.9691,both,0.0,True
eicu,MBP,C3,1,78.4286,78.4286,both,0.0,True
eicu,MBP,C3,2,77.3028,77.3028,both,0.0,True
eicu,MBP,C3,3,79.4801,79.4801,both,0.0,True
eicu,MBP,C3,4,79.1131,79.1131,both,0.0,True
eicu,MBP,C3,5,78.2606,78.2606,both,0.0,True
eicu,MBP,C3,6,78.551,78.551,both,0.0,True
eicu,MBP,C3,7,80.0467,80.0467,both,0.0,True
eicu,Pco2,C1,-1,41.0429,41.0429,both,0.0,True
eicu,Pco2,C1,1,40.9176,40.9176,both,0.0,True
eicu,Pco2,C1,2,40.9025,40.9025,both,0.0,True
eicu,Pco2,C1,3,41.2066,41.2066,both,0.0,True
eicu,Pco2,C1,4,41.5571,41.5571,both,0.0,True
eicu,Pco2,C1,5,41.8579,41.8579,both,0.0,True
eicu,Pco2,C1,6,42.0266,42.0266,both,0.0,True
eicu,Pco2,C1,7,42.4356,42.4356,both,0.0,True
eicu,Pco2,C2,-1,40.9974,40.9974,both,0.0,True
eicu,Pco2,C2,1,40.2113,40.2113,both,0.0,True
eicu,Pco2,C2,2,40.4664,40.4664,both,0.0,True
eicu,Pco2,C2,3,40.9459,40.9459,both,0.0,True
eicu,Pco2,C2,4,41.2914,41.2914,both,0.0,True
eicu,Pco2,C2,5,41.3184,41.3184,both,0.0,True
eicu,Pco2,C2,6,41.6857,41.6857,both,0.0,True
eicu,Pco2,C2,7,41.6497,41.6497,both,0.0,True
eicu,Pco2,C3,-1,39.9866,39.9866,both,0.0,True
eicu,Pco2,C3,1,39.8045,39.8045,both,0.0,True
eicu,Pco2,C3,2,40.034,40.034,both,0.0,True
eicu,Pco2,C3,3,42.1141,42.1141,both,0.0,True
eicu,Pco2,C3,4,41.9466,41.9466,both,0.0,True
eicu,Pco2,C3,5,41.8865,41.8865,both,0.0,True
eicu,Pco2,C3,6,41.5478,41.5478,both,0.0,True
eicu,Pco2,C3,7,40.6525,40.6525,both,0.0,True
eicu,Platelets,C1,-1,212.8048,212.8048,both,0.0,True
eicu,Platelets,C1,1,200.6329,200.6329,both,0.0,True
eicu,Platelets,C1,2,192.4436,192.4436,both,0.0,True
eicu,Platelets,C1,3,192.4704,192.4704,both,0.0,True
eicu,Platelets,C1,4,198.2661,198.2661,both,0.0,True
eicu,Platelets,C1,5,204.2362,204.2362,both,0.0,True
eicu,Platelets,C1,6,212.5534,212.5534,both,0.0,True
eicu,Platelets,C1,7,214.0044,214.0044,both,0.0,True
eicu,Platelets,C2,-1,218.9568,218.9568,both,0.0,True
eicu,Platelets,C2,1,207.2565,207.2565,both,0.0,True
eicu,Platelets,C2,2,204.7142,204.7142,both,0.0,True
eicu,Platelets,C2,3,211.028,211.028,both,0.0,True
eicu,Platelets,C2,4,219.3482,219.3482,both,0.0,True
eicu,Platelets,C2,5,229.6759,229.6759,both,0.0,True
eicu,Platelets,C2,6,241.7146,241.7146,both,0.0,True
eicu,Platelets,C2,7,257.8079,257.8079,both,0.0,True
eicu,Platelets,C3,-1,197.3293,197.3293,both,0.0,True
eicu,Platelets,C3,1,180.855,180.855,both,0.0,True
eicu,Platelets,C3,2,174.3149,174.3149,both,0.0,True
eicu,Platelets,C3,3,174.5978,174.5978,both,0.0,True
eicu,Platelets,C3,4,179.8301,179.8301,both,0.0,True
eicu,Platelets,C3,5,190.3295,190.3295,both,0.0,True
eicu,Platelets,C3,6,203.1974,203.1974,both,0.0,True
eicu,Platelets,C3,7,209.3744,209.3744,both,0.0,True
eicu,Po2,C1,-1,100.7643,100.7643,both,0.0,True
eicu,Po2,C1,1,100.498,100.498,both,0.0,True
eicu,Po2,C1,2,97.545,97.545,both,0.0,True
eicu,Po2,C1,3,95.1985,95.1985,both,0.0,True
eicu,Po2,C1,4,94.2488,94.2488,both,0.0,True
eicu,Po2,C1,5,94.6163,94.6163,both,0.0,True
eicu,Po2,C1,6,95.0156,95.0156,both,0.0,True
eicu,Po2,C1,7,94.2262,94.2262,both,0.0,True
eicu,Po2,C2,-1,97.7964,97.7964,both,0.0,True
eicu,Po2,C2,1,94.3425,94.3425,both,0.0,True
eicu,Po2,C2,2,93.3215,93.3215,both,0.0,True
eicu,Po2,C2,3,90.8042,90.8042,both,0.0,True
eicu,Po2,C2,4,90.6127,90.6127,both,0.0,True
eicu,Po2,C2,5,89.9468,89.9468,both,0.0,True
eicu,Po2,C2,6,91.4481,91.4481,both,0.0,True
eicu,Po2,C2,7,89.8221,89.8221,both,0.0,True
eicu,Po2,C3,-1,104.5055,104.5055,both,0.0,True
eicu,Po2,C3,1,98.6327,98.6327,both,0.0,True
eicu,Po2,C3,2,93.8366,93.8366,both,0.0,True
eicu,Po2,C3,3,93.218,93.218,both,0.0,True
eicu,Po2,C3,4,93.7484,93.7484,both,0.0,True
eicu,Po2,C3,5,90.2676,90.2676,both,0.0,True
eicu,Po2,C3,6,87.7018,87.7018,both,0.0,True
eicu,Po2,C3,7,88.5488,88.5488,both,0.0,True
eicu,Potassium,C1,-1,4.1227,4.1227,both,0.0,True
eicu,Potassium,C1,1,4.0786,4.0786,both,0.0,True
eicu,Potassium,C1,2,3.9902,3.9902,both,0.0,True
eicu,Potassium,C1,3,3.9446,3.9446,both,0.0,True
eicu,Potassium,C1,4,3.9465,3.9465,both,0.0,True
eicu,Potassium,C1,5,3.9731,3.9731,both,0.0,True
eicu,Potassium,C1,6,3.9734,3.9734,both,0.0,True
eicu,Potassium,C1,7,3.9824,3.9824,both,0.0,True
eicu,Potassium,C2,-1,3.9311,3.9311,both,0.0,True
eicu,Potassium,C2,1,3.8949,3.8949,both,0.0,True
eicu,Potassium,C2,2,3.8558,3.8558,both,0.0,True
eicu,Potassium,C2,3,3.8503,3.8503,both,0.0,True
eicu,Potassium,C2,4,3.8617,3.8617,both,0.0,True
eicu,Potassium,C2,5,3.8611,3.8611,both,0.0,True
eicu,Potassium,C2,6,3.8893,3.8893,both,0.0,True
eicu,Potassium,C2,7,3.8884,3.8884,both,0.0,True
eicu,Potassium,C3,-1,3.9658,3.9658,both,0.0,True
eicu,Potassium,C3,1,4.1501,4.1501,both,0.0,True
eicu,Potassium,C3,2,4.1661,4.1661,both,0.0,True
eicu,Potassium,C3,3,4.099,4.099,both,0.0,True
eicu,Potassium,C3,4,4.0896,4.0896,both,0.0,True
eicu,Potassium,C3,5,4.0252,4.0252,both,0.0,True
eicu,Potassium,C3,6,4.0013,4.0013,both,0.0,True
eicu,Potassium,C3,7,4.0236,4.0236,both,0.0,True
eicu,Respiratory Rate,C1,-1,21.7379,21.7379,both,0.0,True
eicu,Respiratory Rate,C1,1,20.9718,20.9718,both,0.0,True
eicu,Respiratory Rate,C1,2,20.9198,20.9198,both,0.0,True
eicu,Respiratory Rate,C1,3,20.8091,20.8091,both,0.0,True
eicu,Respiratory Rate,C1,4,20.7158,20.7158,both,0.0,True
eicu,Respiratory Rate,C1,5,21.2208,21.2208,both,0.0,True
eicu,Respiratory Rate,C1,6,20.9713,20.9713,both,0.0,True
eicu,Respiratory Rate,C1,7,20.9673,20.9673,both,0.0,True
eicu,Respiratory Rate,C2,-1,20.8064,20.8064,both,0.0,True
eicu,Respiratory Rate,C2,1,20.4859,20.4859,both,0.0,True
eicu,Respiratory Rate,C2,2,20.1422,20.1422,both,0.0,True
eicu,Respiratory Rate,C2,3,19.9558,19.9558,both,0.0,True
eicu,Respiratory Rate,C2,4,20.0397,20.0397,both,0.0,True
eicu,Respiratory Rate,C2,5,19.9931,19.9931,both,0.0,True
eicu,Respiratory Rate,C2,6,19.742,19.742,both,0.0,True
eicu,Respiratory Rate,C2,7,19.6398,19.6398,both,0.0,True
eicu,Respiratory Rate,C3,-1,22.7175,22.7175,both,0.0,True
eicu,Respiratory Rate,C3,1,22.2691,22.2691,both,0.0,True
eicu,Respiratory Rate,C3,2,21.8249,21.8249,both,0.0,True
eicu,Respiratory Rate,C3,3,21.3789,21.3789,both,0.0,True
eicu,Respiratory Rate,C3,4,20.8751,20.8751,both,0.0,True
eicu,Respiratory Rate,C3,5,20.618,20.618,both,0.0,True
eicu,Respiratory Rate,C3,6,20.6669,20.6669,both,0.0,True
eicu,Respiratory Rate,C3,7,20.8461,20.8461,both,0.0,True
eicu,SBP,C1,-1,114.4648,114.4648,both,0.0,True
eicu,SBP,C1,1,116.1346,116.1346,both,0.0,True
eicu,SBP,C1,2,116.4275,116.4275,both,0.0,True
eicu,SBP,C1,3,116.9583,116.9583,both,0.0,True
eicu,SBP,C1,4,117.8395,117.8395,both,0.0,True
eicu,SBP,C1,5,118.7068,118.7068,both,0.0,True
eicu,SBP,C1,6,117.76,117.76,both,0.0,True
eicu,SBP,C1,7,118.4271,118.4271,both,0.0,True
eicu,SBP,C2,-1,115.3225,115.3225,both,0.0,True
eicu,SBP,C2,1,116.8102,116.8102,both,0.0,True
eicu,SBP,C2,2,116.2493,116.2493,both,0.0,True
eicu,SBP,C2,3,117.5618,117.5618,both,0.0,True
eicu,SBP,C2,4,119.214,119.214,both,0.0,True
eicu,SBP,C2,5,118.3786,118.3786,both,0.0,True
eicu,SBP,C2,6,118.8777,118.8777,both,0.0,True
eicu,SBP,C2,7,118.6179,118.6179,both,0.0,True
eicu,SBP,C3,-1,115.0659,115.0659,both,0.0,True
eicu,SBP,C3,1,113.5423,113.5423,both,0.0,True
eicu,SBP,C3,2,112.5088,112.5088,both,0.0,True
eicu,SBP,C3,3,117.4512,117.4512,both,0.0,True
eicu,SBP,C3,4,117.1364,117.1364,both,0.0,True
eicu,SBP,C3,5,116.344,116.344,both,0.0,True
eicu,SBP,C3,6,115.5251,115.5251,both,0.0,True
eicu,SBP,C3,7,117.6048,117.6048,both,0.0,True
eicu,Scr/bScr,C1,-1,1.1413,1.1413,both,0.0,True
eicu,Scr/bScr,C1,1,1.2011,1.2011,both,0.0,True
eicu,Scr/bScr,C1,2,1.1777,1.1777,both,0.0,True
eicu,Scr/bScr,C1,3,1.1277,1.1277,both,0.0,True
eicu,Scr/bScr,C1,4,1.0999,1.0999,both,0.0,True
eicu,Scr/bScr,C1,5,1.0835,1.0835,both,0.0,True
eicu,Scr/bScr,C1,6,1.0855,1.0855,both,0.0,True
eicu,Scr/bScr,C1,7,1.0632,1.0632,both,0.0,True
eicu,Scr/bScr,C2,-1,0.9497,0.9497,both,0.0,True
eicu,Scr/bScr,C2,1,0.8883,0.8883,both,0.0,True
eicu,Scr/bScr,C2,2,0.8411,0.8411,both,0.0,True
eicu,Scr/bScr,C2,3,0.8158,0.8158,both,0.0,True
eicu,Scr/bScr,C2,4,0.8012,0.8012,both,0.0,True
eicu,Scr/bScr,C2,5,0.7932,0.7932,both,0.0,True
eicu,Scr/bScr,C2,6,0.7919,0.7919,both,0.0,True
eicu,Scr/bScr,C2,7,0.7885,0.7885,both,0.0,True
eicu,Scr/bScr,C3,-1,1.2787,1.2787,both,0.0,True
eicu,Scr/bScr,C3,1,1.726,1.726,both,0.0,True
eicu,Scr/bScr,C3,2,2.3526,2.3526,both,0.0,True
eicu,Scr/bScr,C3,3,2.8587,2.8587,both,0.0,True
eicu,Scr/bScr,C3,4,3.2162,3.2162,both,0.0,True
eicu,Scr/bScr,C3,5,3.4078,3.4078,both,0.0,True
eicu,Scr/bScr,C3,6,3.6979,3.6979,both,0.0,True
eicu,Scr/bScr,C3,7,3.8009,3.8009,both,0.0,True
eicu,Sodium,C1,-1,138.6787,138.6787,both,0.0,True
eicu,Sodium,C1,1,139.2095,139.2095,both,0.0,True
eicu,Sodium,C1,2,139.774,139.774,both,0.0,True
eicu,Sodium,C1,3,140.1727,140.1727,both,0.0,True
eicu,Sodium,C1,4,140.5335,140.5335,both,0.0,True
eicu,Sodium,C1,5,140.8279,140.8279,both,0.0,True
eicu,Sodium,C1,6,141.201,141.201,both,0.0,True
eicu,Sodium,C1,7,141.2433,141.2433,both,0.0,True
eicu,Sodium,C2,-1,138.1184,138.1184,both,0.0,True
eicu,Sodium,C2,1,138.4994,138.4994,both,0.0,True
eicu,Sodium,C2,2,138.8396,138.8396,both,0.0,True
eicu,Sodium,C2,3,139.1475,139.1475,both,0.0,True
eicu,Sodium,C2,4,139.438,139.438,both,0.0,True
eicu,Sodium,C2,5,139.531,139.531,both,0.0,True
eicu,Sodium,C2,6,139.5621,139.5621,both,0.0,True
eicu,Sodium,C2,7,139.6852,139.6852,both,0.0,True
eicu,Sodium,C3,-1,138.8747,138.8747,both,0.0,True
eicu,Sodium,C3,1,139.869,139.869,both,0.0,True
eicu,Sodium,C3,2,139.6697,139.6697,both,0.0,True
eicu,Sodium,C3,3,139.2502,139.2502,both,0.0,True
eicu,Sodium,C3,4,139.445,139.445,both,0.0,True
eicu,Sodium,C3,5,140.2727,140.2727,both,0.0,True
eicu,Sodium,C3,6,140.0768,140.0768,both,0.0,True
eicu,Sodium,C3,7,139.8506,139.8506,both,0.0,True
eicu,Spo2,C1,-1,95.8444,95.8444,both,0.0,True
eicu,Spo2,C1,1,96.0581,96.0581,both,0.0,True
eicu,Spo2,C1,2,95.8358,95.8358,both,0.0,True
eicu,Spo2,C1,3,95.7362,95.7362,both,0.0,True
eicu,Spo2,C1,4,95.7151,95.7151,both,0.0,True
eicu,Spo2,C1,5,95.8217,95.8217,both,0.0,True
eicu,Spo2,C1,6,95.8918,95.8918,both,0.0,True
eicu,Spo2,C1,7,95.861,95.861,both,0.0,True
eicu,Spo2,C2,-1,95.8746,95.8746,both,0.0,True
eicu,Spo2,C2,1,96.0355,96.0355,both,0.0,True
eicu,Spo2,C2,2,95.8652,95.8652,both,0.0,True
eicu,Spo2,C2,3,95.7436,95.7436,both,0.0,True
eicu,Spo2,C2,4,95.6046,95.6046,both,0.0,True
eicu,Spo2,C2,5,95.6429,95.6429,both,0.0,True
eicu,Spo2,C2,6,95.5491,95.5491,both,0.0,True
eicu,Spo2,C2,7,95.6268,95.6268,both,0.0,True
eicu,Spo2,C3,-1,95.5731,95.5731,both,0.0,True
eicu,Spo2,C3,1,95.688,95.688,both,0.0,True
eicu,Spo2,C3,2,95.5073,95.5073,both,0.0,True
eicu,Spo2,C3,3,95.6038,95.6038,both,0.0,True
eicu,Spo2,C3,4,95.8784,95.8784,both,0.0,True
eicu,Spo2,C3,5,95.7118,95.7118,both,0.0,True
eicu,Spo2,C3,6,95.5601,95.5601,both,0.0,True
eicu,Spo2,C3,7,95.405,95.405,both,0.0,True
eicu,Temperature,C1,-1,37.0037,37.0037,both,0.0,True
eicu,Temperature,C1,1,36.8848,36.8848,both,0.0,True
eicu,Temperature,C1,2,36.8261,36.8261,both,0.0,True
eicu,Temperature,C1,3,36.8244,36.8244,both,0.0,True
eicu,Temperature,C1,4,36.8149,36.8149,both,0.0,True
eicu,Temperature,C1,5,36.8539,36.8539,both,0.0,True
eicu,Temperature,C1,6,36.8246,36.8246,both,0.0,True
eicu,Temperature,C1,7,36.8551,36.8551,both,0.0,True
eicu,Temperature,C2,-1,37.0284,37.0284,both,0.0,True
eicu,Temperature,C2,1,36.9423,36.9423,both,0.0,True
eicu,Temperature,C2,2,36.8669,36.8669,both,0.0,True
eicu,Temperature,C2,3,36.8428,36.8428,both,0.0,True
eicu,Temperature,C2,4,36.8264,36.8264,both,0.0,True
eicu,Temperature,C2,5,36.8304,36.8304,both,0.0,True
eicu,Temperature,C2,6,36.8473,36.8473,both,0.0,True
eicu,Temperature,C2,7,36.8417,36.8417,both,0.0,True
eicu,Temperature,C3,-1,36.9918,36.9918,both,0.0,True
eicu,Temperature,C3,1,37.0601,37.0601,both,0.0,True
eicu,Temperature,C3,2,36.9256,36.9256,both,0.0,True
eicu,Temperature,C3,3,36.97,36.97,both,0.0,True
eicu,Temperature,C3,4,36.9305,36.9305,both,0.0,True
eicu,Temperature,C3,5,36.9091,36.9091,both,0.0,True
eicu,Temperature,C3,6,36.9266,36.9266,both,0.0,True
eicu,Temperature,C3,7,36.9781,36.9781,both,0.0,True
eicu,Urine Output,C1,-1,105.9751,105.9751,both,0.0,True
eicu,Urine Output,C1,1,106.0373,106.0373,both,0.0,True
eicu,Urine Output,C1,2,101.2995,101.2995,both,0.0,True
eicu,Urine Output,C1,3,87.1654,87.1654,both,0.0,True
eicu,Urine Output,C1,4,77.7521,77.7521,both,0.0,True
eicu,Urine Output,C1,5,76.2719,76.2719,both,0.0,True
eicu,Urine Output,C1,6,74.6772,74.6772,both,0.0,True
eicu,Urine Output,C1,7,72.6458,72.6458,both,0.0,True
eicu,Urine Output,C2,-1,131.442,131.442,both,0.0,True
eicu,Urine Output,C2,1,146.4558,146.4558,both,0.0,True
eicu,Urine Output,C2,2,137.6782,137.6782,both,0.0,True
eicu,Urine Output,C2,3,138.0624,138.0624,both,0.0,True
eicu,Urine Output,C2,4,138.7844,138.7844,both,0.0,True
eicu,Urine Output,C2,5,130.8713,130.8713,both,0.0,True
eicu,Urine Output,C2,6,139.6869,139.6869,both,0.0,True
eicu,Urine Output,C2,7,146.7155,146.7155,both,0.0,True
eicu,Urine Output,C3,-1,115.4299,115.4299,both,0.0,True
eicu,Urine Output,C3,1,68.4537,68.4537,both,0.0,True
eicu,Urine Output,C3,2,66.3509,66.3509,both,0.0,True
eicu,Urine Output,C3,3,80.0466,80.0466,both,0.0,True
eicu,Urine Output,C3,4,63.3651,63.3651,both,0.0,True
eicu,Urine Output,C3,5,78.3766,78.3766,both,0.0,True
eicu,Urine Output,C3,6,93.8734,93.8734,both,0.0,True
eicu,Urine Output,C3,7,119.8748,119.8748,both,0.0,True
eicu,WBC,C1,-1,14.177,14.177,both,0.0,True
eicu,WBC,C1,1,13.8594,13.8594,both,0.0,True
eicu,WBC,C1,2,13.3612,13.3612,both,0.0,True
eicu,WBC,C1,3,12.5342,12.5342,both,0.0,True
eicu,WBC,C1,4,12.3285,12.3285,both,0.0,True
eicu,WBC,C1,5,12.4501,12.4501,both,0.0,True
eicu,WBC,C1,6,12.8317,12.8317,both,0.0,True
eicu,WBC,C1,7,13.0129,13.0129,both,0.0,True
eicu,WBC,C2,-1,12.8048,12.8048,both,0.0,True
eicu,WBC,C2,1,12.1762,12.1762,both,0.0,True
eicu,WBC,C2,2,11.2434,11.2434,both,0.0,True
eicu,WBC,C2,3,10.5727,10.5727,both,0.0,True
eicu,WBC,C2,4,10.1746,10.1746,both,0.0,True
eicu,WBC,C2,5,10.2359,10.2359,both,0.0,True
eicu,WBC,C2,6,10.2997,10.2997,both,0.0,True
eicu,WBC,C2,7,10.4353,10.4353,both,0.0,True
eicu,WBC,C3,-1,13.6485,13.6485,both,0.0,True
eicu,WBC,C3,1,15.1081,15.1081,both,0.0,True
eicu,WBC,C3,2,16.4388,16.4388,both,0.0,True
eicu,WBC,C3,3,15.5954,15.5954,both,0.0,True
eicu,WBC,C3,4,14.4331,14.4331,both,0.0,True
eicu,WBC,C3,5,13.2566,13.2566,both,0.0,True
eicu,WBC,C3,6,13.6898,13.6898,both,0.0,True
eicu,WBC,C3,7,13.9586,13.9586,both,0.0,True
eicu,pH,C1,-1,7.3824,7.3824,both,0.0,True
eicu,pH,C1,1,7.3816,7.3816,both,0.0,True
eicu,pH,C1,2,7.3863,7.3863,both,0.0,True
eicu,pH,C1,3,7.3906,7.3906,both,0.0,True
eicu,pH,C1,4,7.3985,7.3985,both,0.0,True
eicu,pH,C1,5,7.4031,7.4031,both,0.0,True
eicu,pH,C1,6,7.4089,7.4089,both,0.0,True
eicu,pH,C1,7,7.4105,7.4105,both,0.0,True
eicu,pH,C2,-1,7.3841,7.3841,both,0.0,True
eicu,pH,C2,1,7.393,7.393,both,0.0,True
eicu,pH,C2,2,7.3954,7.3954,both,0.0,True
eicu,pH,C2,3,7.4004,7.4004,both,0.0,True
eicu,pH,C2,4,7.407,7.407,both,0.0,True
eicu,pH,C2,5,7.4088,7.4088,both,0.0,True
eicu,pH,C2,6,7.4116,7.4116,both,0.0,True
eicu,pH,C2,7,7.4153,7.4153,both,0.0,True
eicu,pH,C3,-1,7.3502,7.3502,both,0.0,True
eicu,pH,C3,1,7.3404,7.3404,both,0.0,True
eicu,pH,C3,2,7.3431,7.3431,both,0.0,True
eicu,pH,C3,3,7.3378,7.3378,both,0.0,True
eicu,pH,C3,4,7.3486,7.3486,both,0.0,True
eicu,pH,C3,5,7.3603,7.3603,both,0.0,True
eicu,pH,C3,6,7.3714,7.3714,both,0.0,True
eicu,pH,C3,7,7.3792,7.3792,both,0.0,True
mimic,Alp,C1,-1,112.1708,112.1708,both,0.0,True
mimic,Alp,C1,1,115.4424,115.4424,both,0.0,True
mimic,Alp,C1,2,110.4678,110.4678,both,0.0,True
mimic,Alp,C1,3,108.392,108.392,both,0.0,True
mimic,Alp,C1,4,110.3638,110.3638,both,0.0,True
mimic,Alp,C1,5,113.1203,113.1203,both,0.0,True
mimic,Alp,C1,6,115.6493,115.6493,both,0.0,True
mimic,Alp,C1,7,123.7162,123.7162,both,0.0,True
mimic,Alp,C2,-1,105.5435,105.5435,both,0.0,True
mimic,Alp,C2,1,103.7705,103.7705,both,0.0,True
mimic,Alp,C2,2,99.713,99.713,both,0.0,True
mimic,Alp,C2,3,97.6951,97.6951,both,0.0,True
mimic,Alp,C2,4,97.4775,97.4775,both,0.0,True
mimic,Alp,C2,5,99.6931,99.6931,both,0.0,True
mimic,Alp,C2,6,100.8018,100.8018,both,0.0,True
mimic,Alp,C2,7,100.9958,100.9958,both,0.0,True
mimic,Alp,C3,-1,124.7007,124.7007,both,0.0,True
mimic,Alp,C3,1,128.1044,128.1044,both,0.0,True
mimic,Alp,C3,2,127.2638,127.2638,both,0.0,True
mimic,Alp,C3,3,127.6265,127.6265,both,0.0,True
mimic,Alp,C3,4,128.1549,128.1549,both,0.0,True
mimic,Alp,C3,5,132.416,132.416,both,0.0,True
mimic,Alp,C3,6,137.3277,137.3277,both,0.0,True
mimic,Alp,C3,7,139.6926,139.6926,both,0.0,True
mimic,Alt,C1,-1,95.3829,95.3829,both,0.0,True
mimic,Alt,C1,1,105.3873,105.3873,both,0.0,True
mimic,Alt,C1,2,110.2421,110.2421,both,0.0,True
mimic,Alt,C1,3,107.2627,107.2627,both,0.0,True
mimic,Alt,C1,4,100.4765,100.4765,both,0.0,True
mimic,Alt,C1,5,95.0138,95.0138,both,0.0,True
mimic,Alt,C1,6,89.9726,89.9726,both,0.0,True
mimic,Alt,C1,7,82.1912,82.1912,both,0.0,True
mimic,Alt,C2,-1,94.6279,94.6279,both,0.0,True
mimic,Alt,C2,1,87.4209,87.4209,both,0.0,True
mimic,Alt,C2,2,80.4456,80.4456,both,0.0,True
mimic,Alt,C2,3,72.0728,72.0728,both,0.0,True
mimic,Alt,C2,4,68.2806,68.2806,both,0.0,True
mimic,Alt,C2,5,62.6307,62.6307,both,0.0,True
mimic,Alt,C2,6,57.909,57.909,both,0.0,True
mimic,Alt,C2,7,58.4586,58.4586,both,0.0,True
mimic,Alt,C3,-1,141.135,141.135,both,0.0,True
mimic,Alt,C3,1,178.7706,178.7706,both,0.0,True
mimic,Alt,C3,2,205.3593,205.3593,both,0.0,True
mimic,Alt,C3,3,197.1611,197.1611,both,0.0,True
mimic,Alt,C3,4,182.7094,182.7094,both,0.0,True
mimic,Alt,C3,5,213.336,213.336,both,0.0,True
mimic,Alt,C3,6,207.3436,207.3436,both,0.0,True
mimic,Alt,C3,7,160.9091,160.9091,both,0.0,True
mimic,Aniongap,C1,-1,13.6904,13.6904,both,0.0,True
mimic,Aniongap,C1,1,14.0109,14.0109,both,0.0,True
mimic,Aniongap,C1,2,13.4219,13.4219,both,0.0,True
mimic,Aniongap,C1,3,13.2303,13.2303,both,0.0,True
mimic,Aniongap,C1,4,13.1017,13.1017,both,0.0,True
mimic,Aniongap,C1,5,13.0688,13.0688,both,0.0,True
mimic,Aniongap,C1,6,13.0186,13.0186,both,0.0,True
mimic,Aniongap,C1,7,13.1604,13.1604,both,0.0,True
mimic,Aniongap,C2,-1,12.9229,12.9229,both,0.0,True
mimic,Aniongap,C2,1,12.4251,12.4251,both,0.0,True
mimic,Aniongap,C2,2,11.968,11.968,both,0.0,True
mimic,Aniongap,C2,3,12.033,12.033,both,0.0,True
mimic,Aniongap,C2,4,12.0535,12.0535,both,0.0,True
mimic,Aniongap,C2,5,12.2127,12.2127,both,0.0,True
mimic,Aniongap,C2,6,12.1861,12.1861,both,0.0,True
mimic,Aniongap,C2,7,12.1567,12.1567,both,0.0,True
mimic,Aniongap,C3,-1,14.8933,14.8933,both,0.0,True
mimic,Aniongap,C3,1,16.0219,16.0219,both,0.0,True
mimic,Aniongap,C3,2,16.6381,16.6381,both,0.0,True
mimic,Aniongap,C3,3,16.4854,16.4854,both,0.0,True
mimic,Aniongap,C3,4,16.4927,16.4927,both,0.0,True
mimic,Aniongap,C3,5,16.9357,16.9357,both,0.0,True
mimic,Aniongap,C3,6,16.863,16.863,both,0.0,True
mimic,Aniongap,C3,7,16.9524,16.9524,both,0.0,True
mimic,Ast,C1,-1,124.7232,124.7232,both,0.0,True
mimic,Ast,C1,1,131.6889,131.6889,both,0.0,True
mimic,Ast,C1,2,137.3981,137.3981,both,0.0,True
mimic,Ast,C1,3,128.2547,128.2547,both,0.0,True
mimic,Ast,C1,4,108.2111,108.2111,both,0.0,True
mimic,Ast,C1,5,99.5835,99.5835,both,0.0,True
mimic,Ast,C1,6,93.4198,93.4198,both,0.0,True
mimic,Ast,C1,7,89.3806,89.3806,both,0.0,True
mimic,Ast,C2,-1,114.3081,114.3081,both,0.0,True
mimic,Ast,C2,1,110.2096,110.2096,both,0.0,True
mimic,Ast,C2,2,98.0657,98.0657,both,0.0,True
mimic,Ast,C2,3,89.7791,89.7791,both,0.0,True
mimic,Ast,C2,4,81.9424,81.9424,both,0.0,True
mimic,Ast,C2,5,73.7357,73.7357,both,0.0,True
mimic,Ast,C2,6,72.7484,72.7484,both,0.0,True
mimic,Ast,C2,7,67.3219,67.3219,both,0.0,True
mimic,Ast,C3,-1,185.9604,185.9604,both,0.0,True
mimic,Ast,C3,1,242.0277,242.0277,both,0.0,True
mimic,Ast,C3,2,260.4758,260.4758,both,0.0,True
mimic,Ast,C3,3,246.1049,246.1049,both,0.0,True
mimic,Ast,C3,4,253.992,253.992,both,0.0,True
mimic,Ast,C3,5,207.2512,207.2512,both,0.0,True
mimic,Ast,C3,6,165.8418,165.8418,both,0.0,True
mimic,Ast,C3,7,136.0281,136.0281,both,0.0,True
mimic,BUN,C1,-1,25.6241,25.6241,both,0.0,True
mimic,BUN,C1,1,29.0989,29.0989,both,0.0,True
mimic,BUN,C1,2,31.4139,31.4139,both,0.0,True
mimic,BUN,C1,3,32.9871,32.9871,both,0.0,True
mimic,BUN,C1,4,34.4946,34.4946,both,0.0,True
mimic,BUN,C1,5,35.9918,35.9918,both,0.0,True
mimic,BUN,C1,6,37.2271,37.2271,both,0.0,True
mimic,BUN,C1,7,38.5274,38.5274,both,0.0,True
mimic,BUN,C2,-1,16.934,16.934,both,0.0,True
mimic,BUN,C2,1,16.7556,16.7556,both,0.0,True
mimic,BUN,C2,2,16.9794,16.9794,both,0.0,True
mimic,BUN,C2,3,17.1632,17.1632,both,0.0,True
mimic,BUN,C2,4,17.62,17.62,both,0.0,True
mimic,BUN,C2,5,18.4506,18.4506,both,0.0,True
mimic,BUN,C2,6,19.486,19.486,both,0.0,True
mimic,BUN,C2,7,20.7766,20.7766,both,0.0,True
mimic,BUN,C3,-1,23.3859,23.3859,both,0.0,True
mimic,BUN,C3,1,28.978,28.978,both,0.0,True
mimic,BUN,C3,2,35.5059,35.5059,both,0.0,True
mimic,BUN,C3,3,42.8438,42.8438,both,0.0,True
mimic,BUN,C3,4,49.3896,49.3896,both,0.0,True
mimic,BUN,C3,5,54.7459,54.7459,both,0.0,True
mimic,BUN,C3,6,59.4329,59.4329,both,0.0,True
mimic,BUN,C3,7,61.4416,61.4416,both,0.0,True
mimic,Base Excess,C1,-1,-0.157,-0.157,both,0.0,True
mimic,Base Excess,C1,1,-0.1813,-0.1813,both,0.0,True
mimic,Base Excess,C1,2,0.3131,0.3131,both,0.0,True
mimic,Base Excess,C1,3,0.9931,0.9931,both,0.0,True
mimic,Base Excess,C1,4,1.7435,1.7435,both,0.0,True
mimic,Base Excess,C1,5,2.3135,2.3135,both,0.0,True
mimic,Base Excess,C1,6,2.9162,2.9162,both,0.0,True
mimic,Base Excess,C1,7,3.2661,3.2661,both,0.0,True
mimic,Base Excess,C2,-1,0.2588,0.2588,both,0.0,True
mimic,Base Excess,C2,1,0.4004,0.4004,both,0.0,True
mimic,Base Excess,C2,2,0.915,0.915,both,0.0,True
mimic,Base Excess,C2,3,1.5633,1.5633,both,0.0,True
mimic,Base Excess,C2,4,2.3579,2.3579,both,0.0,True
mimic,Base Excess,C2,5,3.0551,3.0551,both,0.0,True
mimic,Base Excess,C2,6,3.8095,3.8095,both,0.0,True
mimic,Base Excess,C2,7,4.2136,4.2136,both,0.0,True
mimic,Base Excess,C3,-1,-2.1476,-2.1476,both,0.0,True
mimic,Base Excess,C3,1,-3.0803,-3.0803,both,0.0,True
mimic,Base Excess,C3,2,-3.3558,-3.3558,both,0.0,True
mimic,Base Excess,C3,3,-3.0372,-3.0372,both,0.0,True
mimic,Base Excess,C3,4,-2.8269,-2.8269,both,0.0,True
mimic,Base Excess,C3,5,-2.3625,-2.3625,both,0.0,True
mimic,Base Excess,C3,6,-2.1522,-2.1522,both,0.0,True
mimic,Base Excess,C3,7,-1.8028,-1.8028,both,0.0,True
mimic,Bicarbonate,C1,-1,23.7087,23.7087,both,0.0,True
mimic,Bicarbonate,C1,1,23.4773,23.4773,both,0.0,True
mimic,Bicarbonate,C1,2,24.2491,24.2491,both,0.0,True
mimic,Bicarbonate,C1,3,25.023,25.023,both,0.0,True
mimic,Bicarbonate,C1,4,25.9748,25.9748,both,0.0,True
mimic,Bicarbonate,C1,5,26.6892,26.6892,both,0.0,True
mimic,Bicarbonate,C1,6,27.1729,27.1729,both,0.0,True
mimic,Bicarbonate,C1,7,27.3785,27.3785,both,0.0,True
mimic,Bicarbonate,C2,-1,24.0827,24.0827,both,0.0,True
mimic,Bicarbonate,C2,1,24.2782,24.2782,both,0.0,True
mimic,Bicarbonate,C2,2,25.2364,25.2364,both,0.0,True
mimic,Bicarbonate,C2,3,26.1454,26.1454,both,0.0,True
mimic,Bicarbonate,C2,4,26.9874,26.9874,both,0.0,True
mimic,Bicarbonate,C2,5,27.4925,27.4925,both,0.0,True
mimic,Bicarbonate,C2,6,27.94,27.94,both,0.0,True
mimic,Bicarbonate,C2,7,28.2552,28.2552,both,0.0,True
mimic,Bicarbonate,C3,-1,22.325,22.325,both,0.0,True
mimic,Bicarbonate,C3,1,20.806,20.806,both,0.0,True
mimic,Bicarbonate,C3,2,20.6254,20.6254,both,0.0,True
mimic,Bicarbonate,C3,3,20.7285,20.7285,both,0.0,True
mimic,Bicarbonate,C3,4,21.01,21.01,both,0.0,True
mimic,Bicarbonate,C3,5,21.2803,21.2803,both,0.0,True
mimic,Bicarbonate,C3,6,21.5003,21.5003,both,0.0,True
mimic,Bicarbonate,C3,7,21.8234,21.8234,both,0.0,True
mimic,Bilirubin,C1,-1,2.2352,2.2352,both,0.0,True
mimic,Bilirubin,C1,1,2.3905,2.3905,both,0.0,True
mimic,Bilirubin,C1,2,2.3839,2.3839,both,0.0,True
mimic,Bilirubin,C1,3,2.4203,2.4203,both,0.0,True
mimic,Bilirubin,C1,4,2.4517,2.4517,both,0.0,True
mimic,Bilirubin,C1,5,2.5224,2.5224,both,0.0,True
mimic,Bilirubin,C1,6,2.5809,2.5809,both,0.0,True
mimic,Bilirubin,C1,7,2.704,2.704,both,0.0,True
mimic,Bilirubin,C2,-1,1.8903,1.8903,both,0.0,True
mimic,Bilirubin,C2,1,1.8586,1.8586,both,0.0,True
mimic,Bilirubin,C2,2,1.7849,1.7849,both,0.0,True
mimic,Bilirubin,C2,3,1.6399,1.6399,both,0.0,True
mimic,Bilirubin,C2,4,1.5947,1.5947,both,0.0,True
mimic,Bilirubin,C2,5,1.5502,1.5502,both,0.0,True
mimic,Bilirubin,C2,6,1.5152,1.5152,both,0.0,True
mimic,Bilirubin,C2,7,1.4882,1.4882,both,0.0,True
mimic,Bilirubin,C3,-1,2.8064,2.8064,both,0.0,True
mimic,Bilirubin,C3,1,3.0923,3.0923,both,0.0,True
mimic,Bilirubin,C3,2,3.2768,3.2768,both,0.0,True
mimic,Bilirubin,C3,3,3.5422,3.5422,both,0.0,True
mimic,Bilirubin,C3,4,3.8606,3.8606,both,0.0,True
mimic,Bilirubin,C3,5,4.0008,4.0008,both,0.0,True
mimic,Bilirubin,C3,6,4.3301,4.3301,both,0.0,True
mimic,Bilirubin,C3,7,4.9299,4.9299,both,0.0,True
mimic,Calcium,C1,-1,8.239,8.239,both,0.0,True
mimic,Calcium,C1,1,8.2246,8.2246,both,0.0,True
mimic,Calcium,C1,2,8.2391,8.2391,both,0.0,True
mimic,Calcium,C1,3,8.2638,8.2638,both,0.0,True
mimic,Calcium,C1,4,8.3172,8.3172,both,0.0,True
mimic,Calcium,C1,5,8.3416,8.3416,both,0.0,True
mimic,Calcium,C1,6,8.352,8.352,both,0.0,True
mimic,Calcium,C1,7,8.3588,8.3588,both,0.0,True
mimic,Calcium,C2,-1,8.2064,8.2064,both,0.0,True
mimic,Calcium,C2,1,8.1573,8.1573,both,0.0,True
mimic,Calcium,C2,2,8.1613,8.1613,both,0.0,True
mimic,Calcium,C2,3,8.2034,8.2034,both,0.0,True
mimic,Calcium,C2,4,8.2542,8.2542,both,0.0,True
mimic,Calcium,C2,5,8.2962,8.2962,both,0.0,True
mimic,Calcium,C2,6,8.3133,8.3133,both,0.0,True
mimic,Calcium,C2,7,8.3284,8.3284,both,0.0,True
mimic,Calcium,C3,-1,8.1312,8.1312,both,0.0,True
mimic,Calcium,C3,1,8.0848,8.0848,both,0.0,True
mimic,Calcium,C3,2,8.0663,8.0663,both,0.0,True
mimic,Calcium,C3,3,8.0456,8.0456,both,0.0,True
mimic,Calcium,C3,4,8.1005,8.1005,both,0.0,True
mimic,Calcium,C3,5,8.1614,8.1614,both,0.0,True
mimic,Calcium,C3,6,8.2658,8.2658,both,0.0,True
mimic,Calcium,C3,7,8.3646,8.3646,both,0.0,True
mimic,Chloride,C1,-1,105.3154,105.3154,both,0.0,True
mimic,Chloride,C1,1,104.9039,104.9039,both,0.0,True
mimic,Chloride,C1,2,104.6093,104.6093,both,0.0,True
mimic,Chloride,C1,3,104.5764,104.5764,both,0.0,True
mimic,Chloride,C1,4,104.6147,104.6147,both,0.0,True
mimic,Chloride,C1,5,104.6913,104.6913,both,0.0,True
mimic,Chloride,C1,6,104.6701,104.6701,both,0.0,True
mimic,Chloride,C1,7,104.7101,104.7101,both,0.0,True
mimic,Chloride,C2,-1,105.5874,105.5874,both,0.0,True
mimic,Chloride,C2,1,105.3682,105.3682,both,0.0,True
mimic,Chloride,C2,2,104.8089,104.8089,both,0.0,True
mimic,Chloride,C2,3,104.4337,104.4337,both,0.0,True
mimic,Chloride,C2,4,104.2549,104.2549,both,0.0,True
mimic,Chloride,C2,5,104.0358,104.0358,both,0.0,True
mimic,Chloride,C2,6,103.6566,103.6566,both,0.0,True
mimic,Chloride,C2,7,103.3915,103.3915,both,0.0,True
mimic,Chloride,C3,-1,104.8709,104.8709,both,0.0,True
mimic,Chloride,C3,1,104.3321,104.3321,both,0.0,True
mimic,Chloride,C3,2,103.5892,103.5892,both,0.0,True
mimic,Chloride,C3,3,103.3903,103.3903,both,0.0,True
mimic,Chloride,C3,4,103.1379,103.1379,both,0.0,True
mimic,Chloride,C3,5,103.2324,103.2324,both,0.0,True
mimic,Chloride,C3,6,103.5498,103.5498,both,0.0,True
mimic,Chloride,C3,7,103.8301,103.8301,both,0.0,True
mimic,Creatinine,C1,-1,0.984,0.984,both,0.0,True
mimic,Creatinine,C1,1,1.156,1.156,both,0.0,True
mimic,Creatinine,C1,2,1.2043,1.2043,both,0.0,True
mimic,Creatinine,C1,3,1.1949,1.1949,both,0.0,True
mimic,Creatinine,C1,4,1.1829,1.1829,both,0.0,True
mimic,Creatinine,C1,5,1.158,1.158,both,0.0,True
mimic,Creatinine,C1,6,1.1456,1.1456,both,0.0,True
mimic,Creatinine,C1,7,1.1577,1.1577,both,0.0,True
mimic,Creatinine,C2,-1,0.8291,0.8291,both,0.0,True
mimic,Creatinine,C2,1,0.8283,0.8283,both,0.0,True
mimic,Creatinine,C2,2,0.7971,0.7971,both,0.0,True
mimic,Creatinine,C2,3,0.7562,0.7562,both,0.0,True
mimic,Creatinine,C2,4,0.7323,0.7323,both,0.0,True
mimic,Creatinine,C2,5,0.721,0.721,both,0.0,True
mimic,Creatinine,C2,6,0.7151,0.7151,both,0.0,True
mimic,Creatinine,C2,7,0.7202,0.7202,both,0.0,True
mimic,Creatinine,C3,-1,0.9869,0.9869,both,0.0,True
mimic,Creatinine,C3,1,1.4596,1.4596,both,0.0,True
mimic,Creatinine,C3,2,1.9941,1.9941,both,0.0,True
mimic,Creatinine,C3,3,2.4466,2.4466,both,0.0,True
mimic,Creatinine,C3,4,2.8052,2.8052,both,0.0,True
mimic,Creatinine,C3,5,3.0177,3.0177,both,0.0,True
mimic,Creatinine,C3,6,3.0747,3.0747,both,0.0,True
mimic,Creatinine,C3,7,2.9902,2.9902,both,0.0,True
mimic,DBP,C1,-1,60.0753,60.0753,both,0.0,True
mimic,DBP,C1,1,58.9159,58.9159,both,0.0,True
mimic,DBP,C1,2,60.1118,60.1118,both,0.0,True
mimic,DBP,C1,3,60.9668,60.9668,both,0.0,True
mimic,DBP,C1,4,61.5723,61.5723,both,0.0,True
mimic,DBP,C1,5,61.563,61.563,both,0.0,True
mimic,DBP,C1,6,61.4547,61.4547,both,0.0,True
mimic,DBP,C1,7,60.9171,60.9171,both,0.0,True
mimic,DBP,C2,-1,61.6129,61.6129,both,0.0,True
mimic,DBP,C2,1,60.8399,60.8399,both,0.0,True
mimic,DBP,C2,2,62.7777,62.7777,both,0.0,True
mimic,DBP,C2,3,64.1383,64.1383,both,0.0,True
mimic,DBP,C2,4,64.4658,64.4658,both,0.0,True
mimic,DBP,C2,5,64.9691,64.9691,both,0.0,True
mimic,DBP,C2,6,64.8392,64.8392,both,0.0,True
mimic,DBP,C2,7,64.5124,64.5124,both,0.0,True
mimic,DBP,C3,-1,61.6815,61.6815,both,0.0,True
mimic,DBP,C3,1,58.9695,58.9695,both,0.0,True
mimic,DBP,C3,2,58.8389,58.8389,both,0.0,True
mimic,DBP,C3,3,58.7279,58.7279,both,0.0,True
mimic,DBP,C3,4,59.5866,59.5866,both,0.0,True
mimic,DBP,C3,5,59.5844,59.5844,both,0.0,True
mimic,DBP,C3,6,59.774,59.774,both,0.0,True
mimic,DBP,C3,7,60.1013,60.1013,both,0.0,True
mimic,Fio2,C1,-1,54.8428,54.8428,both,0.0,True
mimic,Fio2,C1,1,51.502,51.502,both,0.0,True
mimic,Fio2,C1,2,50.2529,50.2529,both,0.0,True
mimic,Fio2,C1,3,49.3378,49.3378,both,0.0,True
mimic,Fio2,C1,4,48.6874,48.6874,both,0.0,True
mimic,Fio2,C1,5,48.1904,48.1904,both,0.0,True
mimic,Fio2,C1,6,47.7273,47.7273,both,0.0,True
mimic,Fio2,C1,7,47.0857,47.0857,both,0.0,True
mimic,Fio2,C2,-1,53.9057,53.9057,both,0.0,True
mimic,Fio2,C2,1,49.8317,49.8317,both,0.0,True
mimic,Fio2,C2,2,48.7818,48.7818,both,0.0,True
mimic,Fio2,C2,3,47.8851,47.8851,both,0.0,True
mimic,Fio2,C2,4,47.8021,47.8021,both,0.0,True
mimic,Fio2,C2,5,47.5915,47.5915,both,0.0,True
mimic,Fio2,C2,6,47.0304,47.0304,both,0.0,True
mimic,Fio2,C2,7,46.7739,46.7739,both,0.0,True
mimic,Fio2,C3,-1,59.147,59.147,both,0.0,True
mimic,Fio2,C3,1,54.3867,54.3867,both,0.0,True
mimic,Fio2,C3,2,52.6582,52.6582,both,0.0,True
mimic,Fio2,C3,3,51.2678,51.2678,both,0.0,True
mimic,Fio2,C3,4,49.7518,49.7518,both,0.0,True
mimic,Fio2,C3,5,48.7384,48.7384,both,0.0,True
mimic,Fio2,C3,6,49.5134,49.5134,both,0.0,True
mimic,Fio2,C3,7,48.2338,48.2338,both,0.0,True
mimic,Glucose,C1,-1,149.2708,149.2708,both,0.0,True
mimic,Glucose,C1,1,145.7368,145.7368,both,0.0,True
mimic,Glucose,C1,2,143.6214,143.6214,both,0.0,True
mimic,Glucose,C1,3,143.6396,143.6396,both,0.0,True
mimic,Glucose,C1,4,146.4776,146.4776,both,0.0,True
mimic,Glucose,C1,5,149.0878,149.0878,both,0.0,True
mimic,Glucose,C1,6,150.2785,150.2785,both,0.0,True
mimic,Glucose,C1,7,148.8703,148.8703,both,0.0,True
mimic,Glucose,C2,-1,142.245,142.245,both,0.0,True
mimic,Glucose,C2,1,133.8429,133.8429,both,0.0,True
mimic,Glucose,C2,2,134.0424,134.0424,both,0.0,True
mimic,Glucose,C2,3,133.9393,133.9393,both,0.0,True
mimic,Glucose,C2,4,136.281,136.281,both,0.0,True
mimic,Glucose,C2,5,140.7497,140.7497,both,0.0,True
mimic,Glucose,C2,6,142.467,142.467,both,0.0,True
mimic,Glucose,C2,7,144.531,144.531,both,0.0,True
mimic,Glucose,C3,-1,157.6384,157.6384,both,0.0,True
mimic,Glucose,C3,1,147.7744,147.7744,both,0.0,True
mimic,Glucose,C3,2,140.8279,140.8279,both,0.0,True
mimic,Glucose,C3,3,138.6987,138.6987,both,0.0,True
mimic,Glucose,C3,4,138.1786,138.1786,both,0.0,True
mimic,Glucose,C3,5,138.7578,138.7578,both,0.0,True
mimic,Glucose,C3,6,146.6679,146.6679,both,0.0,True
mimic,Glucose,C3,7,146.473,146.473,both,0.0,True
mimic,Heart Rate,C1,-1,91.0748,91.0748,both,0.0,True
mimic,Heart Rate,C1,1,88.4278,88.4278,both,0.0,True
mimic,Heart Rate,C1,2,87.977,87.977,both,0.0,True
mimic,Heart Rate,C1,3,87.5693,87.5693,both,0.0,True
mimic,Heart Rate,C1,4,87.2268,87.2268,both,0.0,True
mimic,Heart Rate,C1,5,87.9515,87.9515,both,0.0,True
mimic,Heart Rate,C1,6,87.4514,87.4514,both,0.0,True
mimic,Heart Rate,C1,7,87.8927,87.8927,both,0.0,True
mimic,Heart Rate,C2,-1,86.488,86.488,both,0.0,True
mimic,Heart Rate,C2,1,85.1778,85.1778,both,0.0,True
mimic,Heart Rate,C2,2,85.4888,85.4888,both,0.0,True
mimic,Heart Rate,C2,3,85.2303,85.2303,both,0.0,True
mimic,Heart Rate,C2,4,85.6123,85.6123,both,0.0,True
mimic,Heart Rate,C2,5,86.0226,86.0226,both,0.0,True
mimic,Heart Rate,C2,6,86.1346,86.1346,both,0.0,True
mimic,Heart Rate,C2,7,86.2507,86.2507,both,0.0,True
mimic,Heart Rate,C3,-1,95.3864,95.3864,both,0.0,True
mimic,Heart Rate,C3,1,93.1882,93.1882,both,0.0,True
mimic,Heart Rate,C3,2,92.4421,92.4421,both,0.0,True
mimic,Heart Rate,C3,3,90.8285,90.8285,both,0.0,True
mimic,Heart Rate,C3,4,89.9481,89.9481,both,0.0,True
mimic,Heart Rate,C3,5,89.5184,89.5184,both,0.0,True
mimic,Heart Rate,C3,6,90.1399,90.1399,both,0.0,True
mimic,Heart Rate,C3,7,91.6654,91.6654,both,0.0,True
mimic,Hematocrit,C1,-1,30.7366,30.7366,both,0.0,True
mimic,Hematocrit,C1,1,30.4683,30.4683,both,0.0,True
mimic,Hematocrit,C1,2,29.6888,29.6888,both,0.0,True
mimic,Hematocrit,C1,3,29.3005,29.3005,both,0.0,True
mimic,Hematocrit,C1,4,29.3154,29.3154,both,0.0,True
mimic,Hematocrit,C1,5,29.3436,29.3436,both,0.0,True
mimic,Hematocrit,C1,6,29.3486,29.3486,both,0.0,True
mimic,Hematocrit,C1,7,29.1001,29.1001,both,0.0,True
mimic,Hematocrit,C2,-1,32.0257,32.0257,both,0.0,True
mimic,Hematocrit,C2,1,31.3135,31.3135,both,0.0,True
mimic,Hematocrit,C2,2,30.3142,30.3142,both,0.0,True
mimic,Hematocrit,C2,3,30.1561,30.1561,both,0.0,True
mimic,Hematocrit,C2,4,30.1875,30.1875,both,0.0,True
mimic,Hematocrit,C2,5,30.2229,30.2229,both,0.0,True
mimic,Hematocrit,C2,6,30.1932,30.1932,both,0.0,True
mimic,Hematocrit,C2,7,30.1763,30.1763,both,0.0,True
mimic,Hematocrit,C3,-1,30.6996,30.6996,both,0.0,True
mimic,Hematocrit,C3,1,30.5939,30.5939,both,0.0,True
mimic,Hematocrit,C3,2,29.4103,29.4103,both,0.0,True
mimic,Hematocrit,C3,3,28.6104,28.6104,both,0.0,True
mimic,Hematocrit,C3,4,28.468,28.468,both,0.0,True
mimic,Hematocrit,C3,5,28.3794,28.3794,both,0.0,True
mimic,Hematocrit,C3,6,28.4033,28.4033,both,0.0,True
mimic,Hematocrit,C3,7,28.3214,28.3214,both,0.0,True
mimic,Hemoglobin,C1,-1,10.0861,10.0861,both,0.0,True
mimic,Hemoglobin,C1,1,10.0331,10.0331,both,0.0,True
mimic,Hemoglobin,C1,2,9.7559,9.7559,both,0.0,True
mimic,Hemoglobin,C1,3,9.6006,9.6006,both,0.0,True
mimic,Hemoglobin,C1,4,9.5867,9.5867,both,0.0,True
mimic,Hemoglobin,C1,5,9.5665,9.5665,both,0.0,True
mimic,Hemoglobin,C1,6,9.54,9.54,both,0.0,True
mimic,Hemoglobin,C1,7,9.4287,9.4287,both,0.0,True
mimic,Hemoglobin,C2,-1,10.5678,10.5678,both,0.0,True
mimic,Hemoglobin,C2,1,10.3846,10.3846,both,0.0,True
mimic,Hemoglobin,C2,2,10.0071,10.0071,both,0.0,True
mimic,Hemoglobin,C2,3,9.9083,9.9083,both,0.0,True
mimic,Hemoglobin,C2,4,9.9024,9.9024,both,0.0,True
mimic,Hemoglobin,C2,5,9.8972,9.8972,both,0.0,True
mimic,Hemoglobin,C2,6,9.8704,9.8704,both,0.0,True
mimic,Hemoglobin,C2,7,9.8238,9.8238,both,0.0,True
mimic,Hemoglobin,C3,-1,10.0699,10.0699,both,0.0,True
mimic,Hemoglobin,C3,1,10.0549,10.0549,both,0.0,True
mimic,Hemoglobin,C3,2,9.6652,9.6652,both,0.0,True
mimic,Hemoglobin,C3,3,9.4331,9.4331,both,0.0,True
mimic,Hemoglobin,C3,4,9.3897,9.3897,both,0.0,True
mimic,Hemoglobin,C3,5,9.3167,9.3167,both,0.0,True
mimic,Hemoglobin,C3,6,9.3374,9.3374,both,0.0,True
mimic,Hemoglobin,C3,7,9.3232,9.3232,both,0.0,True
mimic,Inr,C1,-1,1.563,1.563,both,0.0,True
mimic,Inr,C1,1,1.5637,1.5637,both,0.0,True
mimic,Inr,C1,2,1.5575,1.5575,both,0.0,True
mimic,Inr,C1,3,1.5346,1.5346,both,0.0,True
mimic,Inr,C1,4,1.5207,1.5207,both,0.0,True
mimic,Inr,C1,5,1.5091,1.5091,both,0.0,True
mimic,Inr,C1,6,1.4711,1.4711,both,0.0,True
mimic,Inr,C1,7,1.4639,1.4639,both,0.0,True
mimic,Inr,C2,-1,1.429,1.429,both,0.0,True
mimic,Inr,C2,1,1.4042,1.4042,both,0.0,True
mimic,Inr,C2,2,1.3841,1.3841,both,0.0,True
mimic,Inr,C2,3,1.3406,1.3406,both,0.0,True
mimic,Inr,C2,4,1.3308,1.3308,both,0.0,True
mimic,Inr,C2,5,1.3333,1.3333,both,0.0,True
mimic,Inr,C2,6,1.3208,1.3208,both,0.0,True
mimic,Inr,C2,7,1.334,1.334,both,0.0,True
mimic,Inr,C3,-1,1.7623,1.7623,both,0.0,True
mimic,Inr,C3,1,1.798,1.798,both,0.0,True
mimic,Inr,C3,2,1.8178,1.8178,both,0.0,True
mimic,Inr,C3,3,1.7441,1.7441,both,0.0,True
mimic,Inr,C3,4,1.7935,1.7935,both,0.0,True
mimic,Inr,C3,5,1.7453,1.7453,both,0.0,True
mimic,Inr,C3,6,1.7274,1.7274,both,0.0,True
mimic,Inr,C3,7,1.702,1.702,both,0.0,True
mimic,Lactate,C1,-1,2.3448,2.3448,both,0.0,True
mimic,Lactate,C1,1,2.1663,2.1663,both,0.0,True
mimic,Lactate,C1,2,1.9483,1.9483,both,0.0,True
mimic,Lactate,C1,3,1.8014,1.8014,both,0.0,True
mimic,Lactate,C1,4,1.6991,1.6991,both,0.0,True
mimic,Lactate,C1,5,1.6813,1.6813,both,0.0,True
mimic,Lactate,C1,6,1.6134,1.6134,both,0.0,True
mimic,Lactate,C1,7,1.6201,1.6201,both,0.0,True
mimic,Lactate,C2,-1,1.9704,1.9704,both,0.0,True
mimic,Lactate,C2,1,1.7774,1.7774,both,0.0,True
mimic,Lactate,C2,2,1.6197,1.6197,both,0.0,True
mimic,Lactate,C2,3,1.4901,1.4901,both,0.0,True
mimic,Lactate,C2,4,1.4306,1.4306,both,0.0,True
mimic,Lactate,C2,5,1.4044,1.4044,both,0.0,True
mimic,Lactate,C2,6,1.3692,1.3692,both,0.0,True
mimic,Lactate,C2,7,1.3563,1.3563,both,0.0,True
mimic,Lactate,C3,-1,3.1286,3.1286,both,0.0,True
mimic,Lactate,C3,1,3.4601,3.4601,both,0.0,True
mimic,Lactate,C3,2,3.1218,3.1218,both,0.0,True
mimic,Lactate,C3,3,2.5692,2.5692,both,0.0,True
mimic,Lactate,C3,4,2.25,2.25,both,0.0,True
mimic,Lactate,C3,5,1.9624,1.9624,both,0.0,True
mimic,Lactate,C3,6,1.8786,1.8786,both,0.0,True
mimic,Lactate,C3,7,2.0006,2.0006,both,0.0,True
mimic,MBP,C1,-1,75.0636,75.0636,both,0.0,True
mimic,MBP,C1,1,74.5288,74.5288,both,0.0,True
mimic,MBP,C1,2,76.267,76.267,both,0.0,True
mimic,MBP,C1,3,77.5422,77.5422,both,0.0,True
mimic,MBP,C1,4,78.7572,78.7572,both,0.0,True
mimic,MBP,C1,5,78.7553,78.7553,both,0.0,True
mimic,MBP,C1,6,78.7101,78.7101,both,0.0,True
mimic,MBP,C1,7,78.1085,78.1085,both,0.0,True
mimic,MBP,C2,-1,76.8886,76.8886,both,0.0,True
mimic,MBP,C2,1,76.6397,76.6397,both,0.0,True
mimic,MBP,C2,2,78.961,78.961,both,0.0,True
mimic,MBP,C2,3,80.8424,80.8424,both,0.0,True
mimic,MBP,C2,4,81.5332,81.5332,both,0.0,True
mimic,MBP,C2,5,82.166,82.166,both,0.0,True
mimic,MBP,C2,6,82.0631,82.0631,both,0.0,True
mimic,MBP,C2,7,81.4747,81.4747,both,0.0,True
mimic,MBP,C3,-1,75.3348,75.3348,both,0.0,True
mimic,MBP,C3,1,73.543,73.543,both,0.0,True
mimic,MBP,C3,2,74.0079,74.0079,both,0.0,True
mimic,MBP,C3,3,74.4022,74.4022,both,0.0,True
mimic,MBP,C3,4,76.1654,76.1654,both,0.0,True
mimic,MBP,C3,5,76.9634,76.9634,both,0.0,True
mimic,MBP,C3,6,76.8686,76.8686,both,0.0,True
mimic,MBP,C3,7,77.4025,77.4025,both,0.0,True
mimic,PT,C1,-1,17.1614,17.1614,both,0.0,True
mimic,PT,C1,1,17.0645,17.0645,both,0.0,True
mimic,PT,C1,2,16.9917,16.9917,both,0.0,True
mimic,PT,C1,3,16.709,16.709,both,0.0,True
mimic,PT,C1,4,16.6387,16.6387,both,0.0,True
mimic,PT,C1,5,16.4749,16.4749,both,0.0,True
mimic,PT,C1,6,16.101,16.101,both,0.0,True
mimic,PT,C1,7,16.064,16.064,both,0.0,True
mimic,PT,C2,-1,15.7026,15.7026,both,0.0,True
mimic,PT,C2,1,15.4143,15.4143,both,0.0,True
mimic,PT,C2,2,15.2063,15.2063,both,0.0,True
mimic,PT,C2,3,14.7539,14.7539,both,0.0,True
mimic,PT,C2,4,14.6616,14.6616,both,0.0,True
mimic,PT,C2,5,14.6861,14.6861,both,0.0,True
mimic,PT,C2,6,14.5361,14.5361,both,0.0,True
mimic,PT,C2,7,14.6935,14.6935,both,0.0,True
mimic,PT,C3,-1,19.3108,19.3108,both,0.0,True
mimic,PT,C3,1,19.4189,19.4189,both,0.0,True
mimic,PT,C3,2,19.5896,19.5896,both,0.0,True
mimic,PT,C3,3,18.7747,18.7747,both,0.0,True
mimic,PT,C3,4,19.2495,19.2495,both,0.0,True
mimic,PT,C3,5,18.7921,18.7921,both,0.0,True
mimic,PT,C3,6,18.7187,18.7187,both,0.0,True
mimic,PT,C3,7,18.4664,18.4664,both,0.0,True
mimic,PTT,C1,-1,39.3581,39.3581,both,0.0,True
mimic,PTT,C1,1,38.8237,38.8237,both,0.0,True
mimic,PTT,C1,2,38.4742,38.4742,both,0.0,True
mimic,PTT,C1,3,38.595,38.595,both,0.0,True
mimic,PTT,C1,4,38.4587,38.4587,both,0.0,True
mimic,PTT,C1,5,38.6867,38.6867,both,0.0,True
mimic,PTT,C1,6,38.5535,38.5535,both,0.0,True
mimic,PTT,C1,7,38.7652,38.7652,both,0.0,True
mimic,PTT,C2,-1,36.9521,36.9521,both,0.0,True
mimic,PTT,C2,1,35.7971,35.7971,both,0.0,True
mimic,PTT,C2,2,35.4169,35.4169,both,0.0,True
mimic,PTT,C2,3,35.5602,35.5602,both,0.0,True
mimic,PTT,C2,4,35.5122,35.5122,both,0.0,True
mimic,PTT,C2,5,35.9756,35.9756,both,0.0,True
mimic,PTT,C2,6,36.3881,36.3881,both,0.0,True
mimic,PTT,C2,7,36.2635,36.2635,both,0.0,True
mimic,PTT,C3,-1,43.8687,43.8687,both,0.0,True
mimic,PTT,C3,1,43.5279,43.5279,both,0.0,True
mimic,PTT,C3,2,43.6856,43.6856,both,0.0,True
mimic,PTT,C3,3,44.7672,44.7672,both,0.0,True
mimic,PTT,C3,4,45.1343,45.1343,both,0.0,True
mimic,PTT,C3,5,44.2811,44.2811,both,0.0,True
mimic,PTT,C3,6,45.1968,45.1968,both,0.0,True
mimic,PTT,C3,7,42.9087,42.9087,both,0.0,True
mimic,Pco2,C1,-1,42.4809,42.4809,both,0.0,True
mimic,Pco2,C1,1,41.543,41.543,both,0.0,True
mimic,Pco2,C1,2,41.7417,41.7417,both,0.0,True
mimic,Pco2,C1,3,42.1194,42.1194,both,0.0,True
mimic,Pco2,C1,4,42.4555,42.4555,both,0.0,True
mimic,Pco2,C1,5,42.5996,42.5996,both,0.0,True
mimic,Pco2,C1,6,42.9597,42.9597,both,0.0,True
mimic,Pco2,C1,7,43.2556,43.2556,both,0.0,True
mimic,Pco2,C2,-1,42.0606,42.0606,both,0.0,True
mimic,Pco2,C2,1,41.4032,41.4032,both,0.0,True
mimic,Pco2,C2,2,41.7744,41.7744,both,0.0,True
mimic,Pco2,C2,3,42.0912,42.0912,both,0.0,True
mimic,Pco2,C2,4,42.6297,42.6297,both,0.0,True
mimic,Pco2,C2,5,42.8798,42.8798,both,0.0,True
mimic,Pco2,C2,6,43.4038,43.4038,both,0.0,True
mimic,Pco2,C2,7,43.6354,43.6354,both,0.0,True
mimic,Pco2,C3,-1,42.1931,42.1931,both,0.0,True
mimic,Pco2,C3,1,41.0363,41.0363,both,0.0,True
mimic,Pco2,C3,2,40.4138,40.4138,both,0.0,True
mimic,Pco2,C3,3,40.9147,40.9147,both,0.0,True
mimic,Pco2,C3,4,40.3134,40.3134,both,0.0,True
mimic,Pco2,C3,5,40.1963,40.1963,both,0.0,True
mimic,Pco2,C3,6,40.0293,40.0293,both,0.0,True
mimic,Pco2,C3,7,40.3718,40.3718,both,0.0,True
mimic,Platelets,C1,-1,182.2652,182.2652,both,0.0,True
mimic,Platelets,C1,1,174.3649,174.3649,both,0.0,True
mimic,Platelets,C1,2,163.8435,163.8435,both,0.0,True
mimic,Platelets,C1,3,164.5852,164.5852,both,0.0,True
mimic,Platelets,C1,4,170.2336,170.2336,both,0.0,True
mimic,Platelets,C1,5,179.6837,179.6837,both,0.0,True
mimic,Platelets,C1,6,188.205,188.205,both,0.0,True
mimic,Platelets,C1,7,200.1785,200.1785,both,0.0,True
mimic,Platelets,C2,-1,197.1754,197.1754,both,0.0,True
mimic,Platelets,C2,1,188.3782,188.3782,both,0.0,True
mimic,Platelets,C2,2,180.9565,180.9565,both,0.0,True
mimic,Platelets,C2,3,189.0022,189.0022,both,0.0,True
mimic,Platelets,C2,4,205.3438,205.3438,both,0.0,True
mimic,Platelets,C2,5,221.9138,221.9138,both,0.0,True
mimic,Platelets,C2,6,240.2434,240.2434,both,0.0,True
mimic,Platelets,C2,7,262.0238,262.0238,both,0.0,True
mimic,Platelets,C3,-1,186.5918,186.5918,both,0.0,True
mimic,Platelets,C3,1,172.7732,172.7732,both,0.0,True
mimic,Platelets,C3,2,153.6918,153.6918,both,0.0,True
mimic,Platelets,C3,3,143.991,143.991,both,0.0,True
mimic,Platelets,C3,4,141.3331,141.3331,both,0.0,True
mimic,Platelets,C3,5,141.8632,141.8632,both,0.0,True
mimic,Platelets,C3,6,147.0273,147.0273,both,0.0,True
mimic,Platelets,C3,7,153.9138,153.9138,both,0.0,True
mimic,Po2,C1,-1,117.794,117.794,both,0.0,True
mimic,Po2,C1,1,103.4955,103.4955,both,0.0,True
mimic,Po2,C1,2,100.3148,100.3148,both,0.0,True
mimic,Po2,C1,3,99.2987,99.2987,both,0.0,True
mimic,Po2,C1,4,97.9886,97.9886,both,0.0,True
mimic,Po2,C1,5,95.9728,95.9728,both,0.0,True
mimic,Po2,C1,6,97.1578,97.1578,both,0.0,True
mimic,Po2,C1,7,96.6086,96.6086,both,0.0,True
mimic,Po2,C2,-1,126.3722,126.3722,both,0.0,True
mimic,Po2,C2,1,111.336,111.336,both,0.0,True
mimic,Po2,C2,2,106.2186,106.2186,both,0.0,True
mimic,Po2,C2,3,103.3958,103.3958,both,0.0,True
mimic,Po2,C2,4,101.7892,101.7892,both,0.0,True
mimic,Po2,C2,5,99.3355,99.3355,both,0.0,True
mimic,Po2,C2,6,99.2241,99.2241,both,0.0,True
mimic,Po2,C2,7,97.7943,97.7943,both,0.0,True
mimic,Po2,C3,-1,120.442,120.442,both,0.0,True
mimic,Po2,C3,1,101.0216,101.0216,both,0.0,True
mimic,Po2,C3,2,99.6417,99.6417,both,0.0,True
mimic,Po2,C3,3,95.5701,95.5701,both,0.0,True
mimic,Po2,C3,4,93.9303,93.9303,both,0.0,True
mimic,Po2,C3,5,93.0589,93.0589,both,0.0,True
mimic,Po2,C3,6,92.6265,92.6265,both,0.0,True
mimic,Po2,C3,7,95.007,95.007,both,0.0,True
mimic,Potassium,C1,-1,4.2068,4.2068,both,0.0,True
mimic,Potassium,C1,1,4.2084,4.2084,both,0.0,True
mimic,Potassium,C1,2,4.1218,4.1218,both,0.0,True
mimic,Potassium,C1,3,4.0368,4.0368,both,0.0,True
mimic,Potassium,C1,4,3.9935,3.9935,both,0.0,True
mimic,Potassium,C1,5,3.9782,3.9782,both,0.0,True
mimic,Potassium,C1,6,3.9598,3.9598,both,0.0,True
mimic,Potassium,C1,7,4.0139,4.0139,both,0.0,True
mimic,Potassium,C2,-1,4.0905,4.0905,both,0.0,True
mimic,Potassium,C2,1,4.0652,4.0652,both,0.0,True
mimic,Potassium,C2,2,3.9733,3.9733,both,0.0,True
mimic,Potassium,C2,3,3.9057,3.9057,both,0.0,True
mimic,Potassium,C2,4,3.869,3.869,both,0.0,True
mimic,Potassium,C2,5,3.8837,3.8837,both,0.0,True
mimic,Potassium,C2,6,3.9004,3.9004,both,0.0,True
mimic,Potassium,C2,7,3.937,3.937,both,0.0,True
mimic,Potassium,C3,-1,4.1347,4.1347,both,0.0,True
mimic,Potassium,C3,1,4.292,4.292,both,0.0,True
mimic,Potassium,C3,2,4.3579,4.3579,both,0.0,True
mimic,Potassium,C3,3,4.2784,4.2784,both,0.0,True
mimic,Potassium,C3,4,4.2458,4.2458,both,0.0,True
mimic,Potassium,C3,5,4.2329,4.2329,both,0.0,True
mimic,Potassium,C3,6,4.2032,4.2032,both,0.0,True
mimic,Potassium,C3,7,4.212,4.212,both,0.0,True
mimic,Respiratory Rate,C1,-1,20.6406,20.6406,both,0.0,True
mimic,Respiratory Rate,C1,1,20.5647,20.5647,both,0.0,True
mimic,Respiratory Rate,C1,2,20.6169,20.6169,both,0.0,True
mimic,Respiratory Rate,C1,3,20.8332,20.8332,both,0.0,True
mimic,Respiratory Rate,C1,4,20.9871,20.9871,both,0.0,True
mimic,Respiratory Rate,C1,5,21.2161,21.2161,both,0.0,True
mimic,Respiratory Rate,C1,6,21.3547,21.3547,both,0.0,True
mimic,Respiratory Rate,C1,7,21.6897,21.6897,both,0.0,True
mimic,Respiratory Rate,C2,-1,19.3327,19.3327,both,0.0,True
mimic,Respiratory Rate,C2,1,19.4901,19.4901,both,0.0,True
mimic,Respiratory Rate,C2,2,19.7854,19.7854,both,0.0,True
mimic,Respiratory Rate,C2,3,20.0171,20.0171,both,0.0,True
mimic,Respiratory Rate,C2,4,20.2629,20.2629,both,0.0,True
mimic,Respiratory Rate,C2,5,20.721,20.721,both,0.0,True
mimic,Respiratory Rate,C2,6,20.896,20.896,both,0.0,True
mimic,Respiratory Rate,C2,7,21.0318,21.0318,both,0.0,True
mimic,Respiratory Rate,C3,-1,21.2198,21.2198,both,0.0,True
mimic,Respiratory Rate,C3,1,21.6418,21.6418,both,0.0,True
mimic,Respiratory Rate,C3,2,21.5279,21.5279,both,0.0,True
mimic,Respiratory Rate,C3,3,21.6106,21.6106,both,0.0,True
mimic,Respiratory Rate,C3,4,21.719,21.719,both,0.0,True
mimic,Respiratory Rate,C3,5,21.8846,21.8846,both,0.0,True
mimic,Respiratory Rate,C3,6,22.4074,22.4074,both,0.0,True
mimic,Respiratory Rate,C3,7,22.7627,22.7627,both,0.0,True
mimic,SBP,C1,-1,113.3463,113.3463,both,0.0,True
mimic,SBP,C1,1,113.5653,113.5653,both,0.0,True
mimic,SBP,C1,2,116.458,116.458,both,0.0,True
mimic,SBP,C1,3,118.1304,118.1304,both,0.0,True
mimic,SBP,C1,4,120.0956,120.0956,both,0.0,True
mimic,SBP,C1,5,120.678,120.678,both,0.0,True
mimic,SBP,C1,6,120.8789,120.8789,both,0.0,True
mimic,SBP,C1,7,120.6389,120.6389,both,0.0,True
mimic,SBP,C2,-1,114.6886,114.6886,both,0.0,True
mimic,SBP,C2,1,116.0236,116.0236,both,0.0,True
mimic,SBP,C2,2,120.011,120.011,both,0.0,True
mimic,SBP,C2,3,122.6194,122.6194,both,0.0,True
mimic,SBP,C2,4,123.9968,123.9968,both,0.0,True
mimic,SBP,C2,5,125.0999,125.0999,both,0.0,True
mimic,SBP,C2,6,124.7245,124.7245,both,0.0,True
mimic,SBP,C2,7,124.0586,124.0586,both,0.0,True
mimic,SBP,C3,-1,112.2561,112.2561,both,0.0,True
mimic,SBP,C3,1,109.5051,109.5051,both,0.0,True
mimic,SBP,C3,2,110.0111,110.0111,both,0.0,True
mimic,SBP,C3,3,111.1664,111.1664,both,0.0,True
mimic,SBP,C3,4,114.0937,114.0937,both,0.0,True
mimic,SBP,C3,5,115.4189,115.4189,both,0.0,True
mimic,SBP,C3,6,116.7107,116.7107,both,0.0,True
mimic,SBP,C3,7,117.6428,117.6428,both,0.0,True
mimic,Scr/bScr,C1,-1,1.0809,1.0809,both,0.0,True
mimic,Scr/bScr,C1,1,1.271,1.271,both,0.0,True
mimic,Scr/bScr,C1,2,1.3379,1.3379,both,0.0,True
mimic,Scr/bScr,C1,3,1.3409,1.3409,both,0.0,True
mimic,Scr/bScr,C1,4,1.3395,1.3395,both,0.0,True
mimic,Scr/bScr,C1,5,1.3159,1.3159,both,0.0,True
mimic,Scr/bScr,C1,6,1.3141,1.3141,both,0.0,True
mimic,Scr/bScr,C1,7,1.3312,1.3312,both,0.0,True
mimic,Scr/bScr,C2,-1,1.0228,1.0228,both,0.0,True
mimic,Scr/bScr,C2,1,1.0196,1.0196,both,0.0,True
mimic,Scr/bScr,C2,2,0.988,0.988,both,0.0,True
mimic,Scr/bScr,C2,3,0.9455,0.9455,both,0.0,True
mimic,Scr/bScr,C2,4,0.9187,0.9187,both,0.0,True
mimic,Scr/bScr,C2,5,0.9058,0.9058,both,0.0,True
mimic,Scr/bScr,C2,6,0.9011,0.9011,both,0.0,True
mimic,Scr/bScr,C2,7,0.9119,0.9119,both,0.0,True
mimic,Scr/bScr,C3,-1,1.1382,1.1382,both,0.0,True
mimic,Scr/bScr,C3,1,1.6597,1.6597,both,0.0,True
mimic,Scr/bScr,C3,2,2.2935,2.2935,both,0.0,True
mimic,Scr/bScr,C3,3,2.8047,2.8047,both,0.0,True
mimic,Scr/bScr,C3,4,3.2509,3.2509,both,0.0,True
mimic,Scr/bScr,C3,5,3.5176,3.5176,both,0.0,True
mimic,Scr/bScr,C3,6,3.6011,3.6011,both,0.0,True
mimic,Scr/bScr,C3,7,3.493,3.493,both,0.0,True
mimic,Sodium,C1,-1,139.0036,139.0036,both,0.0,True
mimic,Sodium,C1,1,138.9534,138.9534,both,0.0,True
mimic,Sodium,C1,2,138.9744,138.9744,both,0.0,True
mimic,Sodium,C1,3,139.6097,139.6097,both,0.0,True
mimic,Sodium,C1,4,140.5312,140.5312,both,0.0,True
mimic,Sodium,C1,5,141.3052,141.3052,both,0.0,True
mimic,Sodium,C1,6,141.765,141.765,both,0.0,True
mimic,Sodium,C1,7,142.1387,142.1387,both,0.0,True
mimic,Sodium,C2,-1,138.68,138.68,both,0.0,True
mimic,Sodium,C2,1,138.6127,138.6127,both,0.0,True
mimic,Sodium,C2,2,138.7134,138.7134,both,0.0,True
mimic,Sodium,C2,3,139.3806,139.3806,both,0.0,True
mimic,Sodium,C2,4,140.1615,140.1615,both,0.0,True
mimic,Sodium,C2,5,140.5365,140.5365,both,0.0,True
mimic,Sodium,C2,6,140.5727,140.5727,both,0.0,True
mimic,Sodium,C2,7,140.577,140.577,both,0.0,True
mimic,Sodium,C3,-1,138.2155,138.2155,both,0.0,True
mimic,Sodium,C3,1,137.6195,137.6195,both,0.0,True
mimic,Sodium,C3,2,137.4265,137.4265,both,0.0,True
mimic,Sodium,C3,3,137.2753,137.2753,both,0.0,True
mimic,Sodium,C3,4,137.3372,137.3372,both,0.0,True
mimic,Sodium,C3,5,138.2396,138.2396,both,0.0,True
mimic,Sodium,C3,6,138.7681,138.7681,both,0.0,True
mimic,Sodium,C3,7,139.5011,139.5011,both,0.0,True
mimic,Spo2,C1,-1,96.7068,96.7068,both,0.0,True
mimic,Spo2,C1,1,96.4994,96.4994,both,0.0,True
mimic,Spo2,C1,2,96.3344,96.3344,both,0.0,True
mimic,Spo2,C1,3,96.2891,96.2891,both,0.0,True
mimic,Spo2,C1,4,96.1659,96.1659,both,0.0,True
mimic,Spo2,C1,5,96.1962,96.1962,both,0.0,True
mimic,Spo2,C1,6,96.174,96.174,both,0.0,True
mimic,Spo2,C1,7,96.1536,96.1536,both,0.0,True
mimic,Spo2,C2,-1,97.2623,97.2623,both,0.0,True
mimic,Spo2,C2,1,96.756,96.756,both,0.0,True
mimic,Spo2,C2,2,96.4721,96.4721,both,0.0,True
mimic,Spo2,C2,3,96.4953,96.4953,both,0.0,True
mimic,Spo2,C2,4,96.4443,96.4443,both,0.0,True
mimic,Spo2,C2,5,96.3979,96.3979,both,0.0,True
mimic,Spo2,C2,6,96.4018,96.4018,both,0.0,True
mimic,Spo2,C2,7,96.4942,96.4942,both,0.0,True
mimic,Spo2,C3,-1,96.5446,96.5446,both,0.0,True
mimic,Spo2,C3,1,96.0031,96.0031,both,0.0,True
mimic,Spo2,C3,2,95.5089,95.5089,both,0.0,True
mimic,Spo2,C3,3,95.5174,95.5174,both,0.0,True
mimic,Spo2,C3,4,95.2952,95.2952,both,0.0,True
mimic,Spo2,C3,5,95.9039,95.9039,both,0.0,True
mimic,Spo2,C3,6,96.0855,96.0855,both,0.0,True
mimic,Spo2,C3,7,95.9374,95.9374,both,0.0,True
mimic,Temperature,C1,-1,36.9138,36.9138,both,0.0,True
mimic,Temperature,C1,1,36.9729,36.9729,both,0.0,True
mimic,Temperature,C1,2,36.9658,36.9658,both,0.0,True
mimic,Temperature,C1,3,36.9759,36.9759,both,0.0,True
mimic,Temperature,C1,4,37.0179,37.0179,both,0.0,True
mimic,Temperature,C1,5,37.0557,37.0557,both,0.0,True
mimic,Temperature,C1,6,37.0689,37.0689,both,0.0,True
mimic,Temperature,C1,7,37.1086,37.1086,both,0.0,True
mimic,Temperature,C2,-1,36.9536,36.9536,both,0.0,True
mimic,Temperature,C2,1,37.0105,37.0105,both,0.0,True
mimic,Temperature,C2,2,37.0093,37.0093,both,0.0,True
mimic,Temperature,C2,3,37.039,37.039,both,0.0,True
mimic,Temperature,C2,4,37.076,37.076,both,0.0,True
mimic,Temperature,C2,5,37.153,37.153,both,0.0,True
mimic,Temperature,C2,6,37.1832,37.1832,both,0.0,True
mimic,Temperature,C2,7,37.2053,37.2053,both,0.0,True
mimic,Temperature,C3,-1,36.7749,36.7749,both,0.0,True
mimic,Temperature,C3,1,36.8934,36.8934,both,0.0,True
mimic,Temperature,C3,2,36.9355,36.9355,both,0.0,True
mimic,Temperature,C3,3,36.9739,36.9739,both,0.0,True
mimic,Temperature,C3,4,36.9266,36.9266,both,0.0,True
mimic,Temperature,C3,5,36.9634,36.9634,both,0.0,True
mimic,Temperature,C3,6,36.9783,36.9783,both,0.0,True
mimic,Temperature,C3,7,36.9874,36.9874,both,0.0,True
mimic,Urine Output,C1,-1,102.8786,102.8786,both,0.0,True
mimic,Urine Output,C1,1,90.6433,90.6433,both,0.0,True
mimic,Urine Output,C1,2,110.8216,110.8216,both,0.0,True
mimic,Urine Output,C1,3,124.1166,124.1166,both,0.0,True
mimic,Urine Output,C1,4,132.8698,132.8698,both,0.0,True
mimic,Urine Output,C1,5,134.4047,134.4047,both,0.0,True
mimic,Urine Output,C1,6,135.8336,135.8336,both,0.0,True
mimic,Urine Output,C1,7,136.7267,136.7267,both,0.0,True
mimic,Urine Output,C2,-1,88.964,88.964,both,0.0,True
mimic,Urine Output,C2,1,81.3653,81.3653,both,0.0,True
mimic,Urine Output,C2,2,115.3827,115.3827,both,0.0,True
mimic,Urine Output,C2,3,133.8027,133.8027,both,0.0,True
mimic,Urine Output,C2,4,142.572,142.572,both,0.0,True
mimic,Urine Output,C2,5,145.9051,145.9051,both,0.0,True
mimic,Urine Output,C2,6,146.8276,146.8276,both,0.0,True
mimic,Urine Output,C2,7,147.1499,147.1499,both,0.0,True
mimic,Urine Output,C3,-1,99.6597,99.6597,both,0.0,True
mimic,Urine Output,C3,1,63.1948,63.1948,both,0.0,True
mimic,Urine Output,C3,2,66.8776,66.8776,both,0.0,True
mimic,Urine Output,C3,3,73.4696,73.4696,both,0.0,True
mimic,Urine Output,C3,4,69.6129,69.6129,both,0.0,True
mimic,Urine Output,C3,5,70.1826,70.1826,both,0.0,True
mimic,Urine Output,C3,6,74.6198,74.6198,both,0.0,True
mimic,Urine Output,C3,7,76.2122,76.2122,both,0.0,True
mimic,WBC,C1,-1,13.3669,13.3669,both,0.0,True
mimic,WBC,C1,1,13.7912,13.7912,both,0.0,True
mimic,WBC,C1,2,13.1742,13.1742,both,0.0,True
mimic,WBC,C1,3,12.7314,12.7314,both,0.0,True
mimic,WBC,C1,4,12.5249,12.5249,both,0.0,True
mimic,WBC,C1,5,12.6523,12.6523,both,0.0,True
mimic,WBC,C1,6,12.6263,12.6263,both,0.0,True
mimic,WBC,C1,7,13.1022,13.1022,both,0.0,True
mimic,WBC,C2,-1,12.7121,12.7121,both,0.0,True
mimic,WBC,C2,1,12.1379,12.1379,both,0.0,True
mimic,WBC,C2,2,11.3634,11.3634,both,0.0,True
mimic,WBC,C2,3,10.705,10.705,both,0.0,True
mimic,WBC,C2,4,10.3592,10.3592,both,0.0,True
mimic,WBC,C2,5,10.5536,10.5536,both,0.0,True
mimic,WBC,C2,6,11.1056,11.1056,both,0.0,True
mimic,WBC,C2,7,11.7492,11.7492,both,0.0,True
mimic,WBC,C3,-1,13.981,13.981,both,0.0,True
mimic,WBC,C3,1,15.1735,15.1735,both,0.0,True
mimic,WBC,C3,2,15.2651,15.2651,both,0.0,True
mimic,WBC,C3,3,15.0717,15.0717,both,0.0,True
mimic,WBC,C3,4,14.4901,14.4901,both,0.0,True
mimic,WBC,C3,5,14.4438,14.4438,both,0.0,True
mimic,WBC,C3,6,15.2622,15.2622,both,0.0,True
mimic,WBC,C3,7,16.6595,16.6595,both,0.0,True
mimic,pH,C1,-1,7.3787,7.3787,both,0.0,True
mimic,pH,C1,1,7.3842,7.3842,both,0.0,True
mimic,pH,C1,2,7.3917,7.3917,both,0.0,True
mimic,pH,C1,3,7.3998,7.3998,both,0.0,True
mimic,pH,C1,4,7.4097,7.4097,both,0.0,True
mimic,pH,C1,5,7.4176,7.4176,both,0.0,True
mimic,pH,C1,6,7.4235,7.4235,both,0.0,True
mimic,pH,C1,7,7.4264,7.4264,both,0.0,True
mimic,pH,C2,-1,7.3877,7.3877,both,0.0,True
mimic,pH,C2,1,7.3951,7.3951,both,0.0,True
mimic,pH,C2,2,7.4016,7.4016,both,0.0,True
mimic,pH,C2,3,7.41,7.41,both,0.0,True
mimic,pH,C2,4,7.4187,7.4187,both,0.0,True
mimic,pH,C2,5,7.4275,7.4275,both,0.0,True
mimic,pH,C2,6,7.4346,7.4346,both,0.0,True
mimic,pH,C2,7,7.4389,7.4389,both,0.0,True
mimic,pH,C3,-1,7.3484,7.3484,both,0.0,True
mimic,pH,C3,1,7.3402,7.3402,both,0.0,True
mimic,pH,C3,2,7.3384,7.3384,both,0.0,True
mimic,pH,C3,3,7.3416,7.3416,both,0.0,True
mimic,pH,C3,4,7.3483,7.3483,both,0.0,True
mimic,pH,C3,5,7.3571,7.3571,both,0.0,True
mimic,pH,C3,6,7.3621,7.3621,both,0.0,True
mimic,pH,C3,7,7.3657,7.3657,both,0.0,True
