pmid,year,title,authors,journal,doi,publication_types,language,abstract,pubmed_url
42569970,2026,"How I Teach ICU Triage: A Three-Column Framework for Premorbid, Morbid, and Postmorbid Assessment.",Teng A; Tan YH,ATS scholar,10.1093/atsscholar/aapag048,Journal Article,eng,"Intensive care unit (ICU) triage is a cognitively complex and emotionally charged task that challenges clinicians across training levels. Although trainees may recognise prognostic factors and ethical principles, many lack a coherent structure to integrate these elements into a defensible real-time assessment. We describe a three-domain triage framework - Premorbid, Morbid, and Postmorbid - designed to support structured reasoning during ICU triage, particularly for on-call senior residents and clinicians who do not practice critical care routinely. The framework is taught through case-based discussions embedded in routine clinical care within a high-volume medical ICU at a large tertiary hospital. The Premorbid domain considers baseline physiologic reserve, including functional status, prolonged hospitalization, nutritional state, and irreversible comorbidities. The Morbid domain focuses on the present illness, emphasizing etiologic diagnosis and recoverability, and the burden of ICU syndromes such as shock, respiratory failure, and acute kidney injury. The Postmorbid domain guides learners to translate these assessments into a set of realistic outcome trajectories, supporting clearer prognostication and communication. By providing a shared language for discussions among senior residents, intensivists, and referring teams, the framework offers a practical cognitive scaffold for organizing complex information under pressure. Rather than eliminating uncertainty, the Premorbid-Morbid-Postmorbid framework provides trainees with a reproducible method to reason through uncertainty, communicate transparently and approach ICU triage with greater clarity and confidence.",https://pubmed.ncbi.nlm.nih.gov/42569970/
42565116,2026,Use of [TIMP-2] • [IGFBP7] to identify sepsis-related acute kidney injury in the emergency department.,Cisteró B; Monforte V; Navas A; Tomasa-Irriguible TM; Camprubí-Rimblas M; Areny-Balagueró A; Campaña-Duel E; Martin I; Tomas A; Miñarro I; Vila M; Cuevas M; Teles T; Savone M; Stable C; Salom P; Guijarro C; Tajan J; Goma G; Diaz E; Blanch L; Gene E; Ostermann M; Kellum JA; Honore PM; Artigas A; Ceccato A,Annals of intensive care,10.1016/j.aicoj.2026.100119,Journal Article,eng,"Acute kidney injury (AKI) is a common and harmful syndrome associated with sepsis. It is difficult to predict and has an adverse impact on both short- and long-term prognosis. Two urinary biomarkers, tissue inhibitor of metalloproteinases-2 (TIMP-2), and insulin-like growth factor-binding protein 7 (IGFBP7) have been validated for predicting moderate and severe AKI and improving the recognition of organ failure in critically ill patients with sepsis. We aimed to evaluate the performance of these markers for predicting sepsis-related AKI and its evolution in a cohort of patients admitted to the Emergency Department with infectious disease and high risk of sepsis. This single-centre, prospective, observational study included adult patients presenting to the Emergency Department (ED) with suspected infection. Patients were included in the study if they had a National Early Warning Score 2 (NEWS 2) of 3 or higher. Three blood samples were drawn during the first 24 h, and we defined AKI according to the Kidney Disease: Improving Global Outcomes (KDIGO) definition. The first urine sample during ED stay was collected for urinary [TIMP-2]•[ IGFBP7] determination. Higher admission levels of urinary [TIMP-2]•[IGFBP7] were associated with the development of AKI moderate-severe within 24 h (adjusted Odds Ratio 1.24; 95% Confidence Interval 1.07-1.43; p < 0.01). The biomarker showed only modest overall discrimination (AUC 0.67). Still, predefined cut-offs revealed complementary diagnostic roles: low values (<0.3) may help exclude AKI with a negative predictive value of 0.86, whereas the highest values (>2.0) increase its likelihood. Creatinine trajectories and inflammatory profiles were largely similar across groups, except for elevations in IL-10 and IL-1RN in high-risk patients. In conclusion, urinary [TIMP-2]•[IGFBP7] measured on presentation to the ED had only moderate discrimination for sepsis-associated AKI. However, values (<0.3 units) could help to rule out the risk of developing AKI, while values >2.0 indicated high risk.",https://pubmed.ncbi.nlm.nih.gov/42565116/
42552846,2026,The Landscape of Biomarkers in ICU-Associated AKI: From Protein Markers to Cell-Free Nucleic Acids.,Zhu Q; Yang F; Zheng H; Guo X; Chen Z; Chen L; Wang D; Wang J; Wang X; Huang Z; Ji Z,Journal of clinical laboratory analysis,10.1002/jcla.70311,Journal Article; Review,eng,"Acute kidney injury (AKI) affects approximately 30%-60% of intensive care unit (ICU) admissions, but early detection remains difficult because creatinine- and urine-output-based KDIGO criteria are delayed and confounded in critical illness. To summarize the biomarker landscape for ICU-associated AKI, focusing on kidney-targeted injury/stress proteins and circulating cell-free DNA (cfDNA), including mitochondrial DNA (mtDNA). PubMed/MEDLINE and Embase were searched from inception to December 31, 2025, using terms related to AKI, critical illness, NGAL, KIM-1, IL-18, L-FABP, [TIMP-2]·[IGFBP7], cfDNA, mtDNA, and damage-associated molecular patterns. Adult ICU studies reporting diagnostic performance, risk stratification, or clinically relevant outcomes were prioritized, especially in sepsis, cardiac surgery, shock, and trauma. NGAL, KIM-1, IL-18, L-FABP, and [TIMP-2]·[IGFBP7] often rise before creatinine or urine-output changes, providing early kidney-proximal signals of tubular injury or stress. cfDNA/mtDNA instead reflects systemic cell death, mitochondrial damage, and innate immune activation, capturing multi-organ injury and adding prognostic information beyond clinical scores and creatinine. Across ICU phenotypes, combining clinical risk, an early kidney-targeted marker, and cfDNA/mtDNA may improve identification of patients at risk for severe AKI, renal replacement therapy, and death. Multimarker strategies may widen the diagnostic window and sharpen prognostication in ICU-associated AKI. Routine implementation will require standardized pre-analytical handling, assay harmonization, biomarker-guided pragmatic trials, and trajectory-based decision tools that demonstrate clinical benefit.",https://pubmed.ncbi.nlm.nih.gov/42552846/
42537430,2026,Safety and outcomes of dapagliflozin initiation in critically ill patients with acute kidney injury: A post-hoc analysis of the defender trial.,Zampieri FG; Bagshaw SM; Batista MC; Favaro L; Rea-Neto Á; Campos NS; Amendola CP; Kozesinski-Nakatani AC; David-João PG; Lobo SM; Filiponi TC; Almeida GMB; Bergo RR; Guimarães-Júnior MRR; Figueiredo RC; Pereira AJ; Corrêa TD; Serpa-Neto A; Berwanger O; Azevedo LCP; Tavares CAM,Journal of critical care,10.1016/j.jcrc.2026.155701,Journal Article,eng,"SGLT2 inhibitor use in acute kidney injury (AKI) is controversial due to concerns about hemodynamic instability. We evaluated dapagliflozin initiation in critically ill patients with AKI enrolled in the DEFENDER trial. Among 212 patients with AKI at enrollment (100 dapagliflozin, 112 control), we compared 28-day mortality, kidney replacement therapy (KRT), and composite death/KRT. Adjusted risk differences were estimated controlling for age, sepsis, baseline vasopressor use, and creatinine. Physiological trajectories (creatinine, urine output, fluid balance, acid-base parameters) over days 1-5 were analyzed using mixed models. Likelihood ratios quantified compatibility with clinically meaningful harm or benefit. Event rates were similar: 28-day mortality 38% vs 40%, KRT 12% vs 18%, composite 41% vs 42% (dapagliflozin vs control). Adjusted risk differences were - 1.9% (95% CI -14.5 to 10.7) for death, -7.4% (-16.2 to 1.5) for KRT, and - 0.9% (-13.6 to 11.8) for the composite. Physiological trajectories showed no divergence suggestive of hemodynamic or metabolic instability. Likelihood ratios provided limited separation: at 5% absolute effect threshold, LR against harm was 1.47 and against benefit 1.19. Dapagliflozin initiation in critically ill patients with AKI was not associated with excess mortality, KRT, or physiological derangement. The near-neutral evidential profile indicates neither moderate harm nor benefit can be excluded, supporting feasibility of dedicated trials of SGLT2 inhibitors in AKI.",https://pubmed.ncbi.nlm.nih.gov/42537430/
42513240,2026,Artificial Intelligence for Perioperative Risk Prediction and Prevention in Cardiac Surgery: A Narrative Review and Proposed Conceptual Framework.,Magouliotis DE; Sicouri S; Androutsopoulou V; Bekiaridou A; Baudo M; Athanasiou T; Xanthopoulos A; Prendergast GC; Ramlawi B,Journal of clinical medicine,10.3390/jcm15145325,Journal Article; Review,eng,"Cardiac surgery remains a high-risk, resource-intensive domain in which perioperative complications significantly influence clinical outcomes, institutional performance, and healthcare expenditure. Despite advances in technique and protocol standardization, contemporary perioperative management largely relies on static risk stratification and reactive quality assessment. This narrative review synthesizes the current evidence on artificial intelligence (AI) and machine learning for perioperative risk prediction in cardiac surgery, spanning acute kidney injury, mortality, prolonged mechanical ventilation, postoperative atrial fibrillation, and intensive care unit deterioration, and critically appraises the methodological limitations, validation gaps, and fairness concerns that constrain clinical translation. Across these applications, predictive models have demonstrated incremental discrimination over conventional risk scores, yet remain predominantly endpoint-specific, single-institution, and disconnected from prospective clinical implementation. Building on this evidence, we propose Preventive Cardiovascular Intelligence (PCInt) as one possible organizing framework that integrates predictive analytics, dynamic risk trajectory modeling, and structured quality improvement methodologies, and we outline how such a framework might be operationalized across the surgical lifecycle. PCInt is presented as a conceptual proposal requiring prospective validation rather than as a validated system. We conclude by discussing implementation barriers, regulatory and ethical considerations, and priorities for future research toward anticipatory, value-based perioperative cardiovascular care.",https://pubmed.ncbi.nlm.nih.gov/42513240/
42512767,2026,Rethinking Congestion in Heart Failure from Volume Overload to Venous Pressure and Organ Disfunction with VExUS.,Marchetta M; Granata LG; Napoli AR; Cipolla F; Sangiorgi GM; Francese GM; Giubilato S,"Medicina (Kaunas, Lithuania)",10.3390/medicina62071224,Journal Article; Review,eng,"Congestion is a major driver of symptoms, hospitalization, and adverse outcomes in heart failure (HF), yet its clinical assessment remains challenging. Traditional approaches based on physical examination, biomarkers, and isolated imaging surrogates often fail to capture the complexity of systemic venous congestion and its impact on organ function. In HF, congestion should be interpreted as a multifactorial process resulting from the interaction between intravascular volume burden, venous compliance, cardiac filling pressures, neurohormonal activation, blood volume redistribution, and organ-specific susceptibility. In this context, point-of-care ultrasound has emerged as a promising adjunctive tool for bedside congestion assessment. The Venous Excess Ultrasound (VExUS) score integrates inferior vena cava assessment with Doppler analysis of hepatic, portal, and intrarenal veins, allowing for the evaluation of venous pressure transmission and organ-level congestion. Observational studies suggest that VExUS and related venous Doppler abnormalities correlate with invasive hemodynamic parameters and are associated with acute kidney injury, diuretic response, heart failure hospitalization, and mortality. Serial changes in venous congestion may provide additional information regarding treatment response and clinical trajectory. However, the available evidence remains heterogeneous across acute HF, ambulatory HF, cardiorenal syndrome, and critical care populations, and randomized trials evaluating VExUS-guided management are lacking. Therefore, VExUS should be interpreted as a complementary tool within a multimodal assessment that includes echocardiography, lung ultrasound, biomarkers, renal function, urine output, physical examination, and response to therapy. By integrating fluid burden with venous pressure transmission and organ perfusion, multimodal ultrasound may support more individualized congestion assessment and risk stratification in HF.",https://pubmed.ncbi.nlm.nih.gov/42512767/
42506422,2026,Liver-Metabolic Phenotypes and Renal Vulnerability in Community-Acquired Sepsis: Insights from the SepsisFAT Cohort.,Šamadan Marković L; Panić H; Krznarić J; Gjurašin B; Papić N,Metabolites,10.3390/metabo16070468,Journal Article,eng,"Background: Metabolic-dysfunction-associated steatotic liver disease (MASLD) is associated with adverse outcomes in sepsis, but risk stratification within MASLD remains insufficiently defined. We investigated whether an admission liver-metabolic phenotype framework combining cardiometabolic burden with liver injury/fibroinflammatory risk markers identifies clinically relevant organ-support vulnerability in community-acquired sepsis. Methods: This secondary analysis of the prospective SepsisFAT cohort (378 adults with community-acquired sepsis) classified patients into four phenotypes by cardiometabolic burden (≥2 of: diabetes, hypertension, dyslipidemia, BMI ≥ 30 kg/m2) and liver-risk positivity (FIB-4 ≥ 2.67, APRI ≥ 1.0, liver stiffness ≥ 10 kPa, or FAST ≥ 0.55). The primary outcome was acute kidney injury (AKI), while continuous renal replacement therapy (CRRT), other organ-support outcomes and in-hospital mortality were secondary endpoints. Results: Phenotype distribution was Low-risk 137 (36.2%), Cardiometabolic-only 84 (22.2%), Liver-dominant 88 (23.3%), and Mixed liver-cardiometabolic 69 (18.3%). AKI and CRRT increased across phenotypes (13.9% to 40.6% and 5.1% to 26.1%, respectively), and in-hospital mortality was highest in the Mixed phenotype (26.1%). After Firth-penalized adjustment for age, sex, and admission SOFA, the Mixed phenotype remained independently associated with AKI (aOR 2.82, 95% CI 1.37-5.90) and CRRT (aOR 3.87, 1.50-10.80), confirmed in non-renal SOFA and admission eGFR-adjusted sensitivity analyses. Cardiometabolic burden alone did not confer excess organ-support risk. The same gradient persisted within the MASLD subgroup. Conclusions: Admission liver-metabolic phenotyping identified a renal-vulnerable sepsis subgroup not captured by binary MASLD classification alone. These findings support prospective, multicenter external validation of liver-metabolic phenotyping as a pragmatic approach to renal risk stratification in community-acquired sepsis.",https://pubmed.ncbi.nlm.nih.gov/42506422/
42505553,2026,Administratively Defined Functional Vulnerability and Adverse Short-Term Outcomes in Older Adults Hospitalized with Crohn's Disease Flares: A Propensity-Matched Multicenter Cohort Study.,Albusta N; Abdulla M; Bosta A; Almarzooq R,"Diseases (Basel, Switzerland)",10.3390/diseases14070225,Journal Article,eng,"Functional vulnerability may identify older adults hospitalized with Crohn's disease flares who are at increased risk for adverse outcomes, but its prognostic significance in this setting remains incompletely defined. We evaluated the association between administratively defined functional vulnerability, identified using administrative diagnostic codes, and short-term clinical outcomes among adults aged ≥65 years hospitalized with Crohn's disease flares. We conducted a retrospective cohort study using the TriNetX US Collaborative Research Network through February 2026. Functional vulnerability was identified using ICD-10-CM codes for frailty, sarcopenia, cachexia, abnormal weight loss, muscle weakness, gait/mobility abnormalities, or reduced mobility within 12 months before or during the index hospitalization. Patients coded only for nonspecific weakness or fatigue were excluded from the functional vulnerability cohort. Patients underwent 1:1 propensity score matching using demographic, comorbidity, Crohn's disease-related, medication, nutritional, and laboratory variables. The primary outcome was 30-day all-cause mortality. Among 18,420 eligible patients, 2846 met criteria for functional vulnerability, and 15,574 did not. After matching, 2720 patients remained in each cohort. Functional vulnerability was associated with higher 30-day mortality (RR 1.61, 95% CI 1.21-2.14), 90-day mortality (RR 1.40, 95% CI 1.14-1.72), bowel surgery (RR 1.29, 95% CI 1.07-1.56), sepsis (RR 1.41, 95% CI 1.18-1.68), acute kidney injury (RR 1.26, 95% CI 1.10-1.44), ICU admission (RR 1.32, 95% CI 1.13-1.55), TPN use (RR 1.47, 95% CI 1.20-1.79), and 90-day readmission (RR 1.17, 95% CI 1.07-1.29). Functionally vulnerable patients also had longer hospital stays (8.9 vs. 6.7 days; mean difference 2.2 days, 95% CI 1.9-2.5). Administratively defined functional vulnerability identified through diagnostic coding was associated with worse short-term outcomes among older adults hospitalized with Crohn's disease flares. Although functional vulnerability is a recognized predictor of adverse outcomes across hospitalized populations broadly, these findings quantify its prognostic significance specifically in Crohn's disease flare hospitalizations and suggest that functional vulnerability may identify a high-risk geriatric IBD phenotype that could benefit from early multidisciplinary assessment, nutritional optimization, rehabilitation planning, and post-discharge care coordination.",https://pubmed.ncbi.nlm.nih.gov/42505553/
42494444,2026,"Cell and extracellular vesicle therapies for AKI in critical care: clinical translation, organ-support integration, and lessons learned.",Salybekov AA; Kinzhebay A; Zhanymbetova A; Kobayashi S,Frontiers in medicine,10.3389/fmed.2026.1818060,Journal Article; Review,eng,"Acute kidney injury (AKI) affects up to half of critically ill intensive care unit (ICU) patients and remains associated with high mortality despite advances in renal replacement therapy (RRT). Current management is largely supportive and does not modify the underlying biological mechanisms driving inflammation, microvascular dysfunction, and maladaptive repair. Regenerative approaches using mesenchymal stromal cells (MSCs) and extracellular vesicles (EVs) have emerged as potential adjunctive therapies aimed at promoting renal recovery beyond organ support. Preclinical studies consistently demonstrate that MSCs and MSC-derived EVs reduce inflammation, attenuate oxidative stress, preserve tubular integrity, and enhance microvascular repair through paracrine signaling. However, early clinical trials in post-operative, sepsis-associated AKI populations have shown safety but limited efficacy signals. These neutral outcomes likely reflect AKI heterogeneity, delayed intervention timing, non-enriched patient selection, and reliance on insensitive endpoints such as serum creatinine. EV-based therapies offer practical advantages over whole-cell approaches, including scalable manufacturing, off-the-shelf availability, and easier integration into ICU workflows. Future progress requires phenotype-enriched enrollment strategies, biomarker-guided therapeutic windows, harmonized EV dosing and potency assays, and kidney-specific endpoints such as dialysis-free days.",https://pubmed.ncbi.nlm.nih.gov/42494444/
42493645,2026,Pediatric sepsis-associated acute kidney injury: leveraging pathophysiology for risk stratification and identification of treatable traits.,Clover-Brown I; Fuhrman DY; Stanski NL,"Pediatric nephrology (Berlin, Germany)",10.1007/s00467-026-07487-0,Journal Article; Review,eng,"Sepsis-associated acute kidney injury (SA-AKI) is a common and morbid complication of pediatric critical illness that affects up to half of children with septic shock and is associated with independent risk for death and new disability. Once attributed primarily to systemic hypotension, SA-AKI is now recognized as a heterogeneous syndrome driven by diverse pathophysiologic mechanisms, including immune dysregulation, endothelial injury, microcirculatory alterations, mitochondrial dysfunction, metabolic reprogramming, and renin-angiotensin-aldosterone system (RAAS) derangement. This pathophysiologic complexity demands a precision medicine approach to improve risk stratification, diagnosis, and treatment. Precision medicine in SA-AKI relies on the identification of phenotypes, subphenotypes, endotypes, and treatable traits, distinct but complementary frameworks for characterizing patients by clinical features and underlying biology. Prognostic enrichment strategies, including novel biomarkers, clinical risk scores, and data-driven subphenotype models, are increasingly available to identify children at highest risk for persistent severe AKI, receipt of kidney replacement therapy, and death. Predictive enrichment strategies, designed to optimize therapy based on underlying pathophysiology, remain limited but are emerging. In this review, we summarize contemporary knowledge of pediatric SA-AKI pathophysiology, highlight clinical tools evaluated specifically in children, and outline a framework for translating mechanistic insights into actionable precision medicine strategies at the bedside.",https://pubmed.ncbi.nlm.nih.gov/42493645/
42475281,2026,Predicting Renal Replacement Therapy Requirement In Sepsis-Associated Acute Kidney Injury Using Furosemide Stress Testing and Urinary Biomarkers.,Ning S; Chen J; Ma J; Su S; Li B; Yang X,Journal of visualized experiments : JoVE,10.3791/71494,Journal Article; Video-Audio Media,eng,"This study aimed to investigate the predictive value of a model combining the furosemide stress test (FST) with urinary tissue inhibitor of metalloproteinase-2 (TIMP-2) and insulin-like growth factor-binding protein 7 (IGFBP-7) for predicting renal replacement therapy (RRT) initiation within 7 days in patients with sepsis-associated acute kidney injury (SA-AKI). A total of 63 patients with SA-AKI admitted to the intensive care units (ICU) of Zhongwei People's Hospital and the Affiliated Hospital of Ningxia Medical University between January 2025 and November 2025 were enrolled in this study. According to whether RRT was initiated within 7 days, patients were divided into an RRT group (n = 20) and a non-RRT group (n = 43). Clinical characteristics, laboratory parameters, and urinary biomarkers were collected. Urinary TIMP-2 and IGFBP-7 levels were measured using enzyme-linked immunosorbent assay, and the predictive performance of FST combined with urinary [TIMP-2] * [IGFBP-7] was evaluated using multivariate logistic regression and receiver operating characteristic (ROC) curve analysis. The results showed that 20 patients (31.7%) required RRT during follow-up, while 43 patients (68.3%) did not. Compared with the non-RRT group, patients in the RRT group exhibited more severe renal dysfunction and higher incidence of adverse kidney events. ROC analysis demonstrated that the area under the curve (AUC) for FST, baseline TIMP-2*IGFBP-7, TIMP-2*IGFBP-7 measured 2 h after FST, and the combined model were 0.878, 0.820, 0.845, and 0.966, respectively. Multivariate logistic regression further confirmed that the combined FST and urinary TIMP-2*IGFBP-7 indicator was an independent predictor of RRT requirement. These findings suggest that the combined FST and urinary TIMP-2*IGFBP-7 model may be useful for early risk stratification of SA-AKI patients at high risk of requiring RRT.",https://pubmed.ncbi.nlm.nih.gov/42475281/
42460411,2026,BRASH Syndrome Unmasked: Digoxin Toxicity in the Setting of Cardiogenic Shock and Multiorgan Dysfunction.,Boehm S; Bruni J,Case reports in critical care,10.1155/crcc/8778210,Journal Article,eng,"Digoxin, a cardiac glycoside historically used for rate control in atrial arrhythmias and symptom relief in chronic heart failure, possesses a narrow therapeutic index and is highly susceptible to pharmacokinetic and pharmacodynamic disruption in critically ill patients. Its use in acute decompensated heart failure and cardiogenic shock is therefore controversial. We present the case of a 75-year-old woman with chronic heart failure with reduced ejection fraction who developed progressive bradycardia and cardiogenic shock after treatment with digoxin and amiodarone for 2:1 atrial flutter. Her hospital course was complicated by acute kidney injury, severe hyperkalemia, ischemic hepatitis, and persistent bradycardia following electrical cardioversion. Serum digoxin levels were supratherapeutic early in the intensive care unit course and subsequently normalized, though bradyarrhythmias persisted. The patient's presentation and clinical trajectory were consistent with BRASH (bradycardia, renal failure, AV-nodal blockade, shock, and hyperkalemia) syndrome , with amiodarone-digoxin interaction and systemic hypoperfusion likely amplifying myocardial digoxin sensitivity. She improved with supportive therapy, correction of metabolic derangements, withdrawal of AV-nodal-blocking agents, and cardioversion, without administration of digoxin-specific antibody fragments. This case highlights the importance of early recognition of BRASH physiology, cautious use of AV-nodal blockers in low-output states, and prioritization of underlying physiologic correction over reliance on serum drug levels alone in critically ill patients.",https://pubmed.ncbi.nlm.nih.gov/42460411/
42460071,2026,Remimazolam-based anesthesia in sepsis patients: a retrospective cohort study of hemodynamic stability and postoperative outcomes.,Seong H; Jin S; Song YJ; Park W; Lee HA; Cho JE,Frontiers in medicine,10.3389/fmed.2026.1838670,Journal Article,eng,"Patients with abdominal sepsis or septic shock undergoing urgent source-control surgery are highly susceptible to anesthetic-induced hypotension, often requiring vasopressors that may stabilize mean arterial pressure (MAP) but worsen microcirculatory perfusion. This retrospective single-center study evaluated whether remimazolam-based general anesthesia reduces perioperative vasopressor burden and improves hemodynamic stability and postoperative outcomes compared with propofol induction followed by volatile maintenance. In this study, 220 consecutive Sepsis-3-defined patients who underwent abdominal surgery between January 2021 and June 2025 were analyzed, using a prospectively maintained database. Patients were categorized as propofol/volatile anesthesia (Group C, n = 116) or remimazolam induction and maintenance (Group R, n = 104). The primary outcome was the Vasopressor-Inotrope Score (VIS) at postoperative intensive care unit (ICU) admission; secondary outcomes included intraoperative hemodynamics across six time points, change in Sequential Organ Failure Assessment at 24 h, ICU/hospital length of stay (LOS), mortality, and complications. In a matched cohort (87 per group), VIS at ICU admission was lower with remimazolam (P = 0.006), accompanied by shorter ICU LOS (P = 0.008) and hospital LOS (P = 0.012), lower in-hospital mortality (P = 0.007), and fewer hospital-acquired infections (P = 0.048), with no differences in mechanical ventilation duration, 30-day mortality, acute kidney injury, acute respiratory distress syndrome, delirium, major complications, or ICU readmission. Mixed-effects models showed more favorable intraoperative systolic blood pressure/MAP and heart-rate trajectories with remimazolam (significant group-by-time interactions). Remimazolam-based anesthesia was associated with greater hemodynamic stability and reduced postoperative vasopressor needs, translating to lower resource utilization and in-hospital mortality in septic surgical patients undergoing surgery, supporting prospective trials to test causality.",https://pubmed.ncbi.nlm.nih.gov/42460071/
42433693,2026,A 2004-2025 Bibliometric Study of Genetic Variation and Multiomics Biomarkers in Sepsis Based on 940 Publications.,Yang Q; Yang S; Li Y; Lv D; Zuo Y,Human mutation,10.1155/humu/7331886,Journal Article; Review,eng,"Sepsis is a highly heterogeneous syndrome, and conventional clinical indicators and single biomarkers often fail to capture its biological complexity or support precise risk stratification. To clarify the development of research in this area, this bibliometric study analyzed the literature on the clinical translation of genetic variation and multiomics biomarkers in sepsis. Publications were retrieved from PubMed, Web of Science Core Collection, and Scopus for the period from 2004 to 2025, and 940 eligible records were analyzed using Bibliometrix, VOSviewer, and CiteSpace. The results showed rapid expansion of the field, with annual output increasing from 1 publication in 2004 to 185 in 2025. China and the United States emerged as the leading contributors, while major institutions and journals reflected strong interdisciplinary collaboration across critical care, molecular biology, and translational medicine. The knowledge structure of the field has evolved from early emphasis on polymorphisms, susceptibility, and conventional inflammatory biomarkers toward metabolomics, transcriptomics, genomics, precision medicine, machine learning, and Mendelian randomization. At the same time, clinically relevant themes such as mortality, septic shock, acute kidney injury, and neonatal sepsis have remained central. These findings map a research trajectory from exploratory biomarker discovery toward translational frameworks for sepsis endotyping, prognostic evaluation, and risk stratification, but they should not be interpreted as evidence that the identified biomarkers or models are already clinically implemented. Future progress will depend on multicenter prospective validation, standardized analytic pipelines, broader population representation, and clinically deployable models that can translate molecular heterogeneity into real-world decision-making.",https://pubmed.ncbi.nlm.nih.gov/42433693/
42429980,2026,Fluid balance during PICU stay in children after cardiac surgery with cardiopulmonary bypass.,Luppes VAC; Pamir Z; Blom NA; Hazekamp MG; Roeleveld PP; Houben NAM; Eising JB; Willems A; Ten Harkel ADJ,European journal of pediatrics,10.1007/s00431-026-07231-8,Journal Article,eng,"Pediatric patients undergoing cardiac surgery are at risk for developing positive cumulative fluid balance (CFB). Our goal was to study postoperative CFB in this population, its explanatory variables, and its effect on clinical outcomes during pediatric intensive care unit (PICU) stay and follow-up. Retrospective single center study of 200 consecutive children undergoing congenital heart surgery with cardiopulmonary bypass (CPB). A clinically relevant CFB was defined as ≥ 5% at the end of postoperative day 1 (CFB POD1 ≥ 5%). A CFB POD1 ≥ 5% was observed in 36% of the patients. Lower weight and longer CPB time were identified as explanatory variables for developing CFB POD1 ≥ 5%. Patients with CFB POD1 ≥ 5% showed more acute kidney injury, higher vasoactive inotropic scores, and prolonged invasive ventilation and PICU length of stay (LOS). A 1% increase in CFB POD1 lengthened PICU LOS by 0.8 days (CI 0.588 - 1.001, p < 0.001). Furthermore, patients with CFB POD1 ≥ 5% had lower cardiac event free survival time (p < 0.001). This study confirms that even a minor positive CFB ≥ 5% is common in pediatric cardiac patients and associated with adverse PICU outcomes. Lower body weight and prolonged CPB duration increased the risk for positive CFB, warranting close fluid monitoring. Positive CFB was also associated with cardiac events during long-term follow-up and may help identify patients at increased risk for a complicated clinical trajectory, underscoring the importance of timely recognition and structured cardiac follow-up. • Positive cumulative fluid balance (CFB) is associated with adverse outcomes in critically ill pediatric patients, including those undergoing congenital heart surgery, though causality remains unclear. • Evidence on optimal fluid management and clinically relevant CFB thresholds remains limited. • This study confirms that a seemingly minor CFB of 5% is common and associated with adverse outcomes in a heterogenous pediatric cardiac cohort. • Positive CFB was additionally associated with adverse long-term outcomes, identifying positive CFB as a potential early marker of a complicated clinical course.",https://pubmed.ncbi.nlm.nih.gov/42429980/
42410341,2026,ICU-acquired acute kidney injury in critically ill adults: a retrospective cohort study of risk factors and KDIGO stage dynamics in a Brazilian ICU.,Teles RM; Menezes RC; Ferreira IBB; Moura LG; Filgueiras Filho NM; Andrade BB,Renal failure,10.1080/0886022X.2026.2696054,Journal Article,eng,"Acute kidney injury (AKI) is a frequent complication in critically ill patients, and early recognition of risk factors may support preventive care. We conducted a retrospective cohort study in a single-center Brazilian ICU from 2015 to 2022 to identify factors associated with ICU-acquired AKI and to describe KDIGO trajectories. Adults with ICU stay ≥48 hours were included; patients with chronic kidney disease, AKI on admission, or no serum creatinine measurement were excluded. Analyses included a multivariable Fine-Gray model with ICU death as a competing event, a Bayesian network for conditional dependencies, and descriptive KDIGO dynamics. Among 2935 patients, 794 (27.1%) developed AKI. The final model retained age (sHR 1.05 per 10 years; 95%CI 1.01-1.10), chronic liver disease (1.95; 95%CI 1.11-3.43), immunosuppression (1.93; 95%CI 1.29-2.87), hypertension (1.26; 95%CI 1.06-1.50), underweight BMI (1.33; 95%CI 1.05-1.69), mechanical ventilation on admission (1.50; 95%CI 1.19-1.90), admission arterial lactate (1.06 per 1 mmol/L; 95%CI 1.03-1.10), and leukocyte count (1.02 per 10,000 cells/µL; 95%CI 1.00-1.03). Among AKI cases, the proportion classified as KDIGO stage 3 increased after day 7, largely driven by renal replacement therapy among patients remaining in the ICU. These findings highlight that early admission markers of vulnerability and illness severity are associated with ICU-acquired AKI and support early risk recognition and kidney-protective care in the ICU course.",https://pubmed.ncbi.nlm.nih.gov/42410341/
42395680,2026,Slow continuous ultrafiltration and prolonged intermittent renal replacement therapy: Tailoring renal replacement therapy in intensive care unit.,Gembillo G; Floris M; Lo Cicero L; Spadaro G; Soraci L; Santoro D,World journal of nephrology,10.5527/wjn.v15.i2.118219,Journal Article; Review,eng,"Acute kidney injury complicates the clinical course of nearly half of all critically ill patients admitted to intensive care, conferring a three- to five-fold elevation in mortality risk. The management of these patients has evolved considerably beyond standardized protocols toward individualized therapeutic strategies. Within this paradigm shift, two modalities warrant particular attention: Slow continuous ultrafiltration (SCUF) and prolonged intermittent renal replacement therapy (PIRRT). SCUF operates through isolated fluid extraction at rates between 100 mL and 500 mL per hour, targeting patients whose preserved kidney function nonetheless fails to manage severe volume overload. The clinical experience with SCUF reveals a complex picture, while certain patient populations, particularly those receiving extracorporeal membrane oxygenation or battling refractory cardiac failure, have shown encouraging results with shortened intensive care stays, equally robust cohorts have experienced concerning progression rates to complete renal replacement therapy and mortality approaching or exceeding 50%. The distinction appears to hinge on meticulous patient selection, with systolic perfusion pressure emerging as a pivotal hemodynamic threshold. PIRRT extends conventional intermittent therapy from the traditional 3-4 hours window to sessions lasting 6-12 hours. Multiple investigations support that this approach achieves comparable mortality and renal recovery outcomes to continuous modalities while reducing costs, facilitating patient mobilization, and decreasing nursing requirements. Current guideline recommendations increasingly favor restrictive, patient-centered approaches over rigid algorithmic initiation. Accumulating evidence supports ultrafiltration rates of 1-1.5 mL/kg/hour, adjusted dynamically according to hemodynamic tolerance and disease trajectory. Yet despite these refinements in our understanding of optimal therapy delivery, fundamental questions persist: Which patients derive maximal benefit from alternative modalities? When should these therapies be initiated or withdrawn, and how can we predict individual treatment response? This review synthesizes current evidence to establish practical decision frameworks for implementing SCUF and PIRRT in critically ill populations, examining clinical indications, safety parameters, fluid removal strategies, and outcome determinants. Our objective is to advance renal replacement therapy from a standardized intervention toward precision nephrology for high-acuity patients.",https://pubmed.ncbi.nlm.nih.gov/42395680/
42394026,2026,A Visual Explorer for Retrospective Trajectories in Children Following Heart Surgery.,Neu L; Bode L; Schack M; Rathert H; Marschollek M; Jack T,Studies in health technology and informatics,10.3233/SHTI260864,Journal Article,eng,"Children after cardiac surgery with cardiopulmonary bypass are susceptible to a variety of complications and poor outcomes, e.g., acute kidney injury or infection. Postoperative monitoring in children is a complex process, characterized by frequent interventions, age-varying reference ranges, different data sources, among other factors. Visual analysis of retrospective data could offer significant clinical value by improving understanding of trajectories and potential factors for complications. Therefore, we aim to create an interactive visualization tool to assist in exploration of retrospective postoperative trajectories of children following heart surgery. We present the prototype TRACE (Trajectory(-based) Retrospective Analysis for Clinical Exploration) that was developed in close collaboration with clinicians. Feedback was collected using a questionnaire with qualitative and quantitative items, designed to assess usability, utility in clinical, research and teaching settings, and effectiveness of the proposed visualizations. The tool achieved a mean system usability scale score of 82.5. Future work will focus on releasing TRACE to researchers with access to the ELISE dataset, a comprehensive, open pediatric ICU dataset, facilitating data understanding and analysis of trajectories in critically ill children following cardiopulmonary bypass.",https://pubmed.ncbi.nlm.nih.gov/42394026/
42386353,2026,Development and validation of a dual-channel deep learning for continuous acute kidney injury prediction in critically ill patients.,Tang S; Niu C; Jiang H; Ling Y; Zheng Z; Liu J; Zhang R; Hong J; Xu B; Zhang G; Yang X,Renal failure,10.1080/0886022X.2026.2690700,Journal Article; Validation Study,eng,"This study aimed to develop and externally validate a real-time, continuous prediction model for 48-h acute kidney injury (AKI) risk in critically ill patients using a dual-channel deep learning model (DC-AKI). The model was developed using electronic health records from 28,099 patients at Beth Israel Deaconess Medical Center and externally validated on two independent cohorts: 3,108 patients from the eICU Database and 2,808 patients from Zhejiang Provincial People's Hospital. Thirty-one time-varying features were updated every 6 h. The DC-AKI model's dual-channel architecture integrated BiGRU networks, convolutional layers, and attention mechanisms to capture multiscale temporal dependencies. The model achieved areas under the receiver operating characteristic curve (AUC) of 0.720 (95% CI, 0.714-0.728) in internal validation, and 0.577 (95% CI, 0.570-0.583) and 0.798 (95% CI, 0.795-0.799) in the two external cohorts. Interpretability analysis via SHAP identified key clinical predictors and individual risk trajectories. In conclusion, DC-AKI demonstrated strong predictive performance in the development cohort and one external validation site, although performance varied substantially across institutions. Further validation and local calibration are warranted to support its clinical deployment.",https://pubmed.ncbi.nlm.nih.gov/42386353/
42384297,2026,Machine learning phenotypes and heterogeneous albumin effects in cirrhotic AKI: a causal inference study.,Yu Z; Qin F,Internal and emergency medicine,10.1007/s11739-026-04446-3,Journal Article,eng,"Current guidelines recommend albumin infusion as a first-line treatment for acute kidney injury (AKI) in patients with cirrhosis. However, recent large-scale randomized trials have questioned its universal benefit. We aimed to identify distinct pathophysiological subphenotypes of cirrhotic AKI using machine learning and to evaluate the heterogeneous treatment effects of albumin infusion across these groups. A retrospective cohort study was conducted using the MIMIC-IV (v3.1) database, including 3209 critically ill patients with cirrhosis and AKI. Unsupervised K-means clustering was applied to eight clinical variables (creatinine, bilirubin, INR, sodium, lactate, platelets, mean arterial pressure [MAP], and baseline albumin) to derive phenotypes. The causal effect of albumin infusion within 48 h of ICU admission on 28-day mortality was assessed using inverse probability of treatment weighting (IPTW)-adjusted Cox proportional hazards models. Three distinct phenotypes were identified: Phenotype A (severe hepatic failure type, N = 405), Phenotype B (hemodynamically stable type, N = 1390), and Phenotype C (typical decompensated type, N = 1414). In the overall population, after adjustment for an expanded set of confounders, albumin infusion was associated with a modest increase in mortality (adjusted HR, 1.211; 95%CI 1.046-1.401). However, significant treatment heterogeneity was observed. In Phenotype B, characterized by the highest MAP (75.8 mmHg) and lowest bilirubin (1.15 mg/dL), albumin infusion was associated with an approximately 1.7-fold increase in the risk of 28-day mortality (adjusted HR, 1.744; 95%CI 1.312-2.320; p < 0.001). Conversely, Phenotype A, representing patients with extreme hyperbilirubinemia, exhibited a potential but non-significant protective trend (HR, 0.895; 95%CI 0.643-1.245). Albumin infusion in cirrhotic AKI exhibits a divergent treatment response dictated by baseline pathophysiological phenotypes. For patients with relatively stable hemodynamics and low inflammatory burden (Phenotype B), aggressive albumin therapy may be harmful, potentially due to fluid overload and cardiorenal congestion. These findings advocate for a phenotype-driven, precision medicine approach rather than a ""one-size-fits-all"" strategy for volume expansion in cirrhosis.",https://pubmed.ncbi.nlm.nih.gov/42384297/
42384126,2026,Timing-dependent renal protection of dapagliflozin in endotoxemic diabetic mice by real-time GFR and biomarkers.,Xiao Y; Shen L; Song Y; Liu Y; Xin Y; Luo Y; Zhang Q; Zhang W; Wang X; Zhang X; Wang X; Huang P; Liu F; Meng X; Yu K; Wang C,Intensive care medicine experimental,10.1186/s40635-026-00940-2,Journal Article,eng,"Type 2 diabetes mellitus (T2DM) increases susceptibility to sepsis-associated acute kidney injury (SA-AKI). While guidelines support chronic sodium-glucose cotransporter 2 (SGLT2) inhibitor use in T2DM, their efficacy and optimal intervention timing in acute sepsis remain unclear. We hypothesized that this efficacy is timing-dependent. To test this, we utilized a T2DM mouse model subjected to graded lipopolysaccharide (LPS) challenges as a clinically relevant surrogate for sepsis. Notably, to precisely capture the longitudinal and dynamic trajectory of renal function, we incorporated continuous real-time transcutaneous glomerular filtration rate (tGFR) monitoring. We evaluated the SGLT2 inhibitor dapagliflozin (DAPA) across three regimens representing distinct clinical scenarios: preventive (pre-LPS only, modeling prior chronic use), therapeutic (initiated post-LPS, modeling de novo intensive care initiation), and whole-course (continuous administration, modeling treatment continuation). Following LPS challenge, T2DM exacerbated renal dysfunction across all doses and impaired endogenous functional recovery. High-resolution real-time tGFR tracking and subsequent biomarker analyses revealed that the renoprotective effect of DAPA was dependent on the timing of intervention. In moderate endotoxemia, both therapeutic and whole-course regimens were superior to the preventive regimen. Compared to preventive administration alone, initiating or continuing treatment during the acute insult (therapeutic and whole-course regimens) more effectively preserved early glomerular filtration rate (GFR) trajectories, attenuated the rise in tubular injury markers, and promoted histological repair. Supported by dynamic renal function monitoring, this study demonstrates that DAPA provides significant renoprotection in a preclinical T2DM model of endotoxemia-associated acute kidney injury. This efficacy is closely associated with the timing of intervention, with greater protective effects observed when treatment is initiated during or maintained after the acute endotoxemic challenge. These preclinical findings suggest that intervention timing could be a key determinant of SGLT2 inhibitor efficacy, providing a scientific rationale for evaluating the prompt initiation or continuation of this therapy in diabetic patients presenting with acute sepsis.",https://pubmed.ncbi.nlm.nih.gov/42384126/
42375913,2026,Acute Kidney Injury in the Intensive Care Unit: Recent Advances.,Mahmoud IF; Erwi SM; Alfageeh AM,Cureus,10.7759/cureus.109927,Journal Article; Review,eng,"Acute kidney injury (AKI) in the intensive care unit (ICU) is a heterogeneous syndrome characterized by kidney stress, structural injury, functional decline, requirement for extracorporeal organ support, and incomplete recovery, rather than a single creatinine-defined event. Current critical care practice increasingly integrates conventional Kidney Disease: Improving Global Outcomes (KDIGO) diagnostic criteria with urine output trajectories, cystatin C measurement when serum creatinine is unreliable, structural damage biomarkers when results will change management, hemodynamic phenotyping, venous congestion assessment, nephrotoxin stewardship, fluid stewardship, and recovery planning. This narrative review summarizes recent advances relevant to adult ICU care, including evolving definitions of AKI and acute kidney disease, sepsis-associated microcirculatory and cellular injury, systemic venous congestion, point-of-care ultrasound-assisted congestion assessment, biomarker-triggered prevention bundles, individualized renal replacement therapy (RRT), continuous renal replacement therapy (CRRT), and post-ICU recovery pathways. Key recommendations include avoiding automatic fluid loading in response to oliguria; interpreting mean arterial pressure together with cardiac output, central venous pressure, right ventricular function, and intra-abdominal pressure; using biomarkers only within an actionable response pathway; and initiating RRT according to urgent or trajectory-based indications rather than serum creatinine alone. Precision ICU nephrology is best conceptualized as the timely alignment of phenotype, risk, trajectory, and organ support objectives.",https://pubmed.ncbi.nlm.nih.gov/42375913/
42347094,2026,Mikulicz Disease Revealing IgG4-Related Tubulointerstitial Nephritis: A Case Report and Literature Review.,Alvarez Vargas L; Rodríguez Tudero C; Jiménez Mayor E; Chandu Nanwani A; Moral Berrio E; Díaz García JD; Villalobos Navarro A; Chamorro Asto ER; Cieza Terrones M; De La Flor JC,Reports (MDPI),10.3390/reports9020181,Case Reports; Journal Article,eng,"Background and Clinical Significance: IgG4-related disease (IgG4-RD) is a chronic fibroinflammatory, immune-mediated multisystem disorder that can mimic neoplastic, infectious, or autoimmune conditions. Among its head-and-neck manifestations, IgG4-related dacryoadenitis and sialadenitis, historically referred to as Mikulicz disease, should be distinguished from the classical Mikulicz syndrome, which describes secondary lacrimal and salivary gland enlargement due to other systemic disorders. Renal involvement, most commonly in the form of IgG4-related tubulointerstitial nephritis (IgG4-TIN), is less frequent but carries major prognostic implications because delayed diagnosis may lead to irreversible kidney damage. Case Presentation: A 49-year-old man with no relevant past medical history presented with a 2-year history of intermittent polyuria and foamy urine. Laboratory testing revealed advanced kidney dysfunction, with serum creatinine of 4.2 mg/dL, estimated glomerular filtration rate of 16 mL/min/1.73 m2, and proteinuria of 2874 mg/day. Physical examination showed bilateral parotid enlargement, upper eyelid edema, lacrimal gland enlargement, and sicca symptoms, raising suspicion for IgG4-related dacryoadenitis and sialadenitis (Mikulicz disease). Further work-up demonstrated marked eosinophilia, polyclonal hypergammaglobulinemia, and significantly elevated serum IgG4 levels (3180 mg/dL), while infectious serologies and autoimmune studies were negative. Kidney biopsy revealed plasma cell-rich tubulointerstitial nephritis with lymphoplasmacytic and eosinophilic infiltrates, interstitial fibrosis, tubular atrophy, and more than 40 IgG4-positive plasma cells per high-power field, supporting the diagnosis of IgG4-related tubulointerstitial nephritis in the setting of systemic IgG4-RD. Treatment with prednisone followed by mycophenolate mofetil led to improvement in glandular manifestations and a partial reduction in proteinuria, but renal recovery remained incomplete. The patient subsequently developed a severe pulmonary infection complicated by sepsis and oligoanuric acute kidney injury superimposed on chronic kidney disease, and ultimately progressed to end-stage kidney disease requiring chronic maintenance hemodialysis. Conclusions: This case highlights that a Mikulicz disease phenotype may represent the initial manifestation of systemic IgG4-RD and should prompt evaluation for extraglandular involvement, particularly renal disease. In patients with glandular enlargement, eosinophilia, hypergammaglobulinemia, and unexplained renal dysfunction, IgG4-RD should be actively considered. Kidney biopsy remains essential for diagnostic confirmation and prognostic assessment, as delayed recognition may result in irreversible renal damage and progression to end-stage kidney disease.",https://pubmed.ncbi.nlm.nih.gov/42347094/
42343045,2026,Timing and severity of acute kidney injury in hospitalized adults receiving vancomycin plus NKCC inhibitor with or without piperacillin-tazobactam.,Ishaqui AA; Tripathi R; Tripathi P; Alqahtani SS; Makeen HA; Orayj K,Naunyn-Schmiedeberg's archives of pharmacology,10.1007/s00210-026-05596-z,Journal Article,eng,"Acute kidney injury (AKI) is a common and clinically important complication in hospitalized adults receiving nephrotoxic therapies. This study aimed to compare the incidence, timing, and severity of creatinine-defined AKI in patients receiving vancomycin plus Na+-K+-2Cl- cotransporter (NKCC) inhibitor only vs vancomycin plus NKCC inhibitor plus piperacillin-tazobactam. A retrospective observational cohort study was performed using MIMIC-IV version 3.1. Adult hospital admissions with qualifying exposure within the first 48 h of hospitalization were included. Group A comprised patients receiving vancomycin plus NKCC inhibitor only, and group B comprised patients receiving vancomycin plus NKCC inhibitor plus piperacillin-tazobactam. AKI was defined using KDIGO serum creatinine criteria. Multivariable logistic regression was used to evaluate any AKI, early AKI, and stage 2-3 AKI after adjustment for baseline renal risk and illness severity. The final analytic cohort included 5204 hospitalizations, with 4632 in group A and 572 in group B. Any AKI occurred in 28.0% of group A and 29.2% of group B, early AKI in 23.1% and 24.8%, and stage 2-3 AKI in 9.3% and 12.8%, respectively. Median time to AKI was similar at approximately 21.7 h in both groups. After adjustment, group B was not independently associated with any AKI (OR = 1.034), early AKI (OR = 1.115), or stage 2-3 AKI (OR = 1.107). Higher baseline creatinine, chronic kidney disease, mechanical ventilation, hypotension, liver disease, and sepsis were stronger predictors of renal outcomes. In hospitalized adults already receiving vancomycin and NKCC inhibitors, addition of piperacillin-tazobactam was not independently associated with higher odds of creatinine-defined AKI after adjustment. The observed crude excess in severe AKI and worse hospital outcomes appeared to reflect a sicker clinical phenotype rather than a clear independent nephrotoxic effect.",https://pubmed.ncbi.nlm.nih.gov/42343045/
42337788,2026,"Effect of early dexamethasone on major complications and all-cause mortality in severe burns (DEXA-BURN): study protocol for a multicenter, randomized, placebo-controlled, double-blind trial.",Bourdiol A; Bruder N; Dépret F; Flattres D; Flet L; Fortin J; Gaufichon AE; Glavnik B; Jeanne M; Jobert A; Jung B; Lukaszewicz AC; Mathelier N; Péré M; Pichon X; Ravaux H; Mahé PJ; Asehnoune K; DEXA-BURN study group,Trials,10.1186/s13063-026-09869-z,Journal Article,eng,"Severe burns lead to intense and prolonged systemic inflammation and high rates of organ failure and major complications such as acute respiratory distress syndrome (ARDS), acute kidney injury (AKI) and mortality. Although corticosteroids have shown benefits in various critical care settings, no adequately powered randomized controlled trial has yet evaluated their effect in burn patients. The DEXA-BURN trial aims to assess whether early administration of dexamethasone reduces the incidence of major complications (moderate-to-severe ARDS or stage 2-3 AKI) and all-cause mortality in adults with severe burns. DEXA-BURN is a multicenter, randomized, placebo-controlled, double-blind trial conducted in 10 French intensive care units. Adult patients with ≥ 20% total body surface area (TBSA) burns, admitted within 24 h of injury and requiring mechanical ventilation, will be randomized (1:1) to receive either dexamethasone (0.2 mg/kg/day IV for 5 days) or placebo. Two endpoints are pre-specified and evaluated using a hierarchical testing strategy: (1) major complications within 28 days (moderate-to-severe ARDS or AKI KDIGO stages ≥ 2); and, if statistically significant, (2) all-cause mortality at day 90. Secondary endpoints include nosocomial infections, ventilator-free days, intensive care unit /hospital stay, CRP trajectory, and steroid-related adverse events. A total of 478 patients will be enrolled. Analyses will follow the intention-to-treat and modified intention-to-treat principle. This trial will provide high-quality evidence on the effectiveness and safety of corticosteroid therapy in the acute management of severely burned patients. Findings may inform future guidelines and improve critical care practices for this understudied population with a high risk of mortality. EudraCT: 2024-517708-12-00; ClinicalTrials.gov: NCT06968559. Registered on April 22, 2025.",https://pubmed.ncbi.nlm.nih.gov/42337788/
42332382,2026,Association between early lactate trajectories and mortality in critically ill patients with acute kidney injury: A multicenter cohort study.,Tan X; Xie Z; Yin P; Wang J; Liang W; Chen X; He Y; Jian H; Huang Q; Lin J; Ye Q,Science progress,10.1177/00368504261463037,Journal Article; Multicenter Study,eng,"OBJECTIVEThe prognostic significance of dynamic lactate trajectories in patients with acute kidney injury (AKI) remains unclear. This study aimed to identify distinct lactate trajectory patterns in critically ill AKI patients and assess their associations with mortality risk.METHODSThis retrospective cohort study of critically ill patients with AKI was developed and validated using two independent ICU databases (MIMIC-IV v3.1 and eICU-CRD v2.0). Group-based trajectory modeling was applied to identify distinct lactate trajectory patterns based on measurements from the first 4 days of ICU admission. The associations between these trajectories and mortality were evaluated using Kaplan-Meier survival analysis, multivariable Cox regression, subgroup analyses, and model performance metrics (receiver operating characteristic curve, decision curve analysis and reclassification indices).RESULTSThe MIMIC-IV cohort comprised 2,816 patients (40.6% female), in whom four distinct lactate trajectories were identified. In the fully adjusted model, compared with Class 1 (normal-level-stable), Class 2 (moderate-level-declining) had a marginally elevated adjusted mortality risk during hospitalization, which was not sustained over the longer term. Conversely, Class 4 (high-level-stable) showed the highest risk [HR 3.95 (95% CI, 3.07-5.10) for in-hospital mortality, 3.55 (95% CI, 2.76-4.58) at 30 days, 3.33 (95% CI, 2.63-4.22) at 90 days, and 3.12 (95% CI, 2.49-3.91) at 365 days; all P < 0.001]. The model incorporating lactate trajectories demonstrated incrementally improved predictive accuracy compared to the baseline SOFA score model, with AUCs ranging from 0.626 to 0.650 across all endpoints. For all mortality endpoints, lactate trajectories provided incremental predictive value (NRI 0.099-0.3179, IDI 0.027-0.0442; all P < 0.001). An external validation cohort of 429 patients (42.2% female) from the eICU 2.0 database confirmed associations.CONCLUSIONSEarly dynamic lactate trajectories are independently associated with short- and long-term mortality risk in critically ill AKI patients and may provide more incremental prognostic value than static measures.",https://pubmed.ncbi.nlm.nih.gov/42332382/
42292189,2026,Association between baseline-stratified trajectory subgroups of serum albumin and outcomes in critically ill patients with early sepsis-associated acute kidney injury: a retrospective study.,Gao Q; Lai X; Tian Y; Wang T; Zheng X; Zhang A,Frontiers in medicine,10.3389/fmed.2026.1722950,Journal Article,eng,"We aimed to explore the association between the serum albumin trajectory following early sepsis-associated acute kidney injury (SA-AKI) and the outcomes of sepsis patients in the intensive care unit (ICU). We extracted data of patients with early SA-AKI from the Medical Information Mart for Intensive Care (MIMIC)-IV database. The dynamic levels of albumin within 7 days after AKI onset were used as the exposure factor in this study. The primary outcome was 365-day mortality. Group-based trajectory modeling (GBTM) was used to identify the dynamic characteristics of albumin levels. Kaplan-Meier (KM) survival curves, linear regression and Cox analysis were used to explore the potential associations between different trajectory groups and outcomes. A total of 1,914 patients with early SA-AKI were included in GBTM. We identified 5 baseline-stratified trajectory subgroups of albumin levels, including four zero-slope trajectories (at levels of 2.0 g/dL, 2.5 g/dL, 3.0 g/dL and 3.5 g/dL) and a slightly ascending trajectory (at a level of >4.1 g/dL). Compared with the steady-state trajectory at a level of 3.0 g/dL, patients with the steady-state trajectory at a level of 2.0 g/dL had higher 30-, 90-, 180-, and 365-day mortality risk and longer hospital length of stay (LOS). And patients with the trajectory at a level of >4.1 g/dL had higher 365-day mortality risk. Moreover, subgroup analysis indicated that the association between serum albumin trajectories and mortality risk interacted with age and sex. Further sensitivity analysis confirmed the robustness of these results through similar trends. The baseline-stratified trajectory subgroups of serum albumin following early SA-AKI were associated with both short- and long-term mortality and hospital LOS in critically ill patients with sepsis, which can be used as a valuable indicator for guiding risk stratification and predicting prognosis in such patients.",https://pubmed.ncbi.nlm.nih.gov/42292189/
42281541,2026,[Association between central venous pressure trajectories and 28-day mortality risk in ICU patients with acute kidney injury].,Lan S; Deng S; Huang R; Dong Y; Wang L; Zhang L; Fu J,Zhonghua wei zhong bing ji jiu yi xue,10.3760/cma.j.cn121430-20250929-00499,English Abstract; Journal Article,chi,"To explore the relationship between the trajectory of central venous pressure (CVP) changes and the 28-day mortality risk in patients with acute kidney injury (AKI) in the intensive care unit (ICU). A retrospective cohort study was conducted. Patients admitted to the emergency department and general ICU of the Affiliated Hospital of Guizhou Medical University within 48 hours of diagnosis with AKI from January 2021 to December 2024 were enrolled. The CVP values measured every 2 hours within 48 hours of admission were collected. The group-based trajectory model (GBTM) was used to identify research subjects with similar CVP development trajectories within the group and they were assigned to specific CVP trajectory groups. The difference in 28-day cumulative survival rate of patients in different CVP trajectory groups was compared using the Kaplan-Meier survival curve, and the impact of CVP trajectory on 28-day mortality risk was evaluated using multivariate Cox proportional hazards regression analysis. The dose-response relationship between CVP average value and 28-day mortality risk in AKI patients was analyzed using the restricted cubic spline (RCS) method. Subgroup analysis was conducted based on age, gender, comorbidities, and treatment interventions to evaluate the prognostic effect of CVP on different patient subgroups. A total of 409 patients with AKI were included. Four CVP trajectories were identified using GBTM analysis, namely: the initial CVP level was low and gradually increased (low level group, 98 cases, accounting for 24.0%); the initial CVP level was moderate and gradually increased (moderate level group, 168 cases, accounting for 41.1%); the initial CVP level was between moderate and high and gradually increased (medium-high level group, 102 cases, accounting for 24.9%); the initial CVP level was high and gradually increased before gradually decreasing (high level group, 41 cases, accounting for 10.0%). There were no significant differences in gender, age, body temperature, pulse, respiratory rate, systolic blood pressure, and comorbidities among the four groups. However, the admission blood oxygen saturation and blood sodium were the lowest in the high-level group, and the in-hospital mortality, the proportions of blood purification treatment and invasive mechanical ventilation were the highest in this group. The length of ICU stay was the shortest in the low-level group. The Kaplan-Meier survival curve showed that there was a statistically significant difference in the 28-day cumulative survival rate among the four CVP trajectory groups (Log-rank test: χ 2=9.258, P=0.026), and the 28-day cumulative survival rate of the high-level group was the lowest. Multivariate Cox proportional hazards regression analysis showed that, after adjusting for gender, age, comorbidities, admission vital signs, and test results, the 28-day mortality risk of the high-level group was higher than that of the low-level group [hazard ratio (HR)=2.02, 95% confidence interval (95%CI) was 1.15-3.55, P=0.014]. The RCS curve indicated that the average value of CVP monitoring at intervals of 2 hours within 48 hours after admission was linearly positively correlated with the 28-day mortality of patients. When CVP≥11.33 mmHg (1 mmHg=0.133 kPa), the mortality risk gradually increased with the increase in CVP. The Kaplan-Meier survival curve showed that the 28-day cumulative survival rate of patients in the CVP≥11.33 mmHg group was lower than that in the CVP<11.33 mmHg group (Log-rank test: χ 2=4.658, P=0.031). Subgroup analysis showed that the linear positive correlation between the CVP average value and the 28-day mortality still existed in AKI patients who were male, hypotensive, or using vasoactive drugs (all P<0.05). The trajectory of CVP changes in AKI patients in the ICU is closely related to the 28-day mortality risk. Dynamic monitoring of CVP can effectively identify high-risk patients with poor prognosis.",https://pubmed.ncbi.nlm.nih.gov/42281541/
42279608,2026,Hepatic Encephalopathy Severity and Mortality Risk Stratification in Alcohol-Related Acute-on-Chronic Liver Failure.,Glisic T; Korica B; Beronja B; Djakovic M; Baljosevic N; Popovic DD; Martinov Nestorov J; Stojkovic Lalosevic M,"Diagnostics (Basel, Switzerland)",10.3390/diagnostics16111741,Journal Article,eng,"Background/Objectives: Acute-on-chronic liver failure (ACLF) is characterized by multiple organ failure and short-term mortality, and hepatic encephalopathy (HE) is its frequent complication. We investigated whether the severity of HE upon admission in patients with alcohol-related ACLF at the intensive care unit (ICU) was associated with short-term mortality. Methods: In total, 100 patients with alcohol-related ACLF and HE admitted in ICU were enrolled in the study. Laboratory biomarkers, total hospital length of stay (LOS), ICU length of stay, acute kidney injury (AKI), Acute Physiology and Chronic Health Evaluation II score, CLIF-C organ failure and Sequential Organ Failure Assessment score were tested in relation to the mortality risk. HE was assessed and divided into groups using the West Haven criteria. Results: Total hospital LOS, 7-day and 28-day mortality were significantly higher in the higher-grade HE group (p = 0.035, p = 0.031, p = 0.002, respectively). CLIF-C OF, SOFA, and APACHE II scores were significantly higher in the higher-grade HE group (p < 0.001). Kaplan-Meier survival analysis demonstrated reduced survival in patients with higher-grade HE (log-rank p < 0.001). In Cox regression analyses, AKI was associated with short-term mortality in both HE groups. Total hospital LOS and ICU length of stay were also associated with mortality, but were interpreted as post-baseline markers of clinical trajectory rather than baseline prognostic predictors. Conclusions: In patients with alcohol-related ACLF and HE, higher-grade HE was associated with poorer short-term survival. AKI and higher CLIF-C OF, SOFA and APACHE II scores were associated with poor outcomes, supporting their clinical relevance for mortality risk stratification in this population. LOS-related findings should be interpreted as markers of clinical trajectory rather than baseline prognostic predictors.",https://pubmed.ncbi.nlm.nih.gov/42279608/
42277950,2026,Current and future strategies aiming at reducing catecholamine exposure in septic shock.,Dubech A; Picod A; Pierre A; Preau S; Favory R; Garcia B,"Critical care (London, England)",10.1186/s13054-026-06109-3,Journal Article; Review,eng,"Norepinephrine is the first-line vasopressor in septic shock, yet prolonged catecholamine exposure is associated with adverse effects that have prompted growing interest in catecholamine-sparing strategies. This review highlights current evidence on the rationale for catecholamine use, the burden of sustained adrenergic exposure, and current and emerging sparing strategies. Early norepinephrine initiation, including via peripheral access, shortens hypotension duration and reduces fluid requirements. However, catecholamine exposure can carry dose-dependent cardiac, metabolic, and immunological consequences. Perfusion-guided strategies, including individualization of blood pressure targets and titration of vasopressor use based on capillary refill time, represent the cornerstone of reduction of catecholamines. Among alternative non-adrenergic vasopressors, vasopressin reduces catecholamine exposure and the risk of atrial fibrillation, with potential renal benefits. Angiotensin II represents an option in catecholamine-refractory shock, with post-hoc evidence suggesting benefit in patients with acute kidney injury or elevated renin concentrations. Inhibition of circulating dipeptidyl peptidase 3, which degrades angiotensin II, is an emerging therapeutic strategy. Corticosteroids restore vasopressor sensitivity and accelerate catecholamine weaning. Short-acting β1-blockers have shown hemodynamic promise but inconsistent outcomes, underscoring the need for better patient selection. Methylene blue, targeting the vasodilatory nitric oxide pathway, represents another strategy. Finally, emerging immunomodulatory approaches, including extracellular histone neutralization and polymyxin B hemoperfusion in endotoxin phenotypes, aim to attenuate the dysregulated host response driving vasopressor dependency. A personalized and multimodal approach, including perfusion-guided targets, non-adrenergic vasopressors, and phenotype-based patient selection, represents the most promising strategy to reduce potential consequences of adrenergic burden while maintaining tissue perfusion.",https://pubmed.ncbi.nlm.nih.gov/42277950/
42260387,2026,Impact of United Kingdom guidelines for stratification of risk in adult hospital inpatients identified with sepsis - an observational cohort study.,Dalrymple KV; Grant D; Retter A; Wilson E; Tomasi I; Kviatkovske O; Calvert SH; Deep A; Wang Y; Glover GW,BMC infectious diseases,10.1186/s12879-026-13563-5,Journal Article,eng,"United Kingdom National Institute for Health and Care Excellence (NICE) guidelines for evaluation of sepsis risk remain to be validated. This study aims to model the impact of the updated guidelines in patients identified as having a risk of sepsis based on the original guidelines. A single centre cohort study, between 2019 and 2022. Adult inpatients at risk of sepsis defined by red / amber flags in the original guideline were included. NICE criteria, based upon aggregate National Early Warning Score (NEWS2) and additional risk-factors (NEWS2 single parameter score three, lactate ≥2mmol/l, skin changes, acute kidney injury or deteriorating trajectory) were applied to this cohort to derive a revised risk classification. The primary outcome was the net reclassification index (NRI). Secondary outcomes were the association with a composite of critical care admission or death in hospital and the association with ICD-10 sepsis / Sepsis-3 status. 1303 hospital inpatients were included. Between red flag sepsis and NICE High-risk classification, there was agreement in 57.6%. The NICE model decreased the risk-classification in 471 (42.4%), of whom 216 experienced the composite outcome. The event RI deteriorated (-0.321), whilst the non-event RI improved (0.355). NICE High-risk had a similar C-statistic (0.57(0.55,0.60) vs. 0.56(0.54,0.58)) but with lower sensitivity (59.1% vs. 91.2%), higher specificity (55.1% vs. 20.2%) and PPV (55.9% vs. 52.1%) as compared to red flags. NICE High-risk had a greater C-statistic for association with Sepsis-3 status (0.66 (0.63, 0.69) vs. 0.55 (0.54, 0.57)). As implemented in this study, NICE criteria decreased the number of patients in a high-risk sepsis category, compared to a model using red flag criteria. These criteria decreased sensitivity and increased specificity for the outcome of critical care admission or death, whilst strengthening the association with Sepsis-3 criteria. Limited predictive performance advocates for clinically-led sepsis assessment.",https://pubmed.ncbi.nlm.nih.gov/42260387/
42241431,2026,Eosinophil count trajectories are associated with the prognosis of acute myocardial infarction patients: Insights from ICU data analysis.,Zhang WC; Shuai WL; Huang XQ; Dai JQ; Huo JH; Shen M; Chen JJ; Yang ZM; Xia XX,PloS one,10.1371/journal.pone.0349827,Journal Article,eng,"Previous clinical studies have demonstrated conflicting evidence regarding the relationship between eosinophil (EOS) count and adverse outcomes in acute myocardial infarction (AMI). This study aimed to evaluate the impact of EOS count trajectories during ICU admission on mortality and the incidence of acute kidney injury (AKI) in AMI patients. A total of 1,493 critically ill AMI patients from the MIMIC-IV database were enrolled. Primary outcomes included 28-day and 1-year mortality, and secondary outcomes encompassed severe AKI incidence and ICU mortality. Group-based trajectory modeling (GBTM) was applied to identify distinct EOS count trajectories. Survival differences were assessed by Kaplan-Meier curves and log-rank tests. Associations between the EOS trajectory and mortality were evaluated using multivariable logistic/Cox regression. Furthermore, mediation analysis was conducted to investigate the potential mediating effect of AKI on mortality. Three EOS trajectories were identified: Trajectory1 (stable-low), Trajectory2 (low-level steady rise), and Trajectory3 (medium-level rapid rise). Compared to Trajectory1, both the Trajectory2 (HR = 0.68, 95% CI: 0.47-0.99) and Trajectory3 (HR = 0.63, 95% CI: 0.50-0.79) showed significant reductions in 28-day mortality risk. The Trajectory3 also exhibited a 34% lower 1-year mortality risk compared to Trajectory1 (HR = 0.72, 95% CI: 0.60-0.86). Mediation analysis revealed that AKI partially mediated the association between EOS trajectories and 28-day mortality. EOS count trajectory independently predicts both short- and long-term mortality in critically ill AMI patients, establishing its role as a reliable marker for risk stratification and prognostic evaluation.",https://pubmed.ncbi.nlm.nih.gov/42241431/
42237139,2026,Hyperlactatemia in sepsis and shock: a renal metabolic perspective.,Payen D; Rimmelé T; Gómez H,"Critical care (London, England)",10.1186/s13054-026-06095-6,Journal Article; Review,eng,"Hyperlactatemia is a frequent finding in critically ill patients and is traditionally interpreted as a marker of tissue hypoxia and anaerobic metabolism. However, in sepsis, septic shock, and other states of circulatory failure - including post-cardiac arrest syndrome - elevated lactate concentrations often occur despite preserved arterial oxygenation and adequate oxygen delivery. Increasing evidence indicates that lactate is a central metabolic intermediate whose circulating concentration reflects the balance between stress-induced production, cellular utilization, and organ clearance. While hepatic metabolism has long been considered the dominant pathway for lactate disposal, the kidneys - particularly proximal tubular cells - play a major and often underappreciated role in lactate utilization and clearance. Acute kidney injury (AKI), a common complication of sepsis, directly alters systemic lactate homeostasis. In this narrative review, we synthesize current knowledge on lactate biology in critical illness and examine the contribution of renal metabolism to hyperlactatemia in patients with sepsis-induced AKI. We propose that lactate should be interpreted as an integrated metabolic signal reflecting systemic stress and impaired clearance - rather than as a surrogate for hypoxia alone - with important implications for the management of septic AKI. The potential of urinary lactate as a marker of proximal tubular metabolic dysfunction and the emerging role of protein lactylation in modulating the inflammatory-to-reparative phenotypic transition are also discussed.",https://pubmed.ncbi.nlm.nih.gov/42237139/
42230784,2026,Adipose-derived mesenchymal stem cell-derived extracellular vesicles reduce glycolysis and polarize macrophages toward M2 phenotype in sepsis-associated acute kidney injury via the miR-574-5p/GLUT1 axis.,Zhang J; Li J; Jin X; Zhu J,Clinical and experimental medicine,10.1007/s10238-026-02165-9,Journal Article,eng,"Extracellular vesicles (EVs) from adipose-derived mesenchymal stem cells (ADSCs) may exert a therapeutic benefit in sepsis-associated organ dysfunction by delivering cargos to target cells. The aims of this study were to explore the therapeutic efficacy and potential mechanism of microRNA (miR)-574-5p delivered by ADSC-EVs in sepsis-associated acute kidney injury (SA-AKI). EVs were isolated from mouse ADSCs and characterized by multilineage differentiation potency, morphology, and surface markers. miR-574-5p expression in ADSC-EVs was analyzed by biochemical testing. Luciferase reporter and RNA pull-down assays were employed to identify the binding relation between miR-574-5p and glucose transporter 1 (GLUT1). Cecal ligation and puncture (CLP)-induced mouse SA-AKI model administered with ADSC-EVs was used to evaluate therapeutic effects on kidney injury. ADSC-EVs were co-cultured with RAW264.7 macrophages to assess effects on inflammation, glycolysis (lactate levels, extracellular acidification rate), and macrophage polarization. ADSC-EVs elevated miR-574-5p expression and polarized macrophages toward M2 phenotype, reducing kidney dysfunction and inflammatory response in CLP mice. In vitro, ADSC-EVs arrested lipopolysaccharide-induced M1 macrophage polarization and induced M2 macrophage polarization by upregulating miR-574-5p expression. Mechanistically, ADSC-EVs transferred miR-574-5p into macrophages, where miR-574-5p targeted GLUT1 and limited its expression. This effect contributed to the inhibition of glycolysis and promotion of M2 macrophage polarization. In vivo studies confirmed these positive effects of ADSC-EVs in SA-AKI via the miR-574-5p/GLUT1 pathway. Altogether, our findings suggest that ADSC-EVs carrying miR-574-5p target GLUT1 to restrain glycolysis and prime M2 macrophage polarization in a SA-AKI model, paving the way for establishing a therapeutic approach for SA-AKI.",https://pubmed.ncbi.nlm.nih.gov/42230784/
42226256,2026,Association between renal replacement therapy and in-hospital mortality in patients with severe acute kidney injury: a retrospective cohort study based on MIMIC-IV database.,Tian G; Lin Z; Chen Z; Qiu Z; Zheng Z; Lin Y; Chen T; Xu Z; Cai Y; Wu K; Li X,BMC urology,10.1186/s12894-026-02206-1,Journal Article,eng,"Severe acute kidney injury (AKI) occurs frequently in intensive care unit (ICU) settings and correlates strongly with adverse patient outcomes. Whether renal replacement therapy (RRT) can effectively improve mortality outcomes in these patients remains controversial, primarily due to interference from confounding by indication. Within nephrology and critical-care practice, identifying which severe-AKI subgroups derive a survival benefit from RRT is a question of direct bedside relevance, and observational analyses with rigorous bias control are particularly informative when balanced randomised data remain limited. This retrospective cohort analysis utilized the MIMIC-IV database (version 2.2). The study population comprised adult patients (age ≥ 18 years) diagnosed with KDIGO Stage 3 AKI during their first ICU admission. Vascular causes of AKI (renal-artery stenosis, renal infarction, abdominal-aortic-aneurysm associated ischaemia) and clearly post-obstructive AKI were excluded a priori, as these phenotypes carry distinct trajectories that may not respond to RRT in a comparable manner. Patients were stratified into treatment and control groups based on RRT receipt. The clinical indication for RRT was operationalised through a composite set of pre-specified criteria (refractory hyperkalaemia, severe metabolic acidosis, refractory volume overload, uraemic complications, and oligo-anuria) that were entered into the propensity-score model in addition to severity scores and laboratory derangement, in order to reduce residual operator-dependent variation in the initiation decision. To address baseline characteristic differences, propensity score matching (PSM) was conducted using 1:1 nearest neighbor matching with a caliper of 0.02. The primary endpoint was in-hospital all-cause mortality; secondary endpoints encompassed ICU mortality, 28-day mortality, ICU length of stay, total hospital length of stay, RRT-related complications (catheter-associated bloodstream infection, mechanical line complications, bleeding events, and intradialytic hypotension), and renal recovery. Cox proportional hazards regression models were employed to calculate hazard ratios (HRs) with corresponding 95% confidence intervals (CIs). Pre-specified subgroup analyses also stratified by chronic-kidney-disease status, RRT modality, and the qualifying KDIGO Stage-3 criterion (creatinine, urine output, or both). A total of 5,847 patients with KDIGO Stage 3 AKI were enrolled, of whom 2,156 (37%) underwent RRT. Pre-matching analysis revealed substantially greater disease severity in the RRT group (SOFA score: 12.4 ± 4.2 vs. 8.6 ± 3.8, P < 0.001). Following 1:1 PSM, 1,842 matched pairs were established, with all covariate standardized mean differences (SMDs) below 0.1, indicating satisfactory matching. Within the matched cohort, in-hospital mortality was lower in the RRT group than in the controls (35% vs. 42%, P = 0.002), and the corresponding mortality risk was reduced (HR = 0.78, 95%CI: 0.68-0.89, P < 0.001). The direction and magnitude of the association were consistent across CKD versus non-CKD strata, across the qualifying KDIGO Stage-3 criterion, and across RRT modality, and RRT-related complications were observed but did not exceed rates previously reported in the literature. Subgroup analyses confirmed consistent findings of RRT regardless of sepsis status, mechanical ventilation use, age, or disease severity. After the largest confounders for indication were controlled through propensity score matching, RRT was, at a minimum, non-inferior to non-RRT management with respect to in-hospital mortality, and the matched-cohort estimates were consistent with an association with reduced mortality, among patients with severe AKI. These findings should not be read as proof of a causal protective effect, but they support the position that, in appropriately selected critically ill patients with KDIGO Stage 3 AKI - particularly those with refractory hyperkalaemia, severe acidosis, oligo-anuria, or refractory volume overload - RRT should not be withheld on the basis of perceived futility.",https://pubmed.ncbi.nlm.nih.gov/42226256/
42195178,2026,Clinical Management and Outcomes of Urosepsis in Relation to Diagnostic Complexity and Microbiological Profile.,Talaga M; Ząbkowski T; Ciechan K; Jędrzejczyk P; Kaminski TW; Syryło T,"Medicina (Kaunas, Lithuania)",10.3390/medicina62050925,Journal Article; Observational Study,eng,"Background and Objectives: Urosepsis is a common cause of sepsis in adults and is associated with substantial morbidity and mortality, particularly when urinary obstruction delays timely source control. The roles of diagnostic uncertainty at presentation, microbiological phenotypes (including multidrug resistance), and biomarkers in shaping management pathways and outcomes warrant further evaluation. Materials and Methods: This retrospective, single-center, observational study included 154 consecutive adult patients hospitalized for urosepsis. Sepsis was defined according to the Sepsis-3 criteria. Baseline clinical modifiers at admission were encoded as binary variables (e.g., malignancy, urinary tract obstruction/altered anatomy, immunocompromised status, acute kidney injury [AKI], and diagnostic uncertainty). Microbiology was standardized into pathogen groups (Gram-negative, Gram-positive, or no isolate), infection complexity (mono- vs. polymicrobial), and multidrug-resistant organism (MDRO) status. Procedures were categorized as no procedure, urinary tract decompression, or other source controls. Biomarkers (C-reactive protein [CRP], procalcitonin [PCT], and creatinine) were analyzed at admission and, when available, during hospitalization. The primary outcomes were in-hospital mortality, ICU admission, and absence/delay of source control. Results: The median age was 68 years, and 60.4% of patients were male. The in-hospital mortality and ICU admission rates were 7.1% and 3.9%, respectively. Diagnostic uncertainty was present in 9.8% and was associated with a higher likelihood of no invasive intervention (86.7% vs. 43.9%, p = 0.002) and a lower rate of urinary tract decompression (13.3% vs. 45.3%, p = 0.01). Gram-negative pathogens predominated (50.0%), and MDROs were identified in 18.2% and were associated with prior urological interventions (53.6% vs. 24.6%, p = 0.003) and higher admission PCT levels (8.6 vs. 3.2 ng/mL, p = 0.04). Bacteremia was associated with mortality (14.5% vs. 2.2%, odds ratio [OR] 7.64, p = 0.007). Mortality was higher in Gram-positive infections (21.7% vs. 4.6%, OR 5.79, p = 0.012) and in patients with AKI at admission (25.0% vs. 5.7%; OR, 5.54; p = 0.043). Conclusions: Urosepsis exhibits distinct clinical and microbiological phenotypes that influence its management and outcomes. Diagnostic uncertainty at presentation was associated with reduced early source control measures, whereas MDRO infections were clustered with prior urological interventions and higher systemic inflammatory burdens. Bacteremia, Gram-positive pathogens, and AKI at admission were associated with an increased in-hospital mortality risk. These findings support a multidimensional early assessment strategy integrating clinical presentation, microbiological risk, biomarkers, and rapid evaluation of obstruction to facilitate timely source control.",https://pubmed.ncbi.nlm.nih.gov/42195178/
42160460,2026,Prognostic Value of the Diuretic Response to Low-Dose Furosemide for Predicting Progression from Acute Kidney Injury Stage 1 in Critically Ill Patients: A Retrospective Cohort Study.,Kohara J; Mizota T; Kimura S; Egi M,Journal of intensive care medicine,10.1177/08850666261454595,Journal Article,eng,"PurposeThe furosemide stress test is useful for predicting acute kidney injury (AKI) progression, but its widespread use is limited by concerns regarding adverse events associated with high-dose administration (1-1.5 mg/kg). Furosemide responsiveness (FR) to lower doses seems to have high predictive value while reducing such risks, but its utility in early-stage AKI (stage 1) is unclear. We thus investigated the predictive value of FR in early-stage AKI.MethodsWe retrospectively reviewed adult intensive-care unit patients (≥18 years old) admitted between January 2021 and June 2024 who received a furosemide bolus dose during stage 1 of AKI. FR was assessed using the FR index (FRI; 2-h urine output per furosemide dose), body weight-adjusted FRI (mFRI), and body weight-adjusted 2-h urine output (UO/BW). The indices were compared by the Mann-Whitney U test between progression (stage ≥2 within 7 days) and non-progression groups, and predictive ability was assessed by a receiver operating characteristic (ROC) analysis.ResultsAmong 50 patients, 12 progressed and 38 did not. The mean furosemide dose was 0.29 mg/kg. FRI, mFRI, and UO/BW were significantly lower in the progression group (P < .001), with respective areas under the ROC curve of 0.945 (95% confidence interval, 0.887-1.000), 0.921 (0.831-1.000), and 0.919 (0.842-0.996). No hypotension requiring a rescue fluid bolus or other clinically overt hemodynamic instability was observed.ConclusionFR to lower doses was associated with subsequent progression from AKI stage 1 without evident hemodynamic instability in this cohort. These findings suggest that FR may provide a potentially safe and clinically useful indicator for early risk stratification in critically ill patients.",https://pubmed.ncbi.nlm.nih.gov/42160460/
42159375,2026,"External Validation, Molecular Signatures, and Therapeutic Relevance of Pediatric Sepsis-Associated Acute Kidney Injury Subphenotypes.",Stanski NL; Zhang B; Ouyang J; Standage SW; Cvijanovich NZ; Fitzgerald JC; Bigham MT; Jain PN; Lutfi R; Allen GL; Thomas NJ; Baines T; Haileselassie B; Weiss SL; Lautz AJ; Kaplan JM; Zingarelli B; Atreya MR; Sanchez-Pinto LN; Goldstein SL; Liu KD,Critical care medicine,10.1097/CCM.0000000000007135,Journal Article; Multicenter Study; Observational Study,eng,"Sepsis-associated acute kidney injury (SAKI) is a heterogeneous condition that lacks disease-modifying treatments, and precision medicine approaches are needed. We previously derived two reproducible pediatric SAKI subphenotypes (pSAKI-1 and pSAKI-2) from readily available clinical data. We aimed to externally validate the prognostic relevance of these subphenotypes, evaluate their molecular signatures, and assess for heterogeneity of treatment effect (HTE) across subphenotypes with sepsis therapies. Secondary analysis of an ongoing multicenter, prospective, observational study of children. Ten PICUs in the United States from January 2002 to February 2025. Patients 1 week to 18 years old with early (day 1-2) SAKI. None. Among 871 patients, 665 (76%) were assigned pSAKI-1 and 206 (24%) to pSAKI-2. On day 1-2, the pSAKI-2 cohort had greater severity of illness, including higher acute kidney injury stage and vasoactive burden, lower platelet counts, and higher lactate values and International Normalized Ratios. These pSAKI-2 patients also had uniformly worse outcomes, including independently higher odds of day 7 severe acute kidney injury (adjusted odds ratio [aOR] 3.2; 95% CI, 2.1-4.7; p < 0.001), death (aOR 2.7; 95% CI, 1.6-4.4; p < 0.001), and fewer PICU-free and vasoactive-free days ( p < 0.001). The biomarker signature of pSAKI-2 was characterized by greater inflammation, endothelial dysfunction, and hyperreninemia. On propensity score matched (PSM) analysis, pSAKI-1 patients who received corticosteroids had more day 7 severe acute kidney injury (28% vs. 19%, p = 0.023), 2 fewer PICU-free days ( p = 0.04) and greater mortality (10% vs. 3.7%, p = 0.008); no differences were seen in pSAKI-2 patients. Although no HTE was identified on PSM analysis for vasopressin, inverse probability treatment weighting analysis demonstrated a significant interaction between subphenotype-, vasopressin- and vasoactive-free days ( p = 0.003). We externally validated the prognostic relevance of two pSAKI subphenotypes derived from readily available data. These subphenotypes have unique biomarker signatures and differential responses to treatment, representing a potential mechanism for bedside enrichment.",https://pubmed.ncbi.nlm.nih.gov/42159375/
42148865,2026,When to start and discontinue kidney replacement therapy in acute kidney injury patients? A narrative review.,Custodio FB; Costa-Alves PR; Franco AC; Zamoner W; Ponce D,Journal of nephrology,10.1093/joneph/aajaf075,Journal Article; Review,eng,"Acute kidney injury (AKI) affects up to 50% of critically ill patients, with mortality rates exceeding 40% in severe cases. Kidney replacement therapy (KRT) is a cornerstone in the management of severe AKI, yet the optimal timing for initiation and discontinuation remains uncertain. The debate between ""early"" initiation-guided by kidney injury biomarkers, trends in creatinine or urine output, and positive fluid balance-and ""delayed"" initiation-triggered by life-threatening complications-has been shaped by recent randomized controlled trials and meta-analyses, yet still lacks clearly defined parameters to guide clinical decision-making. Current evidence favors an individualized strategy that integrates AKI etiology and trajectory, comorbidities, clinical status, and response to conservative measures, aiming to prevent complications while maximizing renal recovery. Criteria for stopping KRT are less standardized and mostly derived from observational studies. Predictors of successful discontinuation include urine output >400 mL/day without diuretics or >2000mL/day with diuretics, creatinine clearance ≥15 mL/min and low biomarker levels. Combining at least two of these parameters, alongside clinical stability, increases the likelihood of sustained renal recovery. Determining the optimal timing for KRT initiation and discontinuation in AKI is a dynamic process requiring integration of clinical, biochemical, and functional data, and close multidisciplinary collaboration. This review synthesizes the best available evidence and proposes a practical, evidence-informed algorithm combining functional tests, biomarkers, and clinical criteria to guide nephrologists in optimizing KRT timing, with potential to improve outcomes and resource utilization.",https://pubmed.ncbi.nlm.nih.gov/42148865/
42147698,2026,Renal Biomarkers of Injury as Early Predictors of COVID-19 Associated Acute Kidney Injury: A Prospective Observational Trial (BRICOAKI Study).,Kumar N; Mahto M; Kumar A; Kumar A; Kumar A,"Indian journal of critical care medicine : peer-reviewed, official publication of Indian Society of Critical Care Medicine",10.5005/jp-journals-10071-25177,Journal Article,eng,"Acute kidney injury (AKI) is a common and serious complication among critically ill COVID-19 patients. Early identification of patients at risk is challenging because serum creatinine rises late in the course of renal injury. Unlike prior COVID-19 AKI studies that measured serum neutrophil gelatinase-associated lipocalin (sNGAL) or Cystatin-C at a single time point, this study evaluates their serial trajectories and quantifies biomarker-creatinine lead-time in a critically ill intensive care unit (ICU) cohort. This prospective observational study involved 65 adults with moderate to severe COVID-19 in the ICU. Serum biomarkers [NGAL, cystatin-C, interleukin (IL)-6, kidney injury molecule (KIM)-1, tissue inhibitor of metalloproteinases (TIMP)-2, creatinine] and urinary Klotho (uKlotho) were measured on days 0, 1, 2, 3, 5, 7, and 10. Acute kidney injury was defined per kidney disease: Improving global outcomes (KDIGO) criteria. Receiver operating characteristic (ROC) analysis and lead-time estimation evaluated predictive performance. Acute kidney injury occurred in 47/65 (72.3%) patients; of them, 36/47 (76.6%) progressed to KDIGO stages 2-3, and 5 (10.6%) required renal replacement therapy (RRT). Among the biomarkers studied, sNGAL demonstrated the highest discrimination for KDIGO-defined AKI [area under curve (AUC): 0.71-0.79] and increased approximately 1 day before creatinine-based AKI diagnosis. Serum cystatin-C (sCystatin-C) showed moderate predictive value (AUC: 0.63-0.70) with a median lead time of approximately 1-2 days. Serum KIM-1 (sKIM-1) demonstrated only borderline variation across severity groups, while uKlotho did not show significant discriminatory performance. Although TIMP-2 and IL-6 were significantly elevated with increasing disease severity, their overall discriminative performance for AKI was lower compared with NGAL and cystatin-C. In critically ill COVID-19 patients, serial sNGAL and sCystatin-C demonstrated modest but consistent discrimination for KDIGO-defined AKI and showed a tendency to rise 1-2 days prior to creatinine-based diagnosis. In contrast, sKIM-1, serum TIMP-2, uKlotho, and serum IL-6 exhibited limited discriminatory performance for early AKI detection. Kumar N, Mahto M, Kumar A, Kumar A, Kumar A. Renal Biomarkers of Injury as Early Predictors of COVID-19 Associated Acute Kidney Injury: A Prospective Observational Trial (BRICOAKI Study). Indian J Crit Care Med 2026;30(4):298-304.",https://pubmed.ncbi.nlm.nih.gov/42147698/
42144021,2026,miR-4772-3p serves as a potential diagnostic and prognostic biomarker in septic acute kidney injury by targeting CISD2.,Chen Q; Zhu G,Renal failure,10.1080/0886022X.2026.2665541,Journal Article,eng,"This study aims to explore the clinical value and function of miR-4772-3p in septic acute kidney injury (AKI). A total of 99 septic patients without AKI and 93 with AKI were enrolled. RT-qPCR measured miR-4772-3p expression. Diagnostic and predictive value was assessed using the ROC curve and logistic regression, and prognostic utility was evaluated by Kaplan-Meier and Cox regression. An lipopolysaccharide (LPS)-induced human kidney‑2 cell line (HK-2) cell model was established to assess viability by CCK-8, apoptosis by flow cytometry, inflammatory cytokines (tumor necrosis factor‑α (TNF‑α), interleukin‑6 (IL‑6), interleukin‑1β (IL‑1β)) by ELISA, and oxidative stress (superoxide dismutase (SOD) and malondialdehyde (MDA)). Bioinformatics and dual-luciferase assay identified the targets of miR-4772-3p. miR‑4772‑3p was upregulated in septic AKI, and its level positively correlated with cystatin C (Cys‑C), serum creatinine (Scr), Sequential Organ Failure Assessment (SOFA) score, Acute Physiology and Chronic Health Evaluation II (APACHE II) score, blood urea nitrogen (BUN), and estimated glomerular filtration rate (eGFR). miR‑4772‑3p showed high diagnostic value and was an independent risk factor for AKI occurrence. Moreover, higher miR‑4772‑3p expression was linked to elevated mortality and served as an independent prognostic risk factor. In the LPS‑induced HK‑2 model, decreased cell viability, increased apoptosis, elevated pro‑inflammatory cytokines (TNF-α, IL-6, IL-1β), reduced SOD activity, and increased MDA content were observed. Inhibition of miR‑4772‑3p reversed these injury phenotypes. Mechanistically, CDGSH iron sulfur domain 2 (CISD2) was verified as a direct target gene of miR‑4772‑3p; knockdown of CISD2 could reverse the effects of miR-4772-3p inhibition in pathological regulation. miR‑4772‑3p may serve as a potential diagnostic and prognostic biomarker for septic AKI. Its upregulation may promote sepsis-induced HK-2 cell injury by regulating CISD2, thereby facilitating AKI progression.",https://pubmed.ncbi.nlm.nih.gov/42144021/
42134292,2026,Albiflorin contributes to Xuebijing-mediated protection against sepsis-associated acute kidney injury by modulating the succinate-PFKFB3 immunometabolic axis.,Xu Y; Wei J; Chen M; Pang J; Shi W; Liu S; Hua T; Yang M,International immunopharmacology,10.1016/j.intimp.2026.116841,Journal Article,eng,"Xuebijing injection (XBJ) is widely used in China as an adjunctive therapy for sepsis and sepsis-associated acute kidney injury (SAKI). Here, we evaluated its immunometabolic and inflammatory effects in macrophages and identified candidate bioactive monomers to define the underlying mechanisms. An inflammatory model was established in RAW264.7 macrophages using lipopolysaccharide, and targeted energy metabolomics identified succinate (SA) as a key responsive metabolite. XBJ-derived monomer screening prioritized Albiflorin for mechanistic investigation. Exogenous SA replenishment, pharmacological inhibition, and siRNA-mediated knockdown were used to investigate key glycolytic nodes and examine causal relationships. Key findings were validated in bone marrow-derived macrophages (BMDMs) and in a cecal ligation and puncture (CLP)-induced SAKI rat model. In RAW264.7 macrophages, XBJ markedly reduced SA, and phenotype-guided screening prioritized Albiflorin as a representative monomer for mechanistic investigation. Albiflorin improved mitochondrial respiration, attenuated oxidative stress, and restored succinate dehydrogenase activity, consistent with reduced SA accumulation. Exogenous SA replenishment partially reversed Albiflorin's anti-glycolytic and anti-inflammatory effects and restored PFKFB3 expression, whereas HIF-1α inhibition or knockdown did not block SA-induced PFKFB3 upregulation. PFKFB3 inhibition or knockdown reduced inflammatory outputs and lactate production and constrained SA-driven glycolytic enhancement. These findings were further supported in BMDMs and in a CLP-induced SAKI rat model. This study identified SA as an XBJ-responsive metabolite linked to macrophage inflammation and prioritized Albiflorin as a representative effector monomer for mechanistic investigation. Albiflorin lowered SA burden and suppressed PFKFB3-associated glycolytic and inflammatory activation in macrophages, supporting its contribution to SAKI protection.",https://pubmed.ncbi.nlm.nih.gov/42134292/
42129822,2026,Exosomal nanovesicles derived from Atractylodes macrocephala delivering exogenous miRNA-146a-5p for treatment of sepsis-induced acute kidney injury.,Yan Z; Yu M; Zhao J; Liu Z; Zhang D; Yang L; Shao L; Mou X; Cai Y; Yang X,Journal of nanobiotechnology,10.1186/s12951-026-04503-1,Journal Article,eng,"Sepsis-associated acute kidney injury (SA-AKI) is a critical complication in intensive care units (ICUs) with a high mortality rate, and current treatments lack precision. Its pathogenesis involves interconnected mechanisms such as systemic inflammation, renal microcirculatory disturbances, mitochondrial dysfunction, and metabolic reprogramming. In this study, we designed an innovative synergistic delivery system combining a natural vector with gene regulation-Atractylodes macrocephala exosome-like nanoparticles loaded with miR-146a-5p (AMEVLP@miR). The system was prepared via electroporation and evaluated in LPS-induced HK2 cells and mouse models. Results showed that the nanocomplex exhibited uniform particle size (~ 90 nm), favorable stability, and high renal-targeted accumulation. Compared with AMEVLP alone, AMEVLP@miR significantly decreased the release of IL-6, IL-1β, and TNF-α, decreased ROS levels, remedied mitochondrial membrane potential, attenuated apoptosis, and promoted macrophage polarization from an M1 to an M2 phenotype. Transcriptomic analysis revealed that AMEVLP@miR precisely regulated key targets by specifically inhibiting the NF-κB/IL-6 inflammatory axis and oxidative stress pathways, while also ameliorating intestinal microbiota imbalance. In summary, AMEVLP@miR effectively alleviates pathological damage in SA-AKI through multi-target synergistic effects, including anti-inflammatory effects being one aspect, antioxidant, and anti-apoptotic actions, as well as intestinal flora regulation. This work advances a new theoretical architecture and experimental substantiation of developing precise organ-protective strategies based on plant-derived nanocarriers combined with miRNAs.",https://pubmed.ncbi.nlm.nih.gov/42129822/
42127090,2026,Deep-learning time-series anomaly detection of acute kidney injury from creatinine-eGFR trajectories in the ICU.,Kang Y; Yun S; Song SM; Kim JE; Kim HJ; Cho EJ; Ahn SY; Kwon YJ; Kang MW,PLOS digital health,10.1371/journal.pdig.0001411,Journal Article,eng,"Acute kidney injury (AKI) is common in the intensive care unit (ICU), and fixed creatinine thresholds may miss clinically relevant dynamics. We tested whether a deep-learning anomaly signal from short creatinine-estimated glomerular filtration rate (eGFR) series complements conventional criteria for risk stratification. Seven-step daily creatinine-eGFR instances were built from the Medical Information Mart for Intensive Care (MIMIC-III/IV; development/internal validation) and the eICU Collaborative Research Database (external validation). Time series began within 48 hours before ICU admission and ended at kidney replacement therapy (KRT), death, or ICU discharge. An unsupervised Anomaly Transformer trained on MIMIC produced final-step anomaly scores; the 95th percentile of training scores defined a fixed threshold. Anomaly-detected AKI required a final-step creatinine rise plus a score ≥ threshold. We compared scores across Kidney Disease: Improving Global Outcomes (KDIGO) stages and evaluated 24-96-hour KRT and mortality using area under the receiver operating characteristic curve (AUROC), accuracy, and F1-score. After exclusions, the internal dataset included 81,876 admissions (381,700 time-series instances) and the external dataset 140,237 admissions (494,684 instances). Anomaly scores increased stepwise across KDIGO categories and were higher in windows followed by KRT or death. For KRT prediction at 24, 48, 72, and 96 hours, AUROCs were 0.83, 0.82, 0.81, and 0.80 internally and 0.74 at all horizons externally. For mortality, AUROCs were 0.64-0.66 internally and 0.62-0.64 externally. In threshold-based classification, F1-scores were generally highest with the anomaly rule alone, whereas accuracy was greatest when requiring both anomaly detection and KDIGO stage ≥2. Event-capture analyses showed that anomaly detection identified more near-term KRT and mortality events than KDIGO stage ≥2, with the clearest separation for KRT. A creatinine-eGFR trajectory-based anomaly signal aligned with clinical severity, was associated with near-term outcomes, and appeared to complement KDIGO-based criteria in ICU populations.",https://pubmed.ncbi.nlm.nih.gov/42127090/
42121966,2026,Biomarker-Based Diagnosis and Risk Stratification in Sepsis-Associated Acute Kidney Injury: From Molecular Mechanisms to Multimarker Panels.,Romero Pajaro BJ; Caicedo Sánchez DC; Vélez Lora MM; Mina Gasca JF; Ochoa Guette DA; Romero Martínez G; Romero Pájaro L; Viñas Granadillo ÁJ; Rodríguez-Macías J,"Diagnostics (Basel, Switzerland)",10.3390/diagnostics16091262,Journal Article; Review,eng,"Sepsis-associated acute kidney injury (SA-AKI) remains a major diagnostic challenge in critically ill patients, as conventional functional criteria-serum creatinine and urine output-often detect AKI after clinically relevant pathophysiological derangement has already evolved. Increasing evidence suggests that SA-AKI reflects a heterogeneous process characterized by early cellular stress, microcirculatory dysfunction, inflammation-associated injury, and maladaptive repair preceding overt functional decline. In this context, biomarker-based approaches have been investigated to improve early risk stratification, phenotypic characterization, and prognostic assessment in septic patients. This narrative review synthesizes current evidence on established and emerging biomarkers relevant to SA-AKI, encompassing stress markers ([TIMP-2]•[IGFBP7]), tubular injury markers (e.g., NGAL, KIM-1, IL-18), functional markers (e.g., proenkephalin/penKid, cystatin C), and exploratory molecular signatures such as circulating microRNAs (miRNAs). We examine their temporal dynamics, performance estimates, and context-dependent applicability in sepsis, and discuss limitations related to heterogeneity, assay variability, and threshold standardization. Particular attention is given to multimodal and longitudinal strategies integrating biomarkers with KDIGO criteria and clinical phenotyping. Finally, we outline a stratified framework for biomarker interpretation in SA-AKI anchored to pathophysiological windows and clinical decision points. While available evidence supports the potential of selected biomarkers for short-term risk stratification and trajectory assessment, implementation requires prospective validation demonstrating incremental value beyond established models and measurable impact on patient-centered outcomes.",https://pubmed.ncbi.nlm.nih.gov/42121966/
42110628,2026,M1 macrophage exosomes induce ferroptosis via MiR-582-5p-mediated ZBTB10 suppression in sepsis-induced acute kidney injury.,Zhang D; Zhan J; Deng Y,Archives of medical science : AMS,10.5114/aoms/204810,Journal Article,eng,"Sepsis-induced acute kidney injury (S-AKI) poses a significant clinical challenge, necessitating effective therapeutic strategies. This study investigated the influence of M1-polarized macrophage-derived exosomes on the proliferation and ferroptosis of renal tubular epithelial cells (HK2). We polarized THP-1 and RAW264.7 cells to the M1 phenotype and validated their polarization through reverse transcription-quantitative polymerase chain reaction (RT-qPCR). Exosomes isolated from these macrophages were applied to treat HK2 cells, resulting in a significant reduction in cell proliferation, as demonstrated by Cell Counting Kit-8 (CCK-8) and 5-ethynyl-2'deoxyuridine (EdU) assays. Furthermore, increased malondialdehyde (MDA) and Fe2+ levels, decreased glutathione (GSH) levels, and altered mitochondrial morphology indicated enhanced ferroptosis. RT-qPCR and Western blot analyses showed upregulation of the ferroptosis-promoting gene TFR1, while other related genes remained unaffected. We identified miR-582-5p as a key exosomal miRNA significantly upregulated in HK2 cells following treatment with M1-polarized macrophage exosomes. Overexpression of miR-582-5p in HK2 cells mirrored the exosomal effects, inhibiting proliferation and promoting ferroptosis. Mechanistic studies revealed that miR-582-5p binds to the 3' untranslated region (UTR) of ZBTB10, suppressing its expression. This suppression led to increased H3K27ac modification of the TFR1 promoter, enhancing TFR1 transcription and ferroptosis. These findings uncover a novel pathway by which M1 macrophage exosomes deliver miR-582-5p to induce ferroptosis in HK2 cells, highlighting potential therapeutic targets for S-AKI.",https://pubmed.ncbi.nlm.nih.gov/42110628/
42108463,2026,Beyond binary AKI classification: development and external validation of a distributional model predicting serum creatinine and urine output trajectories in ICU patients.,Jonkers J; Rouzé A; Verhaeghe J; Van Biesen W; De Waele J; Duchateau L; Van Wallendael G; Hoste E; Van Hoecke S,"Critical care (London, England)",10.1186/s13054-026-06017-6,Journal Article; Validation Study,eng,"Acute kidney injury (AKI) is a frequent, severe complication in the intensive care units (ICU). Existing machine learning models are typically inflexible, classification-based (i.e., predicting AKI occurrence as yes/no), and of limited clinical utility. This study proposes and externally validates the first multi-step, multivariate distributional regression model that directly predicts future distributions of serum creatinine (sCr) and urine output across multiple time horizons, thereby enhancing AKI risk stratification and personalized clinical decision support. The model was developed using a training cohort of 4,118 adult ICU stays from the MIMIC-IV dataset and externally validated on four independent, diverse cohorts: MIMIC-IV (N=3,838), UZGent (N=4,442), eICU (N=10,760), and AmsterdamUMC (N=6,129). The model used clinical data to generate multivariate predictive distributions hourly for urine output and sCr (up to 48 hours ahead). Predictors included demographics, vital signs, laboratory results, medications, and recent urine output, with time-varying variables summarized over the preceding 72 hours (recent value, slope, minimum, maximum, variability). Performance was evaluated by comparing our predictive distributions with state-of-the-art tree-based classifiers for 24-hour ahead prediction of KDIGO stages 1-3 AKI and persistent stage 3 AKI. Across all external cohorts, the distributional regression model demonstrated high discrimination (mean AUC-PR 0.774 for all stages) and excellent calibration, consistently outperforming the benchmark classifiers. By jointly predicting sCr and urine output distributions, a single model successfully enables flexible risk stratification across all stages, capturing AKI onset and persistence, and allowing changes to stage definitions. This multi-step, multivariate distributional regression model is a reliable, more flexible, transparent, and clinically interpretable approach for AKI prediction compared to traditional classification methods. It represents a necessary step toward bedside implementation of predictive models for personalized AKI management in the ICU.",https://pubmed.ncbi.nlm.nih.gov/42108463/
42100889,2026,Furosemide stress test predicts discontinuation of continuous renal replacement treatments in critically ill patients with acute kidney injury: a prospective multicenter trial.,Zhou B; Qu Y; Xu B; Tang S; Wang Y; Ge E; Yang X,Renal failure,10.1080/0886022X.2026.2662725,Journal Article; Multicenter Study,eng,ChiCTR2400091040.,https://pubmed.ncbi.nlm.nih.gov/42100889/
42072779,2026,Early Renal Microcirculatory Perfusion Patterns in Sepsis: Associations with SA-AKI Trajectories in the Emergency Department.,Gökçimen M; Akçay G; Sönmez BM,"Diagnostics (Basel, Switzerland)",10.3390/diagnostics16081153,Journal Article,eng,"Background/Objectives: Sepsis-associated acute kidney injury (SA-AKI) involves complex disturbances in renal microcirculation that may precede overt biochemical evidence of renal dysfunction. This study aimed to characterize early renal perfusion patterns during the emergency department (ED) phase of sepsis, as assessed by the renal resistive index (RRI) and the semiquantitative power Doppler ultrasonography score (SPDUS), and to explore their relationship with subsequent SA-AKI trajectories. Methods: In this prospective observational study, adult ED patients who met the Sepsis-3 criteria were enrolled. Renal perfusion was evaluated using the RRI and SPDUS at ED admission and repeated at the fourth hour. SA-AKI was classified as transient or non-transient based on renal recovery patterns. Trajectory comparisons were performed to identify early physiological differences. Receiver operating characteristic (ROC) analyses were conducted for descriptive and exploratory assessment of perfusion pattern separation between injury trajectories. Results: Fifty-four patients were included, with 35 classified as transient and 19 as non-transient SA-AKI. Patients with non-transient injury exhibited lower baseline SPDUS0 grades and higher RRI0 values compared with those with transient injury. These differences were evident at ED presentation, prior to the initiation of advanced organ support, and persisted at the fourth hour, with the non-transient group continuing to show lower SPDUS4 and higher RRI4 values than the transient group. These findings reflect distinct early renal microcirculatory perfusion patterns across SA-AKI trajectories. Sensitivity, specificity, and cut-off values are reported for descriptive and exploratory purposes only and should not be interpreted as validated clinical thresholds. Conclusions: Early alterations in renal microcirculatory perfusion are detectable during the ED phase of sepsis and differ between transient and non-transient SA-AKI trajectories. Baseline RRI and SPDUS values provide physiological insight into early renal perfusion abnormalities and evolving microcirculatory dysfunction in sepsis, but should not be interpreted as predictive tools.",https://pubmed.ncbi.nlm.nih.gov/42072779/
42049545,2026,Associations Between Early Vasoactive Inotrope Score Trajectories and Clinical Outcomes in Postcardiotomy Cardiogenic Shock Patients: A Retrospective Cohort Analysis.,Su Q; Tang B; Li W; Liu S; Long Y,Journal of cardiothoracic and vascular anesthesia,10.1053/j.jvca.2026.03.049,Journal Article; Observational Study,eng,"To hypothesize that vasoactive-inotropic score (VIS) trajectories following cardiac surgery are independently associated with 30-day all-cause mortality after intensive care unit (ICU) admission, with higher VIS trajectories correlating with worse outcomes in terms of mortality and organ dysfunction. A single-center, retrospective, observational study. An adult ICU in a tertiary hospital. A total of 1,654 postcardiotomy cardiogenic shock (PCCS) patients admitted to the surgical ICU between July 2013 and June 2024. Retrospective collection and analysis of patients' clinical data were conducted. Hourly VIS values were calculated during the first 72 hours after ICU admission. Latent class mixed modeling identified 4 distinct VIS trajectory classes from 1,654 PCCS patients: low-level transient rise (class 1, 23.6%), high-level peak-and-decline (class 2, 19.2%), high-level rapid decline (class 3, 18.9%), and low-level steady decline (class 4, 38.3%). Multivariable Cox analysis showed that class 2 was independently associated with increased 30-day all-cause mortality after ICU admission compared with class 4 (adjusted hazard ratio 2.67, 95% confidence interval 1.20-5.97), while no significant association was observed for classes 1 and 3. Class 2 also exhibited the most severe organ dysfunction, including the highest incidence and severity of acute kidney injury, elevated liver biomarkers (alanine aminotransferase and total bilirubin), a higher Sequential Organ Failure Assessment score, persistently impaired peripheral perfusion, and delayed lactate normalization. Notably, among patients with similar initial VIS levels, increasing trajectories (classes 2 and 3) were associated with worse outcomes compared with decreasing trajectories (classes 1 and 4). The initial 72-hour VIS trajectory stratifies patients with PCCS into 4 distinct classes, which correlate with different clinical outcomes. These findings suggest that VIS trajectory may serve as a risk stratification indicator, providing valuable insights into predicting disease progression and individualized therapy for PCCS patients.",https://pubmed.ncbi.nlm.nih.gov/42049545/
42043399,2026,Association between lactate trajectory and 30-day mortality in patients with acute kidney injury and delirium: A retrospective study.,Ye M; Lu X; Peng S; Zhang H; Mao J; Cai Z; Ji W; Zhang X,Science progress,10.1177/00368504261446446,Journal Article,eng,"ObjectiveTo investigate the associations of baseline serum lactate level, lactate quartiles, and lactate trajectories with 30-day mortality in critically ill adults with acute kidney injury (AKI) and delirium.MethodsData were extracted from the Medical Information Mart for Intensive Care IV (MIMIC-IV) database. Adult patients admitted to the intensive care unit (ICU) with concurrent AKI and delirium were included. Lactate levels over the first 72 hours were analyzed using group-based trajectory modeling. In parallel, baseline lactate levels were examined as a continuous variable and categorized into quartiles. The primary outcome was defined as 30-day mortality. Restricted cubic splines (RCS), multivariable Cox regression, and subgroup analyses were conducted to evaluate prognostic associations.ResultsRCS revealed a linear positive association between lactate levels and 30-day mortality. However, after adjusting for multiple confounders, baseline lactate alone was not independently associated with 30-day mortality. When categorized by quartiles, only the third quartile group was associated with higher mortality compared to the first quartile. In contrast, lactate trajectories demonstrated strong and consistent predictive value. Four distinct dynamic patterns were identified: low-stable, mildly elevated-decreasing, high-decreasing-rebound, and moderate-early rise-decline. Patients in the low-stable trajectory had the most favorable prognosis, while those with early elevation or fluctuating trends exhibited significantly higher mortality. Subgroup analyses confirmed the robustness of these associations across different comorbidities.ConclusionsDynamic lactate trajectories provide more robust prognostic information than baseline metrics, complementing the role of lactate in risk stratification and prognostic assessment for patients with AKI and delirium.",https://pubmed.ncbi.nlm.nih.gov/42043399/
42040590,2026,"Protein nutritional support in critically ill patients: pathophysiological basis, clinical evidence, and areas of uncertainty - a narrative review.",Qinyuan D; Congcong Q; Guochen L; Qianyu B; Batejin; Shuanglin Z; Bagena B; Meiyu B; Yimin Z; Meiling S; Sichao Z; Kong L,Frontiers in medicine,10.3389/fmed.2026.1770345,Journal Article; Review,eng,"Protein metabolic derangement is a hallmark of critical illness and contributes to adverse outcomes and delayed recovery. This narrative review synthesises current evidence on protein metabolism, requirement assessment, and supplementation strategies in critically ill adults, with emphasis on sepsis and severe burns as representative hypercatabolic phenotypes. Sepsis and major burns are characterised by accelerated skeletal muscle breakdown, negative nitrogen balance, and sustained functional impairment. Current guidelines generally support progressive enteral-first protein delivery after haemodynamic stabilisation, targeting at least 1.2-1.3 g/kg/day, whereas higher targets are more consistently justified in severe burns because of prolonged hypermetabolism, exudative losses, and wound-healing demands. However, randomised trials and meta-analyses do not show a uniform mortality benefit from higher protein provision, and very high early doses may be harmful in selected patients, particularly those with acute kidney injury or poor metabolic tolerance. Evidence for specific protein sources, functional amino acids, micronutrients, probiotics, and metabolic modulators remains heterogeneous. Future research should define phenotype-specific protein strategies using metabolic, structural, functional, and long-term patient-centred outcomes.",https://pubmed.ncbi.nlm.nih.gov/42040590/
42030545,2026,"Circulatory Support Escalation in Cardiogenic Shock Outcomes and Predictors of Successful Escalation from an International, Multi-Center Cardiac Intensive Care Registry.",Baldetti L; Gallone G; Ortega-Hernandez JA; Cacioli G; Festi M; Pirone F; Curro Dossi F; Bocchino PP; Angelini F; Brignone L; Vitiello V; Perulli FM; D'Avino E; González-Pacheco H; Calvo F; Sacchi S; Pieri M; Loforte A; Ajello S; Frea S; Luzi G; Arias-Mendoza A; Hernandez-Montfort JA; Metra M; De Ferrari GM; Scandroglio AM,Circulation. Heart failure,10.1161/CIRCHEARTFAILURE.125.014049,Journal Article,eng,"Background: Circulatory support escalation is often required during cardiogenic shock (CS) treatment. Currently, no large-scale data is available to inform how escalation strategies integrate in contemporary CS management and affect outcomes. Methods: We assessed the frequency, outcomes, and prognostic implications of escalation from a retrospective international registry of CS patients from 4 cardiac intensive care units. Escalation was defined as any incremental change in the circulatory support strategy after an initial bundle of care was established for at least 4 hours. Results: Among 602 consecutive CS patients, escalation was required in 30%. Patients were escalated to inotropes/vasopressors (36%), IABP (39%), Impella (14%) or V-A ECMO (11%). Escalation was associated with a higher hospital mortality rate (43% vs 21%; p<0.001; ORadj 3.42; 95% CI 2.21-3.35) and a greater transition to heart replacement therapies (23% vs 5%; p<0.001; ORadj 6.01; 95% CI 3.31-11.27), when adjusted for age, sex, chronic kidney disease, markers of CS severity on admission, CS etiology, and admission source. Escalation was associated with a higher risk of complications including acute kidney injury, major bleeding, and stroke. These outcomes occurred more frequently with high-profile mechanical circulatory support (Impella, V-A ECMO). Complications mediated 24% (95%CI 9-40%) of the association between escalation and hospital death. Escalated patients were successfully discharged alive in 42%. Age, SCAI B to C stage at escalation, TAPSE at escalation, and mean urinary output ≥1 mL/kg/hour in the 6 hours preceding escalation were independently associated with successful escalation when adjusted for sex, chronic kidney disease, and markers of CS severity on admission and at time of escalation. Conclusions: Circulatory support escalation is prevalent in patients treated for CS. Escalation is associated with a higher risk of hospital death, complications and transition to HRT, consistently with the intrinsically higher risk profile and expected trajectory of escalated patients. However, outcomes may differ according to the specific escalation strategy. Resorting to escalation in younger patients, in less severe CS stages, when the right ventricular function and urinary output are still preserved is associated with a higher chance of subsequent survival.",https://pubmed.ncbi.nlm.nih.gov/42030545/
41997686,2026,Data-driven phenotypes across the full AKI severity spectrum in patients admitted to the ICU.,Fathi M; Markazi Moghaddam N; Markazi Moghadam H; Fathi M; Hajiesmaeili M; Nooraei N; Malekpour Alamdari N; Zargar Balaye Jame S,Nefrologia,10.1016/j.nefroe.2026.501469,Journal Article,eng,"Acute kidney injury (AKI) is a frequent and heterogeneous complication among critically ill patients in the intensive care unit (ICU), often associated with adverse outcomes. This study aimed to identify phenotypic subtypes of ICU patients with AKI and to evaluate their association with clinical outcomes. A secondary analysis was conducted using the MIMIC-IV database, including a cohort of adults with varying stages of AKI, as well as patients without AKI. Factorial analysis of mixed data, followed by hierarchical clustering, was used to identify patient phenotypes based on a wide range of clinical, demographic, laboratory, and treatment variables. Cluster profiling was conducted using a multivariable logistic regression model. Among 1372 patients evenly distributed across stages 0 (non-AKI) to 3 (n=343 per stage), two distinct clusters were identified. Cluster 2 (n=671) had significantly higher in-hospital mortality (54.7% vs. 21.9%, p<0.001), and a greater prevalence of higher AKI stages (p<0.001). Moreover, cluster 2 showed a significantly greater frequency of sepsis, vasopressors and diuretics administration, chronic kidney disease, heart failure, and also higher respiratory and heart rate, and phosphorus. Patients in cluster 2 were a little younger and had a lower arterial O2 pressure and blood pH. A logistic regression profiling model achieved an accuracy (95% CI) of 91.4% (89.8%, 92.8%) in predicting cluster assignment. There are two clinically distinct phenotypes in patients admitted to the ICU concerning AKI with strong prognostic implications. The findings highlight the potential of routine ICU data to enable phenotype-based risk stratification in AKI.",https://pubmed.ncbi.nlm.nih.gov/41997686/
41987044,2026,Impact of 24-hour urine output trajectories on 28-day mortality in people with urinary tract infection: based on the MIMIC-IV database.,Du H; Wang D; Shao J; Wu J; Zhang F; Du L; Zhu X; Zhao Y,BMC infectious diseases,10.1186/s12879-026-13233-6,Journal Article,eng,"BACKGROUND: Urinary tract infection (UTI) is a common clinical infection that can lead to sepsis, infectious shock, and death when severe. Urine output is a critical indicator of renal function and hemodynamic status, and its trajectory may hold vital value for clinical outcomes in people with UTI. OBJECTIVE: To investigate the association between 24-hour urine output trajectories and 28-day mortality in people managing UTI. METHODS: The data of individuals living with UTI were identified from the MIMIC-IV database. Latent class trajectory modeling (LCTM) classified urine output trajectories during the first 24 h post-ICU admission. The fitness of the model was evaluated using Bayesian Information Criterion (BIC), Akaike Information Criterion (AIC), Sample Adjusted Bayesian Information Criterion (SABIC), Entropy and Likelihood Ratio. Survival curves, Cox regression (adjusted for potential confounding factors: age, sex, race, marital status, vital signs, laboratory indicators, and all other available important clinical covariates), and restricted cubic splines (RCS) were used to analyze associations between trajectory groups and 28-day mortality (adjusted for all confounding factors). Effect modifications were explored by subgroup analyses. RESULTS: LCTM ultimately identified three types of urine output trajectories: Class 1 (5.57%): first decreased and then rebounded urine output; Class 2 (11.60%): continuous slow and stable increase in urine output, reflecting good renal perfusion and fluid balance; Class 3 (82.83%): continuous low urine output (0–1 mL/kg/h), with mortality rates of 92.6%, 94.8%, and 88.0%, respectively. Class 2 was significantly associated with reduced 28-day mortality risk compared to Class 3 group (HR = 0.479, 95%CI: 0.269–0.855, P = 0.013). Schoenfeld residual analysis confirmed that the model satisfied the proportional hazards assumption, and Bootstrap internal validation showed that the core risk ratio estimation was stable, which jointly supported the robustness of the main findings of this study. According to the stratified analysis, increased urine output during hours 12–24 post-admission correlated with lower mortality (HR < 1, P < 0.05). RCS revealed a nonlinear relationship between urine output during hours 6–12 and survival (P-non-linear = 0.0280). CONCLUSION: Dynamic 24-hour urine output changes significantly correlate with 28-day mortality in those with UTI, which underscores the clinical importance of urine output monitoring for optimizing treatment. CLINICAL TRIAL NUMBER: Not applicable.",https://pubmed.ncbi.nlm.nih.gov/41987044/
41985267,2026,"The CD4/CD8 ratio as an immune phenotype improves risk stratification for sepsis-associated acute kidney injury: A single-center, multi-ICU Chinese cohort study.",Hu L; Chen X; Huang X; Li H; Wu X; Tang R; Feng Z; Chen C,Journal of critical care,10.1016/j.jcrc.2026.155591,Journal Article,eng,"Sepsis-associated acute kidney injury (SA-AKI) is a common and severe complication in critically ill patients, yet current risk stratification lacks immune-specific biomarkers. The CD4/CD8 T cell ratio, a key indicator of immune homeostasis, has shown prognostic value in sepsis, but its specific association with, and incremental value for predicting, SA-AKI risk in Chinese ICU populations remains underexplored. In this single-center, multi-ICU retrospective cohort study, 349 adult septic patients were enrolled. The peripheral blood CD4/CD8 T-cell ratio was measured by flow cytometry within 24 h of ICU admission. Nonlinear associations were assessed using restricted cubic spline (RCS) analysis. Model performance was evaluated by area under the receiver operating characteristic curve (AUC), net reclassification improvement (NRI), integrated discrimination improvement (IDI), and decision curve analysis (DCA). Robustness was further assessed through sensitivity and subgroup analyses. A U-shaped relationship was observed between the CD4/CD8 ratio and SA-AKI risk, with the lowest risk at ratios of 1.5-2.5. The CD4/CD8-enhanced model significantly improved predictive performance compared to the clinical model alone (AUC: 0.788 vs. 0.738). Significant improvements in risk reclassification were confirmed by NRI (0.57, 95% CI: 0.40-0.74) and IDI (0.06, 95% CI: 0.03-0.09). DCA demonstrated superior clinical utility across a wide range of risk thresholds. This study establishes a U-shaped association between the CD4/CD8 ratio and SA-AKI risk, with the nadir of risk at a ratio of 1.5-2.5. These findings support integrating this readily available immune biomarker into risk stratification models to improve early identification of septic patients at high risk for AKI.",https://pubmed.ncbi.nlm.nih.gov/41985267/
41976908,2026,Palliative Healthy Donor Stool Transplantation (pFMT) in Patients with End-Stage Alcohol-Related Cirrhosis and Severe Unstable Decompensations-A Cohort Study.,Oommen TT; Philips CA; Ahamed R; Theruvath AH; Tharakan A; Rajesh S; Augustine P,Journal of clinical medicine,10.3390/jcm15072607,Journal Article,eng,"Background and Aims: Severe alcohol-associated hepatitis (SAH) can trigger unstable decompensations in cirrhosis patients. They experience high rates of emergency department visits and hospitalization. We evaluated real-world clinical outcomes following palliative-faecal microbiota transplantation (pFMT) compared to best supportive care (BSC) in this critically ill population. Patients and Methods: From July 2021 to April 2024, 28 patients on pFMT were compared with 37 on BSC. Patients on pFMT received nasoduodenal healthy donor stool infusion daily for 5-days. Patients were followed up for portal hypertension-related events, infections, hospitalizations, extrahepatic organ failure and 6- and 12-months survival. 16S rRNA sequencing on stool samples collected at baseline and on follow up were analysed for changes in relative abundance (RA) of bacterial communities. Results: Patients were matched for age, type of decompensation and liver disease severity at enrolment. Twelve-month survival was 64.3% in pFMT versus 51.4% in BSC groups. pFMT dramatically reduced hospital readmissions (mean 0.76 ± 0.76 vs. 2.29 ± 1.27, p < 0.001). Unstable decompensations beyond 3 months occurred in 14.3% of pFMT versus 64.9% of BSC (p < 0.001). Organ failures were lesser with pFMT: acute kidney injury 7.7% versus 93.8% (p < 0.001), hepatic encephalopathy 7.1% versus 68.2% (p < 0.001). Infection burden was significantly lower (53.6% vs. 83.8%, p = 0.008), particularly infections requiring admission (17.4% vs. 66.7%, p < 0.001) with pFMT. Microbiome analysis revealed progressive expansion of Gram-negative genera in BSC, and beneficial Actinobacteria in pFMT-treated patients at 3, 6, and 12 months. Conclusions: Palliative FMT represents a unique disease-modifying intervention in end-stage alcohol-related cirrhosis, preventing organ failure progression, reducing healthcare utilization, and improving survival trajectories.",https://pubmed.ncbi.nlm.nih.gov/41976908/
41938902,2026,Clinical outcomes of persistent sepsis-associated acute kidney injury in septic shock: a post-hoc analysis of a multicenter prospective cohort study.,Kyo M; Kawazoe Y; Morimoto T; Yamamura H; Miyamoto K; Miyagawa N; Ohta Y; Kikutani K; Ohshimo S; Hirohashi N; Shime N,Annals of intensive care,10.1016/j.aicoj.2026.100041,Journal Article,eng,"Sepsis-associated acute kidney injury (SA-AKI) contributes to a large morbidity and mortality burden. While emerging evidence suggests that the trajectory of SA-AKI, such as persistent SA-AKI, is associated with clinical outcomes, their association in septic shock remains unclear. In this multicenter prospective study in 20 ICUs, we investigated the incidence, clinical impact, and risk factors of persistent SA-AK in patients with septic shock requiring high-dose norepinephrine. Persistent SA-AKI was defined as an episode of AKI by KDIGO criteria lasting for at least 48 h in sepsis defined by sepsis-3 criteria. We assessed the association of persistent SA-AKI with clinical outcomes using multivariable Cox proportional hazards and logistic regression models. We also investigated risk factors for persistent SA-AKI. In 257 patients with septic shock, 215 (84%) developed SA-AKI within 48 h of ICU admission, and 111 (43%) progressed to persistent SA-AKI. Patients with persistent SA-AKI had a significantly higher risk of 90-day mortality (adjusted HR, 2.75; 95% CI, 1.39-5.42; P = 0.004) and hospital mortality (adjusted OR, 4.29; 95% CI, 1.87-10.70; P < 0.001) than those with transient SA-AKI. Greater time-weighted average vasoactive-inotropic score was independently associated with the development of persistent SA-AKI (adjusted OR, 1.03; 95% CI, 1.01-1.06; P = 0.03). In patients with septic shock requiring high-dose norepinephrine, persistent SA-AKI is associated with worse clinical outcomes. These findings support the need for further research on risk stratification and targeted interventions based on the trajectory of SA-AKI. The study was registered on UMIN Clinical Trial Registry (UMIN000038302) on November 1, 2019.",https://pubmed.ncbi.nlm.nih.gov/41938902/
41932215,2026,"Comment on ""Trajectory pattern of serum urea nitrogen to creatinine ratio in acute kidney injury requiring continuous renal replacement therapy: A post hoc analysis of a retrospective multicenter cohort study"".",Maji C; Kokiwar PR; Biradar A; Jauhari R,Journal of critical care,10.1016/j.jcrc.2026.155570,Journal Article; Letter,eng,"We read with interest the recent multicenter post hoc cohort study evaluating serum urea nitrogen-to-creatinine ratio (UCR) trajectories in patients with acute kidney injury receiving continuous renal replacement therapy (CRRT). The authors identified three groups using group-based multitrajectory modeling and reported higher mortality in patients with elevated UCR or lactate. While the study addresses an important question in critical care risk stratification, several methodological and interpretive issues merit clarification. First, the identified classes appear to be driven primarily by baseline differences in UCR and lactate rather than clearly distinct longitudinal trajectories, raising the possibility that the findings reflect baseline prognostic stratification rather than true temporal phenotypes. Comparison with simpler baseline models incorporating day-1 variables would help determine the added value of the trajectory approach. Second, the requirement for at least two days of CRRT and the use of data up to day 3 for classification may introduce survivor or guarantee-time bias, as phenotype assignment depends on continued survival and treatment exposure. Analytical approaches such as landmark analysis or time-to-event modeling from a uniform baseline could improve validity. Third, UCR may be influenced by CRRT related factors, including modality, effluent dose, and nutritional support, complicating its biological interpretation as a marker of catabolism or illness severity. Adjustment for these variables would help distinguish treatment effects from underlying pathophysiology. Addressing these issues would strengthen the clinical applicability of UCR in risk stratification during CRRT.",https://pubmed.ncbi.nlm.nih.gov/41932215/
41921011,2026,Association between blood urea nitrogen to serum albumin ratio trajectories and mortality in patients with acute kidney injury: a retrospective cohort study.,Wang X; Li Y; Zhao J; Deng Y; Tian R; Liu L; Ping Z,Journal of nephrology,10.1093/joneph/aajaf016,Journal Article,eng,"Although previous studies have identified the blood urea nitrogen to serum albumin ratio as a risk factor for acute kidney injury (AKI), they only evaluated baseline levels, overlooking dynamic changes during intensive care unit (ICU) hospitalization. This study aimed to examine blood urea nitrogen to serum albumin ratio trajectories, assess their relationship with mortality in AKI patients, and identify factors that might influence this association. Critically ill patients with acute kidney injury were identified from the Medical Information Mart for Intensive Care (MIMIC-IV) database. The latent growth curve model was utilized to assess average blood urea nitrogen to serum albumin ratio trajectories and inter-individual variability. The group-based trajectory model identified subgroups exhibiting similar blood urea nitrogen to serum albumin ratio patterns. Cox regression analysis assessed the risk of mortality across different blood urea nitrogen to serum albumin ratio trajectory groups. Subgroup analyses were performed to validate the robustness of the results. Among 3013 eligible patients, latent growth curve modeling revealed significant heterogeneity in blood urea nitrogen to serum albumin ratio trajectories. Group-based trajectory modeling identified three trajectories: high level of decrease (22.4%), medium level of stability (42.4%), and low level of increase (35.2%). Multivariate Cox regression confirmed a higher mortality risk in the ""high level of decrease"" group at both 28 days (Hazard Ratio [HR] 2.42, 95% Confidence Interval [CI] 1.95-3.01; P < 0.001) and 360 days (HR 1.84, 95% CI 1.56-2.17; P < 0.001). Subsequently, subgroup analyses were performed for potential confounders identified by the causal directed acyclic graphs to investigate their influence on the association between blood urea nitrogen to serum albumin ratio trajectories and mortality. Blood urea nitrogen to serum albumin ratio longitudinal trends are positively correlated with mortality. Interventions aimed at reducing blood urea nitrogen to serum albumin ratio may improve survival in acute kidney injury patients.",https://pubmed.ncbi.nlm.nih.gov/41921011/
41901527,2026,Outcomes of Burn Patients Admitted Initially to a Non-Burn Center Intensive Care Unit in Romania: A Retrospective Exploratory Study.,Grăjdieru O; Bodolea C; Moisoiu V; Petrișor C; Tigu B; Szekely A; Streza R; Constantinescu C,"Medicina (Kaunas, Lithuania)",10.3390/medicina62030443,Journal Article; Observational Study,eng,"Background and Objectives: Many burn patients are initially admitted to non-burn center intensive care units (ICUs) due to resource constraints, geographic barriers, or delayed transfer. Their management requires multidisciplinary, phase-specific clinical and assistive practices, yet outcomes from non-specialized centers remain scarce. This study aimed to (1) determine six-month survival among all adult burn patients initially admitted to a non-burn center ICU, (2) identify clinical predictors of mortality, and (3) explore reasons for transfer to burn centers within a resource-limited healthcare setting. Materials and Methods: We conducted a retrospective observational cohort study including 42 adult burn patients initially admitted to the ICU of a regional non-burn hospital in Romania (2019-2024). Of these, 24 were treated entirely in the non-burn center (initially treated in the ICU and then further managed on the same hospital's wards), and 18 were, after initial ICU stabilization, subsequently transferred to burn centers. Six-month survival was assessed using Kaplan-Meier analysis. Logistic regression and Cox proportional hazards models were used to assess associations with mortality. Clinical trajectories and transfer decisions were also analyzed. Results: Six-month survival was 61.9% (95% CI 48.8-78.5), with most deaths occurring within 60 days. Total body surface area (TBSA) (HR 1.05, 95% CI 1.02-1.08, p < 0.001) and acute kidney injury (AKI) (HR 3.48, 95% CI 1.18-10.29, p = 0.024) were independently associated with mortality. Patients transferred to burn centers had greater TBSA (median 35% vs. 15%, p = 0.003), consistent with severity-driven referral decisions. Conclusions: Among all burn patients initially admitted to a non-burn center ICU, six-month survival was 62%, with TBSA and AKI independently associated with mortality in adjusted analyses. These findings underscore the importance of phase-specific, multidisciplinary care pathways, including early resuscitation, renal and hemodynamic monitoring, coordinated nursing care, rehabilitation planning, and transfer protocols to improve outcomes.",https://pubmed.ncbi.nlm.nih.gov/41901527/
41897071,2026,Early Prediction of Acute Kidney Injury Using the Furosemide Stress Test in Pediatric Cardiac Surgery Patients.,Özden Ö; Tanyildiz M; Yakici AE; Alper EN; Kızılkaya MH; Biçer M; Pehlivanoğlu C; Ödemiş E; Akçevin A,"Children (Basel, Switzerland)",10.3390/children13030358,Journal Article,eng,"We evaluated the furosemide stress test as an early predictor of acute kidney injury following pediatric cardiac surgery, in comparison with the Kidney Disease: Improving Global Outcomes (KDIGO) diagnostic criteria. This single-centre retrospective study evaluated pediatric patients who underwent open cardiac surgery between March 2019 and September 2024 at Koç University Hospital. The evaluation included pre-operative, intra-operative, and postoperative variables; a two-hour assessment of urinary response to the first dose of furosemide upon admission to the intensive care unit; and rates of acute kidney injury. A total of 254 patients were included, and 53 patients (20.8%) developed acute kidney injury according to KDIGO criteria. The mean furosemide stress test response was 9.86 ± 5.84 (median: 9.10) mL/kg/h in the non-AKI group and was significantly lower in the AKI group at 5.07 ± 4.73 (median: 3.33) mL/kg/h (p < 0.001). Receiver operating characteristic analysis demonstrated that the furosemide stress test has discriminative ability to predict acute kidney injury. The cut-off value was 6.104 mL/kg/h, and patients with a lower response had a higher risk of developing acute kidney injury. Sensitivity and specificity were 69.8% and 69.7%, respectively. Acute kidney injury was diagnosed at a median of 18 h using KDIGO criteria, whereas the furosemide stress test enabled earlier prediction of acute kidney injury risk at a median of 5 h. The findings support the potential clinical utility of the furosemide stress test in the early stages after pediatric cardiac surgery to predict acute kidney injury.",https://pubmed.ncbi.nlm.nih.gov/41897071/
41890997,2026,AKI-twinX: explainable organ structured digital twin for sepsis AKI trajectory forecasting.,Cai J; Gatz AE; Li J; Pal D; Tang H; Eadon MT; Yang B; Meng L; Su J,medRxiv : the preprint server for health sciences,10.64898/2026.03.13.26346736,Journal Article; Preprint,eng,"Acute kidney injury in sepsis evolves over hours to days, yet most ICU models emphasize onset and provide limited insight into cardio-renal interactions. We developed AKI-twinX, an organ-structured, explainable digital twin that jointly forecasts acute kidney injury onset, acute kidney injury trajectory, and near-term mortality risk. The model learns renal and cardiovascular latent states with sparse feature gating and captures cross-organ coupling with attention. We trained AKI-twinX on MIMIC-IV sepsis using 5-fold cross-validation and evaluated it on an Indiana University Health cohort. Discrimination was consistent across systems (AUC: mortality 0.86-0.88, acute kidney injury onset 0.78-0.82, acute kidney injury trajectory 0.73-0.78). In vasopressor-treated windows, 12-hour systolic blood pressure forecasts tracked observed values (mean absolute error 8.5 mmHg). Counterfactual vasopressor withdrawal shifted predicted blood pressure downward and increased predicted risk, supporting sensitivity to clinically meaningful interventions. AKI-twinX enables trajectory-aware forecasting with bedside auditability in sepsis.",https://pubmed.ncbi.nlm.nih.gov/41890997/
41877057,2026,Clinical and resource burden of acute kidney injury among adults hospitalized with sepsis: a retrospective cross-sectional study.,Tai B; Okonkwo C,BMC nephrology,10.1186/s12882-026-04915-z,Journal Article,eng,"BACKGROUND: Acute kidney injury (AKI) is a frequent complication of sepsis and is associated with worse clinical outcomes. However, contemporary national estimates of its broader clinical and health-system burden, including discharge disposition, remain limited. We used a large nationally representative database to characterize the epidemiology and associated outcomes of AKI among adults hospitalized with sepsis in the United States. METHODS: We conducted a cross-sectional study of adult sepsis hospitalizations in the 2022 National Inpatient Sample (NIS). AKI was identified using ICD-10-CM codes (N17.x) in any diagnosis position. Clinical outcomes included in-hospital mortality, mechanical ventilation, central venous catheter placement (marker of intensive care–level management), and in-hospital dialysis. Resource outcomes included length of stay, total hospital charges, and discharge disposition. Survey-weighted logistic and gamma regression models were used to estimate adjusted odds ratios (aORs) and adjusted ratios of geometric means (aROMs), adjusting for demographic, socioeconomic, and Elixhauser comorbidity variables. Sensitivity analyses evaluated dialysis associations after excluding patients with pre-existing end-stage renal disease (ESRD) and assessed robustness of AKI definition using primary-diagnosis restriction. RESULTS: Among an estimated 2.96 million adult sepsis hospitalizations in 2022, 44.5% involved AKI. Compared with sepsis hospitalizations without AKI, those with AKI demonstrated higher unadjusted mortality (19.8% vs. 7.5%), greater use of mechanical ventilation (22.3% vs. 9.3%), and increased central venous catheter placement (10.1% vs. 5.8%). After adjustment, AKI remained strongly associated with in-hospital mortality (aOR 2.44; 95% CI 2.38–2.50), mechanical ventilation (aOR 2.66; 95% CI 2.60–2.72), central venous catheter placement (aOR 1.70; 95% CI 1.65–1.74), longer length of stay (aROM 1.33; 95% CI 1.32–1.34), and higher total hospital charges (aROM 1.50; 95% CI 1.48–1.52). AKI was also associated with lower likelihood of home discharge (26.0% vs. 43.8%) and greater transfer to post-acute care facilities (40.4% vs. 30.8%). In fully adjusted models, AKI was associated with lower odds of dialysis (aOR 0.73; 95% CI 0.70–0.76); however, exclusion of patients with pre-existing ESRD reversed this association (aOR 19.0; 95% CI 14.1–25.7), suggesting influence of administrative coding structure. Given potential misclassification of chronic dialysis status in administrative data, dialysis findings should be interpreted as exploratory. CONCLUSIONS: In a contemporary nationally representative cohort, AKI was common among adults hospitalized with sepsis and was independently associated with higher mortality, greater concurrent organ-support involvement, prolonged hospitalization, increased financial burden, and worse discharge disposition. Sensitivity analyses highlight the influence of chronic dialysis coding on dialysis outcomes and underscore the importance of cautious interpretation of administrative data. These findings support recognition of AKI as a high-risk prognostic phenotype within sepsis hospitalizations and emphasize its substantial recovery and health-system burden.",https://pubmed.ncbi.nlm.nih.gov/41877057/
41861649,2026,De Ritis Ratio Trajectories and Mortality Risk in Sepsis-Associated Acute Kidney Injury.,Luo X; Huang G; Zeng W; Lai N; Zhang M; Zhu D,The Journal of surgical research,10.1016/j.jss.2026.02.009,Journal Article,eng,"Sepsis-associated acute kidney injury (SA-AKI) is a common and life-threatening complication in critically ill patients. The De Ritis ratio has been linked to adverse clinical outcomes; however, its longitudinal trajectories and prognostic value in SA-AKI patients remained unclear. This retrospective cohort study utilized data from the Medical Information Mart for Intensive Care database and included 4468 patients with SA-AKI who had at least four measurements of the De Ritis ratio within the first 7 d following intensive care unit (ICU) admission. Group-based trajectory modeling was used to identify distinct De Ritis ratio trajectories. Cox proportional hazards models were employed to evaluate the associations of both baseline De Ritis ratio and its trajectories with ICU mortality and 30-d mortality. Three distinct De Ritis ratio trajectories were identified: persistently low, moderate, and high levels. SA-AKI patients in the persistently high-level group had significantly higher ICU (hazard ratio [HR] = 1.91, 95% confidence interval [CI]: 1.51-2.43) and 30-d mortality (HR = 2.05, 95% CI: 1.65-2.53) risks compared to those with persistently low trajectories. In addition, the persistently moderate De Ritis ratio trajectory was also significantly associated with ICU mortality (HR = 1.60, 95% CI: 1.36-1.88) and 30-d mortality (HR = 1.73, 95% CI: 1.51-1.99). Subgroup analysis demonstrated that these associations were more pronounced among patients admitted through the emergency department. Persistently elevated De Ritis ratio trajectories within the first 7 d of ICU admission were independently associated with increased risks of ICU and 30-d mortality in patients with SA-AKI.",https://pubmed.ncbi.nlm.nih.gov/41861649/
41861041,2026,Association between Cytokine Adsorption Therapy and Organ Dysfunction Trajectories in Septic Shock with AKI: A Retrospective Cohort Study.,Kılıç İ; Çağlayan Y; Kiraz HA; Bakırdöğen S; Karakılıç E,Blood purification,10.1159/000551454,Journal Article,eng,"Septic shock with acute kidney injury (AKI) carries a high risk of mortality and multi-organ dysfunction. Cytokine adsorption therapy has been proposed as a potential adjunct to continuous renal replacement therapy. We aimed to evaluate the association between cytokine adsorption and short-term organ dysfunction as well as in-hospital mortality in patients treated with continuous veno-venous hemodiafiltration (CVVHDF). This single-center retrospective cohort study included 73 adult patients with septic shock and AKI who underwent CVVHDF. Patients receiving additional cytokine adsorption therapy using the HA330 cartridge were compared with those receiving standard treatment. The primary outcome was 72-h change in SOFA score (ΔSOFA). Secondary outcomes included in-hospital mortality and hemodynamic trends. Multivariable logistic regression and Cox proportional hazards models were applied to adjust for confounding and assess survival. Cytokine adsorption therapy was associated with a significantly greater median ΔSOFA score (5.9 vs. 0.0; p < 0.001). In-hospital mortality was lower in the cytokine group (hazard ratio 0.46; 95% confidence interval: 0.23-0.92; p = 0.027). Logistic regression confirmed cytokine adsorption as an independent predictor of survival (OR = 0.006, p = 0.039). The model demonstrated excellent discrimination (ROC AUC = 0.930) with high sensitivity (97.7%) at the 0.5 threshold. Exploratory subgroup analyses suggested that membrane type and microbial profile may modify treatment response. In this retrospective cohort, cytokine adsorption therapy was independently associated with early improvements in organ dysfunction and reduced in-hospital mortality. These findings support its potential therapeutic role, but require confirmation in larger multicenter prospective trials.",https://pubmed.ncbi.nlm.nih.gov/41861041/
41860304,2026,Plasma Linoleic Acid Is Associated With Pediatric Sepsis Phenotype and Acute Kidney Injury.,Saraiva IE; Fuhrman DY; Kernan KF; Park HJ; Chen X; Berg RA; Meert KL; Pollack M; Hall M; Newth C; Harrison R; Shanley T; Carcillo JA; Gómez H,Pediatric critical care medicine : a journal of the Society of Critical Care Medicine and the World Federation of Pediatric Intensive and Critical Care Societies,10.1097/PCC.0000000000003902,Journal Article,eng,"Linoleic acid (LA) is the most abundant polyunsaturated fatty acid in diet, and it is a precursor to inflammatory lipid mediators called oxylipins. The role of LA and its oxylipins in pediatric sepsis and organ injury is uncertain. Recently, pediatric sepsis phenotypes were described, with phenotype D characterized by the highest proportion of acute kidney injury (AKI), multiple organ failure, and risk of death. We aimed to test the hypothesis LA may play a role in sepsis-associated organ dysfunction. We therefore investigated whether increasing plasma LA and LA-derived lipoxygenase oxylipins are associated with sepsis phenotype D and with AKI in a cohort of critically ill children with sepsis. We studied a subset of 108 patients from the Phenotyping Sepsis-Induced Multiple Organ Failure Study (PHENOMS) cohort by means of untargeted metabolomics of heparinized plasma samples. Primary outcome was phenotype group. Key secondary outcomes included AKI (defined as both creatinine > 1 mg/dL and oliguria < 0.5 mL/kg/hr), other organ dysfunctions, and hospital mortality. Patients were followed up until discharge or 28 days. ICU. One hundred eight patients with sepsis. None. Higher LA levels were associated with sepsis phenotype D as compared with phenotypes A-C (odds ratio [OR], 1.67; 95% CI, 1.05-2.65; p = 0.03). LA-derived oxylipins 9-hydroxyoctadecadienoic acid and 13-hydroxyoctadecadienoic acid (9-HODE/13-HODE) were also associated with sepsis phenotype D (jointly reported in one variable; OR, 1.26; 95% CI, 1.01-1.57; p = 0.04). Higher LA showed a trend and 9-HODE/13-HODE was associated with AKI (OR, 1.52; 95% CI, 0.97-2.38; p = 0.07 and OR, 1.27; 95% CI, 1.03-1.56; p = 0.02, respectively). Neither LA nor oxylipins were associated with hospital mortality. LA levels and LA-derived lipoxygenase oxylipins are associated with pediatric sepsis phenotype D and AKI. These results support future mechanistic studies to investigate lipid metabolism in the pathophysiology of sepsis.",https://pubmed.ncbi.nlm.nih.gov/41860304/
41844479,2026,Trajectory pattern of serum urea nitrogen to creatinine ratio in acute kidney injury requiring continuous renal replacement therapy: A post hoc analysis of a retrospective multicenter cohort study.,Nakano H; Horie R; Gondo T; Inoue Y; Inokuchi R; Doi K; CHANGE Study Group,Journal of critical care,10.1016/j.jcrc.2026.155522,Journal Article; Multicenter Study,eng,"Investigate the association between the phenotypic classification of laboratory data and mortality in adult patients with acute kidney injury (AKI) undergoing continuous renal replacement therapy (CRRT). This post-hoc analysis of a retrospective multicenter cohort study examined adult AKI patients treated with CRRT at 18 university hospitals in Japan. The primary outcome was mortality within 7 days of CRRT termination. The phenotypes were classified by analyzing the laboratory data until day 3 following CRRT initiation using a group-based multitrajectory (GBMT) analysis. External validation was performed using the Medical Information Mart for Intensive Care (MIMIC)-IV database. Altogether, 550 patients were categorized into the following three groups based on their lactate (Lac) levels and serum urea nitrogen-to-creatinine ratio (UCR): group 1, high Lac levels; group 2, high UCR; and group 3, normal UCR and Lac levels. Groups 1 and 2 exhibited higher mortality rates than group 3 (33.3% vs. 29.3% vs. 13.5%, p < 0.01), although group 3 demonstrated the highest serum creatinine level (2.3 vs. 2.1 vs. 3.0 mg/dL, p < 0.001). External validation using the MIMIC-IV database showed similar results. UCR and Lac were distinctive factors in the GBMT analysis. The groups with high UCR or high Lac levels had significantly higher mortality rates than the groups with normal UCR and Lac levels. UCR may reflect increased protein metabolism and be a useful risk factor for mortality even in patients with severe AKI requiring CRRT.",https://pubmed.ncbi.nlm.nih.gov/41844479/
41813944,2026,Predictive value of FST for renal replacement therapy in patients with acute kidney injury: a meta-analysis.,Zhao C; Zhang Z; Wang X; Zhang T; Guo S; Xin Y; Zhu G; Hu Z,Scientific reports,10.1038/s41598-026-43461-4,Journal Article; Meta-Analysis,eng,"The furosemide stress test (FST) has been used as a predictor for renal replacement therapy (RRT), yet its reported performance varies across studies. This meta-analysis aimed to evaluate the predictive value of FST for RRT in patients with acute kidney injury (AKI). We searched PubMed, Embase, Cochrane, CNKI, and Wanfang Medical databases up to December 13, 2025, for prospective or retrospective cohort studies reporting the predictive performance of FST for RRT. This trial has been registered in PROSPERO (CRD42024570956). A total of 14 studies with 3506 AKI patients were included. The pooled sensitivity and specificity of FST in predicting RRT were 0.76 (95% CI 0.67–0.83) and 0.77 (95% CI 0.69–0.84), respectively. The pooled positive likelihood ratio was 3.36 (95% CI 2.44–4.26), and the pooled negative likelihood ratio was 0.31 (95% CI 0.22–0.43). The area under the summary receiver operating characteristic curve was 0.83. When integrated into a combined prediction model, FST demonstrated enhanced prognostic accuracy for RRT compared with its use as a stand-alone test. These findings suggest that FST is a promising bedside tool for identifying patients with AKI who are a high risk of requiring RRT.",https://pubmed.ncbi.nlm.nih.gov/41813944/
41776517,2026,The '72-Hour Divergence' in severe hyperbilirubinemia: sepsis is associated with altered renal and hematologic adaptation in a 10-year exchange transfusion cohort.,Sarı EE; Salihoğlu Ö,BMC pediatrics,10.1186/s12887-026-06682-0,Journal Article,eng,"OBJECTIVE: To investigate the association between concurrent sepsis and physiological recovery trajectories in neonates undergoing exchange transfusion (ET) for severe hyperbilirubinemia. STUDY DESIGN: A 10-year longitudinal cohort study (2010–2020) of 54 neonates requiring double-volume ET. Patients were stratified into Sepsis (n = 26) and No-Sepsis (n = 28) groups. Renal and hematologic adaptation markers were analyzed over the first 72 h post-procedure. RESULT: The initial severity of hyperbilirubinemia was comparable between the groups (admission TSB: 23.8 vs. 23.1 mg/dL; p = 0.42). Sepsis, predominantly driven by Klebsiella and E. coli, was identified in 48.1% of the cohort. While ET effectively lowered bilirubin in all infants, concurrent sepsis was associated with a “72-Hour Divergence” an altered physiological state characterized by severe thrombocytopenia (85 vs. 240 × 10³/µL; p < 0.001) and persistent creatinine elevation (1.1 vs. 0.4 mg/dL; p < 0.001) at 72 h. Furthermore, sepsis was linked to a prolonged hospitalization of 7.8 days (p < 0.001), independent of admission bilirubin levels. CONCLUSION: Sepsis is associated with altered renal and hematologic adaptation in neonates undergoing ET. The “72-Hour Divergence” represents a distinct high-risk phenotype requiring clinical vigilance beyond isolated bilirubin clearance.",https://pubmed.ncbi.nlm.nih.gov/41776517/
41765736,2026,Association between ventilatory ratio and subsequent development of severe late acute kidney injury in acute respiratory distress syndrome.,Kokkoris S; Papoutsi E; Andrianopoulos I; Siampanos A; Kolonia K; Charalampaki E; Kotanidou A; Dimopoulou I; Siempos II,Medicina intensiva,10.1016/j.medine.2026.502440,Journal Article; Multicenter Study,eng,"To investigate the association of a dead space ventilation index, namely ventilatory ratio (VR), with subsequent development of severe late acute kidney injury (AKI). Multicenter retrospective study. Secondary analysis of individual patient-level data from seven ARDS Network and PETAL Network randomized controlled trials. Critically ill patients with ARDS. We compared patients who developed severe AKI (stage II or III) more than two days but no longer than seven days following ARDS onset (""severe late AKI"" group) with patients who did not develop severe late AKI (""no severe late AKI"" group). None. VR, severe late AKI. Of 3007 patients with ARDS included in the study, 376 (12.5%) developed severe late AKI. Baseline VR was independently associated with severe late AKI development [odds ratio (OR) 1.712, CI 1.096-2.674, p = 0.018)]. An adjusted linear mixed effects model revealed that trajectory of VR was higher in patients who developed severe late AKI than those who did not (estimate = 0.23, p < 0.001). Adjusted latent class mixed modeling identified two distinct trajectories of VR evolution over time, class 1 with lower trajectory over time, and class 2 with higher trajectory, which was independently associated with an increased risk of severe late AKI (OR 2.55, 95% CI 1.02-6.41, p = 0.046) compared to class 1. In ARDS, baseline value of VR was independently associated with severe late AKI, while its trajectory was significantly higher in patients who developed severe late AKI than those who did not.",https://pubmed.ncbi.nlm.nih.gov/41765736/
41748078,2026,Incidence and Severe Outcomes of Acute Kidney Injury in Haff Disease: A Brazilian Cohort Study.,Domingues-da-Silva RO; Oliveira HB; Teixeira TA; Lopes GR; Chagas GCL; Santiago AIA; de Almeida Mota Ramalho J; Meneses GC; Israel KCP; Santos PBS; da Conceição Andrade L; Junior GBS; Martins AMC; Daher EF,Tropical medicine & international health : TM & IH,10.1111/tmi.70111,Journal Article,eng,"Haff disease, characterised by rhabdomyolysis within 24 h of fish ingestion, is a rare but potentially severe condition. Acute Kidney Injury (AKI) is recognised as a significant complication, yet effective prognosis assessment is difficult due to clinical variability and the disease's low incidence. This study aimed to determine the incidence and severity of AKI in Haff disease patients from a recent outbreak, comparing clinical and laboratory features between those with and without this complication. This retrospective cohort study utilised medical records from a Brazilian tertiary hospital between 2021 and 2022. Adult patients presenting within 24 h of fish consumption with serum Creatine Phosphokinase (CPK) levels at least five times the upper reference limit and classic signs of rhabdomyolysis were included. Eighteen patients met inclusion criteria, 56% male, mean age 52.6 ± 16.4 years, 28% with diabetes, 39% with hypertension. No patient died in our cohort. AKI occurred in 8 patients (44%), predominantly classified as KDIGO stage 3 (75%). Within the AKI group, 2 (25%) presented with oliguria, 5 (63%) required dialysis and 3 (38%) remained dialysis-dependent at discharge. Both patients requiring intensive care unit admission belonged to the AKI group. Peak levels of liver enzymes (AST p = 0.005, ALT p = 0.018), Lactate Dehydrogenase (p = 0.042) and both admission (p = 0.008) and peak (p = 0.003) CK-MB were significantly higher in patients who developed AKI. AKI incidence in this Haff disease cohort was notably high. The AKI group had a more severe clinical trajectory, encompassing all ICU admissions and frequent dialysis requirements, with a concerning rate of persistent dialysis dependence at discharge.",https://pubmed.ncbi.nlm.nih.gov/41748078/
41710101,2026,Persistent Severe Acute Kidney Injury Among Critically Ill Patients: Outcomes and Predictive Markers-A Single-Center Retrospective Cohort Study.,Nguyen TP; Khong TT; Vu HTT; Nguyen NNP; Phan PV; Le HT; Hoang TT; Nguyen HT; Phan LT; Nguyen YTK; Hoang PKN,Critical care research and practice,10.1155/ccrp/6920702,Journal Article,eng,"Persistent severe acute kidney injury (PS-AKI)-recently standardized as Kidney Disease: Improving Global Outcomes (KDIGO) Stage 3 persisting ≥ 72 h, or renal replacement therapy/death after Stage 3 diagnosis-has emerged as a trajectory-based phenotype complementing conventional KDIGO staging. Evidence in contemporary intensive care unit (ICU) cohorts remains limited. We retrospectively studied adults admitted to a tertiary ICU (January 2024-June 2025). Acute kidney injury (AKI) was staged per KDIGO 2012, with trajectories classified as Stage 1 AKI, transient AKI (Stage 2-3 resolving within 48 h), persistent mild-moderate AKI, or PS-AKI. The primary outcome was in-hospital mortality; secondary outcomes included renal recovery. Predictors of PS-AKI were explored using logistic regression and gradient boosting with SHAP attribution. Among 139 ICU patients with AKI screened, 106 met criteria. Most AKI was community-acquired (97/106, 91.5%). PS-AKI accounted for 23% (24/106) and carried the worst outcomes, with in-hospital mortality 54% and renal recovery 17%. Within Stage 2-3, PS-AKI was associated with substantially worse outcomes than non-PS trajectories (mortality 54% vs 10.8%; adjusted HR for death 2.23, 95% CI 0.69-7.21; adjusted OR for renal recovery 0.07, 95% CI 0.01-0.24). A 72-h landmark analysis showed similar but nonsignificant trends. Inflammatory profiles distinguished PS-AKI, with higher neutrophil-to-lymphocyte ratio (NLR), C-reactive protein (CRP), and lower platelets. The composite NLR-to-platelet ratio (NLR/PLT) was independently associated with PS-AKI (adjusted OR 2.51 per doubling, 95% CI 1.52-4.12; AUC 0.86), while the systemic immune-inflammation index (SII) showed no significant association. In this predominant community-acquired ICU cohort, PS-AKI was common and strongly associated with poor in-hospital outcomes. The co-occurrence of inflammation and thrombocytopenia, summarized by NLR/PLT, may represent a simple exploratory signal for early-risk appraisal. These findings support further research into trajectory-based AKI phenotypes and the potential utility of inflammation-hematologic markers in predicting persistence.",https://pubmed.ncbi.nlm.nih.gov/41710101/
41700132,2026,Lycium barbarum Polysaccharide Alleviates Renal Damage in Mouse Sepsis by Regulating M1/M2 Macrophage Polarization.,Zhang Y; Lu X; Yang H; Zhao Y; Liu S,Food science & nutrition,10.1002/fsn3.71561,Journal Article,eng,"Lycium barbarum polysaccharide (LBP), a compound derived from the traditional Chinese herb Lycium barbarum, has been recognized for its immunomodulatory and anti-inflammatory properties. Sepsis-associated acute kidney injury (SA-AKI) is characterized by systemic inflammation and organ dysfunction. Given the critical role of dysregulated M1/M2 macrophage polarization in the pathogenesis of SA-AKI, this study investigated the potential protective effects of LBP both in vivo and in vitro. In the mice model of SA-AKI induced by colonic ligation puncture, LBP administration significantly reduced biochemical indicators of renal injury, including BUN, creatinine, KIM-1, and NGAL. At the molecular level, LBP decreased the expression of M1 macrophage markers such as iNOS while elevating M2 markers like Arg-1. Consistent with these findings, experiments in RAW264.7 cells demonstrated that LBP downregulated pro-inflammatory cytokines IL-1β, IL-6, and iNOS, while upregulating anti-inflammatory IL-10 and Arg-1. Further mechanistic analysis revealed that LBP modulates macrophage polarization by regulating the phosphorylation of STAT1 and STAT6, thereby promoting the M2 phenotype and inhibiting M1 activation. Collectively, these results indicate that LBP attenuates SA-AKI by regulating macrophage polarization.",https://pubmed.ncbi.nlm.nih.gov/41700132/
41695599,2026,The Impact of White Blood Cell Count Trajectories on Prognosis and Secondary Acute Kidney Injury in Sepsis Patients.,Yan J; Abudurexiti A; Yibubula G; Li W; Liang J,Mediators of inflammation,10.1155/mi/6750509,Journal Article,eng,"Sepsis-associated acute kidney injury (SA-AKI) is a common and severe complication in critically ill patients, yet the prognostic value of longitudinal white blood cell (WBC) dynamics remains underexplored. Most studies rely on single-timepoint measurements, potentially overlooking important dynamic information for risk stratification. This study aimed to identify distinct WBC trajectory patterns during the first 7 days of ICU admission and evaluate their associations with mortality and secondary AKI in sepsis patients. This retrospective cohort study analyzed 15,328 adult sepsis patients from the MIMIC-IV database (version 3.1) between 2008 and 2019. Group-based trajectory modeling (GBTM) was applied to daily WBC counts to identify trajectory subgroups. The primary outcome was 28-day mortality, with secondary outcomes including 90-day mortality and secondary AKI occurring after day 7. Cox proportional hazards regression was used to estimate hazard ratios with 95% confidence intervals. Subgroup analyses evaluated effect consistency across clinically relevant characteristics. Four distinct WBC trajectory groups were identified: high (n = 812, 5.3%), medium-high (n = 2,830, 18.5%), medium-low (n = 7,121, 46.5%), and low (n = 4,565, 29.8%), with overall mean WBC counts of 24.13, 16.60, 11.24, and 6.64 × 109/L, respectively. The 28-day mortality rates were 31.2%, 20.7%, 14.8%, and 12.9% for high, medium-high, medium-low, and low groups, respectively (log-rank p  < 0.001). Compared with the high group, the low trajectory demonstrated significantly reduced mortality risk (HR: 0.36, 95% CI: 0.31-0.42, p  < 0.001). The high-trajectory group exhibited higher secondary AKI incidence (21.8% vs. 13.0%, p  < 0.001) and greater disease severity. A significant interaction was observed for AKI status (P for interaction = 0.003). Longitudinal WBC trajectory patterns provide superior prognostic information compared to single-timepoint measurements in sepsis patients, with persistently high WBC levels associated with increased mortality and secondary AKI risk.",https://pubmed.ncbi.nlm.nih.gov/41695599/
41691483,2026,Neutrophil-Mimetic Nanoscavengers Target the Inflammatory Microenvironment to Eliminate NETs/ROS and Immunomodulate cGAS-STING Signaling in Septic AKI.,Zhang Z; Zhang C; Luo R; Wu Q; Ren P; Liu X; Luo Y; Xu Z; He X; Liu Y,"Advanced science (Weinheim, Baden-Wurttemberg, Germany)",10.1002/advs.202521861,Journal Article,eng,"Sepsis-associated acute kidney injury (SAKI) remains a life-threatening condition with limited therapeutic options, primarily driven by rampant oxidative stress, inflammatory dysregulation. Importantly, aberrant formation of neutrophil extracellular traps (NETs) and sustained innate immune activation further exacerbate renal injury, highlighting the need for strategies that precisely modulate these intertwined pathological mechanisms. Here, we present neutrophil-mimetic nanoscavengers (MD@NM) that comprise a catalytic core of DNase-1-loaded Mn3O4 nanozymes enveloped by a neutrophil membrane engineered to actively target and simultaneously disrupt multiple pathological circuits in SAKI. The neutrophil membrane confers chemokine-receptor (e.g., CXCR2) mediated homing to injured kidneys, while the Mn3O4 nanozymes catalytically scavenge ROS and the loaded DNase-1 enzymatically degrades NETs-derived extracellular DNA, thereby suppressing the cGAS-STING pathway and skewing macrophage polarization toward an M2 reparative phenotype. In a murine model of LPS-induced SAKI, MD@NM treatment facilitated robust renal targeting, attenuated neutrophilic infiltration, resolved cytokine storm, and ameliorated structural kidney damage. Collectively, this biomimetic platform represents a novel strategy for precision immunomodulation and multi-mechanistic therapy against SAKI by integrating antioxidative, NETs-scavenging, and anti-inflammatory functions into a single nanotherapeutic agent.",https://pubmed.ncbi.nlm.nih.gov/41691483/
41690863,2026,Evaluation of the Effect of Intravenous Lidocaine on the Systemic Inflammatory Response Associated With Cardiopulmonary Bypass in Valvular and/or Coronary Cardiac Surgery: Protocol for a Double-Blind Randomized Clinical Trial.,Fernández-Martínez A; López Picado A; González-García J; Aguado Sevilla M; Lobato Solores F; Castroviejo Ibáñez B; de Miguel Fernández P; Benito Martínez P; Valero González S; Galve Marqués AI; Mainar Gil I; Boukichou Abdelkader N; Íñiguez Martínez M; Bermejo Bravo A; Apiñaniz Apiñaniz R; Corral Cárdenas E; Ferreira Laso L,Journal of cardiothoracic and vascular anesthesia,10.1053/j.jvca.2026.01.008,Clinical Trial Protocol; Journal Article,eng,"To assess whether intravenous lidocaine reduces the systemic inflammatory response associated with cardiopulmonary bypass (CPB) and improves clinical outcomes in adult patients undergoing elective valvular and/or coronary cardiac surgery. Single-center, parallel-group, double-blind, randomized clinical trial. San Pedro University Hospital, Logroño, Spain. Ninety adult patients (≥18 years) scheduled for elective valvular and/or coronary surgery with CPB who provide informed consent. Patients will be randomly assigned to receive either intravenous lidocaine (1.5-mg/kg bolus followed by 1.5-mg/kg/h infusion until sternal closure) or an equivalent volume of saline solution as placebo. For patients with a body mass index greater than 30 kg/m², the infusion dose will be adjusted according to ideal body weight, calculated as height (in centimeters) - 100 for men and height (in centimeters) - 110 for women. The primary outcome is the interleukin 6 level at 6 hours postoperatively. Secondary outcomes include trajectories of inflammatory and myocardial injury biomarkers (C-reactive protein, high-sensitivity troponin T, and tumor necrosis factor α), postoperative complications related to the systemic inflammatory response (acute kidney injury, transfusion requirements, vasoplegia, respiratory dysfunction, delirium, infection, and multiorgan dysfunction), postoperative pain, intensive care unit length of stay, 30-day mortality, and incidence of post-CPB atrial fibrillation. The analysis will be conducted on an intention-to-treat basis. This trial will determine whether intravenous lidocaine attenuates the systemic inflammatory response induced by CPB and improves clinical outcomes in adult patients undergoing elective cardiac surgery.",https://pubmed.ncbi.nlm.nih.gov/41690863/
41682874,2026,Forecasting ICU Acute Kidney Injury with Actionable Lead Time Using Interpretable Machine Learning: Development and Multi-Center Validation.,Hourani AZ; Jakubowska Z; Małyszko J,Journal of clinical medicine,10.3390/jcm15031191,Journal Article,eng,"Background: Acute kidney injury (AKI) is common in intensive care and is frequently recognized late. We aimed to develop an interpretable, dynamic early warning score (EWS) to predict incident AKI within the next 24 h in ICU adult patients and to test its transportability temporally and geographically. Methods: We performed a retrospective cohort multi-center study using hospitalized ICU patients from MIMIC-IV and eICU-CRD databases. The outcome was incident AKI (KDIGO stage 1-3). Gradient-boosted trees (XGBoost) were trained with 10-fold cross-validation. Predictors were prespecified from the literature and finalized as 61 routinely available EHR predictors selected using SHAP ranking (spanning demographics/comorbidities, laboratory markers, vital-sign dynamics, and ICU therapies/procedures). Prespecified validations included (i) temporal validation in the COVID-19 era and (ii) geographic validation in eICU Northeast hospitals. Results: The development cohort included 51,833 ICU stays; temporal and geographic cohorts included 3346 and 2993 stays, respectively. Discrimination was high in internal validation (AUC 0.88, 95% CI 0.84-0.90) and remained robust temporally (AUC 0.84, 0.80-0.87) and geographically (AUC 0.82, 0.81-0.84). At a prespecified threshold, sensitivity/specificity were 0.76/0.79 (temporal) and 0.73/0.86 (geographic). Decision-curve analysis showed net benefit across clinically relevant thresholds. Key predictors reflected physiologic trajectories (e.g., mean arterial pressure dynamics), urine output, renal/metabolic markers (e.g., creatinine and BUN trends), and oxygenation dynamics (SpO2). Conclusions: A routinely updated, explainable EHR-based EWS can predict ICU AKI up to 24 h in advance with stable performance across a pandemic-era temporal shift and external geographic validation.",https://pubmed.ncbi.nlm.nih.gov/41682874/
41674417,2026,[Phenotype based precision typing for risk stratification and prognostic evaluation in pediatric sepsis induced acute kidney injury].,Wang YF; Sun YQ; Shi D; Zhao Y; Yang XJ; Qian YL; Gu W; Miao HJ; Ge XH,Zhonghua er ke za zhi = Chinese journal of pediatrics,10.3760/cma.j.cn112140-20251102-00977,English Abstract; Journal Article,chi,"Objective: To identify distinct clinical subphenotypes of pediatric sepsis-induced acute kidney injury (SI-AKI) based on clinical characteristics and evaluate the role of this classification system in predicting clinical outcomes. Methods: A retrospective cohort study was conducted. Clinical data were collected from 484 children who were diagnosed with SI-AKI in Children's Hospital of Nanjing Medical University from November 2017 to October 2024. The cohort was randomly divided into a training set and a validation set at a 7∶3 ratio using stratified sampling. A consensus clustering algorithm was employed in an unsupervised manner to derive SI-AKI phenotypes in the training set, and the resulting model was applied to the validation set for performance evaluation. The Kruskal-Wallis H test and the χ² test were used to compare differences in clinical characteristics, organ dysfunction and prognosis among the subtypes. Kaplan-Meier survival analysis and the Log-rank test were used to compare differences in mortality risk among the distinct phenotypes. Results: A total of 484 children with SI-AKI (267 males and 217 females), aged 42 (8, 109) months, were included in this study. The cohort was divided into a training set (339 cases) and a validation set (145 cases). Based on the training set, 3 clinical subphenotypes were identified. The model demonstrated highly consistent phenotypic distribution when applied to the verification set. The overall population comprised the stable type (184 cases), simple shock type (203 cases), and multi-organ dysfunction (MODS) type (97 cases). Statistically significant differences were observed among the 3 phenotypes in terms of age, BMI, Phoenix sepsis score (PSS), heart rate, respiratory rate, and prothrombin time (all P<0.001). The 28 d mortality rate of the MODS type was significantly higher than that of the simple shock type and the stable type (58% (56/97) vs. 14% (28/203) vs. 16% (29/184), respectively; χ²=80.35, P<0.001). Furthermore, the rates of invasive mechanical ventilation and CRRT use were highest in the MODS type (invasive mechanical ventilation: 95% (92/97) vs. 63% (128/203) vs. 59% (109/184), χ²=40.88, P<0.001; CRRT: 30% (29/97) vs. 12% (24/203) vs. 19% (35/184), χ²=12.56, P<0.001). Conclusions: Three distinct SI-AKI phenotypes with different clinical characteristics and prognoses were identified and validated. Among them, the multi-organ dysfunction type is associated with the most severe clinical presentation and the poorest prognosis.",https://pubmed.ncbi.nlm.nih.gov/41674417/
41670654,2026,Procalcitonin kinetics in critically ill children: impact of continuous kidney replacement therapy modality and dose.,Yöndem AU; Yüce S; Aygüler E; Gencay AG; Demirkol D,"Pediatric nephrology (Berlin, Germany)",10.1007/s00467-026-07169-x,Journal Article; Observational Study,eng,"Acute kidney injury (AKI) is common in critically ill children, frequently necessitating continuous kidney replacement therapy (CKRT). Procalcitonin (PCT) is widely used as an infection biomarker, yet its interpretation during CKRT remains unclear. Adult data regarding extracorporeal clearance of PCT are inconsistent, while pediatric evidence is limited. In this prospective observational study (May 2021-October 2023), 40 critically ill children receiving CKRT in a tertiary PICU were enrolled. Serum PCT was measured at CKRT initiation (T0), 12 h (T12), and 24 h (T24). CKRT modalities (CVVH, CVVHD, CVVHDF), effluent doses, and membrane types (PS, PAES, AN69-ST) were recorded. PCT kinetics were analyzed using non-parametric tests, with correlation assessed by Spearman's rank. Median baseline PCT was 3.6 ng/mL (IQR 0.5-27.2), rising to 7.4 (0.6-29.5) at T12 and stabilizing at 7.7 (0.6-30.5) at T24. Differences across time points were not statistically significant (p = 0.68). PCT trajectories were unaffected by CKRT modality, effluent dose, or membrane type, and no correlation was found between effluent dose and PCT changes. Stratification by high versus low effluent dosing revealed no significant differences. CKRT-related complications occurred in 17.5%, mainly filter clotting, without influencing PCT. PICU mortality was 35%, reflecting illness severity rather than CKRT. In pediatric CKRT, short-term PCT dynamics are driven by the underlying septic or inflammatory process rather than CKRT parameters. PCT typically peaks within 12 h of CKRT initiation and then stabilizes, supporting its reliability for infection monitoring and antibiotic stewardship during early CKRT. Larger studies are warranted to define long-term PCT behavior and prognostic utility.",https://pubmed.ncbi.nlm.nih.gov/41670654/
41669969,2026,Cardiogenic Shock Detection Using Electronic Medical Records: A Review and Blueprint for Clinical Implementation and Future Research.,Vallabhajosyula S; Mehta C; Jindal A; Mehta A; Khetpal V; Jentzer JC; Ton VK; Patel PC; Naidu SS; Kapur NK; Abbott JD,Journal of the American Heart Association,10.1161/JAHA.125.047049,Journal Article; Review,eng,"Despite advances in drug and device technology, health care delivery, and research infrastructure, cardiogenic shock (CS) continues to have nearly 50% in-hospital mortality. In patients with CS, both the initial severity of Society for Cardiovascular Angiography and Intervention CS and its subsequent trajectory predicts the clinical outcomes. Accordingly, delayed initial recognition and failure to escalate or deescalate treatment can significantly affect the outcomes of CS. Traditional assessment methods, with the exception of blood pressure measurement, require a high index of suspicion and frequent reassessment by the clinical team. Electronic medical record-based detection has been successfully implemented in acute and critical care patients with septic shock and acute kidney injury. In CS, electronic medical record-based studies have largely focused on using models to predict outcomes in patients with CS, with limited data on electronic medical record-based tools to assist with either predicting CS or providing real time alerts when escalation or de-escalation might be indicated. Early detection of CS may be associated with detection of earlier Society for Cardiovascular Angiography and Intervention stages of CS and potentially prevent deterioration to higher stages. In this review, we seek to highlight a blueprint for electronic medical record-based detection of CS that focuses on reproducibility, convenience, clinical decision support, and research aspects.",https://pubmed.ncbi.nlm.nih.gov/41669969/
41657086,2026,Changes in serum SAA and PCT levels in patients with sepsis associated acute kidney injury and their relationship with renal function outcomes.,Huang H; Fang H,Biomarkers in medicine,10.1080/17520363.2026.2625206,Journal Article,eng,"To investigate the dynamics of serum amyloid A (SAA) and procalcitonin (PCT) in sepsis-associated acute kidney injury (SAKI) and to evaluate their prognostic value for renal outcomes. 159 Emergency Intensive Care Unit (EICU) patients with SAKI were enrolled. Serum SAA and PCT levels were measured on days 1, 3, 5, and 7 after enrollment. Patients were stratified by 28d renal recovery status. Associations with renal outcomes and predictive performance were examined using Pearson correlation, multivariable logistic regression and receiver operating characteristic (ROC) curve analysis. Non-recovery was associated with higher baseline levels of SAA, PCT, lactate, serum creatinine, and APACHE II scores (all p < 0.05). Both biomarkers declined progressively, reaching their lowest levels by day 7. Baseline SAA and PCT showed strong negative correlations with 28d eGFR (r = -0.414, -0.491; p < 0.05). Multivariable logistic regression identified APACHE II score (OR = 1.260), SAA (OR = 1.025), and PCT (OR = 1.275) as independent predictors of non-recovery. ROC curve analysis demonstrated good discriminative ability, with AUCs of 0.813 for SAA, 0.819 for PCT, and 0.827 for APACHE II (all p < 0.05). SAA and PCT are robust short-term predictors of renal outcomes in sepsis-associated AKI. Their dynamic trajectories reflect disease severity and treatment response.",https://pubmed.ncbi.nlm.nih.gov/41657086/
41645992,2026,Clinical spectrum and intermediate outcomes of community and hospital-acquired acute kidney injury: A single centre study.,Mattewada NK; Puthiyottil D; Parameswaran S; Priyamvada PS,The National medical journal of India,10.25259/NMJI_295_2023,Journal Article,eng,"Background There is minimal literature on the spectrum and long-term outcomes of acute kidney injury (AKI) from tropical countries. Methods Patients with AKI without underlying chronic kidney disease (CKD), were recruited from March 2017 to December 2018 to assess their outcomes. Survivors were followed for a year post-discharge. A linear model with fixed effects was created to compare the estimated glomerular filtration rate (eGFR) trajectories of patients with and without CKD at the end of follow-up. Results A total of 529 patients with AKI were recruited, of which 288 (54.4%) were hospital-acquired AKI. Infections and sepsis were the most common aetiologies for community-acquired AKI and hospital-acquired AKI. The overall mortality rate was 42.9% (n=227). The ICU stay (HR 1.78; 95% CI 1.08-2.93), mechanical ventilation (HR 1.98; 95% CI 1.09-3.54), and the requirement for inotropic support (HR 2.36; 95% CI 1.65-3.39) were independent risk factors of in-hospital mortality. Among 156 subjects with long-term follow-up, 70 (44.9%) developed CKD after a median follow-up of 12 months. Age (p<0.001) and hospital-acquired AKI (p=0.014) were significant predictors, whereas ICU stay and comorbid conditions did not influence the GFR trajectories. CKD patients showed a lower eGFR from the first follow-up (p<0.001). Conclusions AKI is associated with significant mortality. Even after an apparent recovery, around half the survivors progress to CKD at the end of 1 year.",https://pubmed.ncbi.nlm.nih.gov/41645992/
41645301,2026,Microvascular phenotypes in pediatric sepsis identified by machine learning: prognostic implications for organ dysfunction and mortality.,Beltrán JC; Fernández-Sarmiento J; Orjuela-Cañón AD; Sanchez-Pinto LN; Fernández-Sarta JP; Rotta I; Fernández-Sarta D; Coutin A; Godoy JE; Vink H; Raman S; Kissoon N; Microcirculation-Colombia (MICRO-COL) Research Group,"Critical care (London, England)",10.1186/s13054-025-05785-x,Journal Article,eng,"BACKGROUND : Pediatric sepsis exhibits marked heterogeneity. Early integration of clinical, biomarker, and microcirculatory data may refine risk stratification and identify reproducible phenotypes associated with distinct outcomes. METHODS: We performed a secondary analysis of a prospective sepsis cohort (2018–2024). A temporal split defined derivation (2018–2022) and validation (2023–2024) cohorts, including demographics, clinical variables, biomarkers, and sublingual videomicroscopy (GlycoCheck®). Dimensionality reduction was performed using Factorial Analysis of Mixed Data, followed by unsupervised clustering with Ward.D2. The primary outcome was persistence of multiple organ dysfunction syndrome (MODS) at 72 h after admission. RESULTS: Among 239 patients (median age 2.1 years [IQR 0.5–11.1]; 52% female), three distinct microvascular phenotypes were identified: Preserved (n = 52), Partially Compensated (n = 75), and Decompensated (n = 112). Patients in the Preserved phenotype were older, required less organ support, and exhibited favorable microvascular indices, characterized by higher capillary density and mild glycocalyx alteration. Partially Compensated patients exhibited marked inflammatory activation, requiring greater vasoactive and ventilatory support and longer PICU stays. Microcirculatory assessment showed moderate reductions in capillary density and subtle glycocalyx changes, indicating a partially compensated response to inflammatory stress. Decompensated patients were predominantly younger and had more frequent multi-organ dysfunction, acute kidney injury, and universal mechanical ventilation, with the lowest capillary density and evidence of global microvascular failure. The risk of MODS within 72 h was highest in the Decompensated phenotype compared with the Preserved group (aHR 2.47; 95% CI 1.04–8.44; p = 0.042), with corresponding MODS rates of 42% and 10%, respectively, independent of age, infection focus, and the need for invasive mechanical ventilation. Mortality followed a stepwise gradient (Preserved 1.9%, Partially Compensated 12.1%, Decompensated 17.2%; p = 0.023). Internal validation analyses reproduced phenotype assignments and outcome associations, confirming their temporal stability. CONCLUSIONS: Three reproducible microvascular phenotypes in pediatric sepsis—Preserved, Partially Compensated, and Decompensated—were identified using bedside clinical, biomarker, and microcirculation data. These phenotypes represent distinct pathophysiologic and prognostic patterns, from preserved states with favorable outcomes to decompensated forms linked to higher risk of organ dysfunction and death. Early microvascular phenotyping is feasible and enhances risk stratification.",https://pubmed.ncbi.nlm.nih.gov/41645301/
41645160,2026,Metabolic phenotyping of sepsis in large multicenter cohorts: identification of a reproducible high-risk subgroup.,Zhang Y; Liu G; Shang Z; Yu X; Shang H; Cui X; Chen J; Ye J; Zhang J; Zhai Y; Qian J; Ma C; Liu W; Chen M; Zhao B; Gao C,Lipids in health and disease,10.1186/s12944-026-02888-4,Journal Article; Multicenter Study,eng,"BACKGROUND: Sepsis represents a profound metabolic crisis, yet the prognostic significance of glycolipid biomarkers remains unclear. Most prior studies examined single metabolic indicators, overlooking their combined effects on organ dysfunction and survival. This study aimed to identify glycolipid-related biomarkers predicting outcomes in sepsis and to define a reproducible metabolic phenotype linked to multi-organ dysfunction and mortality. METHODS: We conducted a multicenter retrospective cohort study of 2,970 adults with sepsis admitted to three tertiary hospitals in China (2015–2023), with external validation using the international MIMIC-IV database (2008–2019). A comprehensive panel of glycolipid markers was evaluated through univariable Cox and LASSO regression, supported by tree-based machine learning and logistic regression for sepsis-associated acute kidney injury. Low-density lipoprotein cholesterol (LDL-C) and the triglyceride–glucose (TyG) index emerged as the most consistent prognostic biomarkers and were used to define metabolic phenotypes. RESULTS: Among 2,970 patients (median age 68 years [IQR 60–80]; 62.5% male), LDL-C and TyG independently predicted mortality across statistical and machine-learning analyses. Patients with a high TyG–low LDL phenotype exhibited the most severe multi-organ dysfunction—renal, hepatic, coagulative, and inflammatory—and the highest mortality risk (HR 1.31, 95% CI 1.04–1.65). Validation in MIMIC-IV confirmed the reproducibility of this phenotype across populations and healthcare systems. CONCLUSIONS: Integrating LDL-C and TyG identifies a reproducible metabolic phenotype marking sepsis patients at high risk of multi-organ failure and death, offering a simple framework for early risk stratification and personalized management in critical care.",https://pubmed.ncbi.nlm.nih.gov/41645160/
41631998,2026,"Delayed anticoagulation is associated with lower mortality in sepsis-induced coagulopathy: a large-scale, propensity-score-matched cohort study from MIMIC-IV.",Zhou T; Liu H; Qin F; Zhu J; Ni H; Huang X; Wang L,"International journal of surgery (London, England)",10.1097/JS9.0000000000004773,Journal Article,eng,"This study aimed to investigate the relationship between the timing of anticoagulation initiation and clinical outcomes in critically ill patients with sepsis-induced coagulopathy (SIC). We conducted a retrospective cohort study using the MIMIC-IV database. Adult patients diagnosed with SIC (ISTH-SIC score ≥ 4) and receiving anticoagulation therapy during their ICU stay were included. Anticoagulation therapy was defined as administration of unfractionated heparin, low-molecular-weight heparin, vitamin K antagonists, or direct oral anticoagulants, as captured in medication records; additionally, a heparin-only analysis was performed given its predominant use in this population. Patients were stratified into early (≤ 48 hours post-ICU admission) or delayed (> 48 hours) anticoagulation groups. Baseline characteristics were balanced using propensity score matching (PSM). Primary outcomes included 28-day, 60-day, and 90-day mortality. Cox proportional hazard models were applied to assess survival differences across subgroups. Among 12 738 eligible patients, 10 689 received early anticoagulation and 2049 received delayed treatment. After PSM (n = 3986), delayed anticoagulation was associated with significantly lower 28-day mortality (15% vs 19%, P < 0.001), and similar reductions were observed at 60 and 90 days. Kaplan-Meier survival curves showed significantly better survival in the delayed group (P < 0.001). Subgroup analyses revealed that the survival benefit was more pronounced in patients aged >65 years, those without acute kidney injury (AKI), platelet count ≥ 100 × 109/L, Sequential Organ Failure Assessment score ≥ 6, and those treated with unfractionated heparin. Among critically ill patients with SIC, delayed initiation of anticoagulation was independently associated with improved short- and medium-term survival. These findings support a phenotype-guided, time-stratified approach to anticoagulation in sepsis and highlight the need for prospective trials to validate optimal timing strategies.",https://pubmed.ncbi.nlm.nih.gov/41631998/
41626231,2026,Case Report: Fulminant shock due to PVL-positive Staphylococcus aureus in an adolescent-superantigen-negative sepsis with toxic shock-like features.,Attou R; Mansour S; Maillart E; Gutierrez LB; Jaafari A,Frontiers in medicine,10.3389/fmed.2026.1729510,Case Reports; Journal Article,eng,"Panton-Valentine leukocidin (PVL)-positive Staphylococcus aureus strains are associated with severe necrotising infections and may be linked to fulminant systemic inflammatory presentations. We report an exceptionally fulminant and rapidly fatal case of PVL-positive S. aureus sepsis with toxic shock-like features and early deterioration despite escalation to veno-arterial extracorporeal membrane oxygenation (VA-ECMO). A previously healthy 16-year-old boy presented with chest pain, dyspnoea and circulatory collapse. Initial evaluation demonstrated massive bilateral pulmonary embolism, severe biventricular systolic dysfunction, acute kidney injury and marked systemic inflammation. He received prompt haemodynamic support, systemic thrombolysis for high-risk pulmonary embolism and empirical broad-spectrum antibiotics. Echocardiography confirmed profound myocardial dysfunction and VA-ECMO was instituted as salvage support. S. aureus grew from respiratory samples and blood cultures, with susceptibility consistent with meticillin-susceptible S. aureus. Virulence gene profiling by multiplex PCR detected lukS-PV and LukF-PV, while tst, eta and etb were not detected. Antimicrobial therapy was shifted to include antitoxin agents (clindamycin and linezolid). Intravenous immunoglobulin was not administered. Despite maximal supportive care, he developed refractory multi-organ failure and died within 24 h of ICU admission. PVL-positive S. aureus can, albeit rarely, be associated with an extreme toxic shock-like phenotype even when classical toxin genes are not detected. This case highlights the diagnostic and management challenges posed by atypical presentations and mixed shock physiology, and underscores the need for early recognition and rapid escalation of supportive care.",https://pubmed.ncbi.nlm.nih.gov/41626231/
41598627,2026,Acute Kidney Injury in Hospitalized Cancer Patients: Single-Centre Real-Life Analysis of Incidence and Clinical Impact.,Esposito P; Cappadona F; Bottini A; Russo E; Garibotto G; Cantaluppi V; Viazzi F,Journal of clinical medicine,10.3390/jcm15020690,Journal Article,eng,"Background: Acute kidney injury (AKI) is a frequent and clinically relevant complication in cancer patients, with highly variable incidence. AKI increases morbidity and mortality, prolongs hospitalization, and may limit access to oncologic therapies. This study evaluated the incidence, risk factors, and outcomes of AKI in hospitalized cancer patients. Methods: We retrospectively analyzed patients admitted between 1 January 2016 and 31 December 2019. Individuals with cancer were identified and categorized into three groups: hematologic malignancies, solid cancers with metastases, and solid cancers without metastases. Demographic, clinical, and laboratory data were collected, and AKI was defined and staged according to KDIGO criteria, evaluating serum creatinine changes. Results: Among 56,390 hospitalized patients, 6723 (11.9%) had a cancer diagnosis. AKI incidence was significantly higher in cancer versus non-cancer patients (30.1% vs. 19.6%). Hematologic cancers showed the highest incidence (39.3%). Among hematologic patients, ICU admission, sepsis, and diabetes were strongly associated with AKI. In non-metastatic solid cancers, more conventional factors-including female sex, older age, sepsis, and ICU admission-were significant predictors. In contrast, in metastatic solid cancers, traditional AKI risk factors did not correlate with increased AKI occurrence. In cancer patients overall, AKI per se did not increase mortality risk; however, stage 3 AKI was associated with significantly higher mortality (HR 1.37, 95% CI 1.13-1.66, p < 0.001). Conclusions: AKI is common in hospitalized cancer patients, with specific patterns and heterogeneous risk factors and impact on outcomes. Implementation of tailored preventive strategies and early recognition are necessary to mitigate progression and improve clinical trajectories.",https://pubmed.ncbi.nlm.nih.gov/41598627/
41587889,2026,Bioelectrical Impedance Vector Analysis for Assessing Metabolic Phenotype and Fluid Status in Septic Shock: A Prospective Observational Study.,Zhuang YN; Zhu LM; Lin DD; Chen YY; Lin K; Ruan LJ,"Shock (Augusta, Ga.)",10.1097/SHK.0000000000002790,Journal Article,eng,"Fluid resuscitation in septic shock lacks bedside tools that simultaneously evaluate fluid distribution and cellular function, often leading to fluid overload and increased mortality. Bioelectrical Impedance Vector Analysis (BIVA) is a non-invasive bedside technique for comprehensive assessment of body composition and hydration status, but its prognostic value and application criteria in septic shock remain undefined. A prospective observational study was conducted in an intensive care unit (ICU) of a university-affiliated hospital. Consecutive adult patients meeting Sepsis-3.0 criteria for septic shock were enrolled. BIVA parameters (whole-body and segmental PhA, ECW/ICW ratio, tolerance ellipses), hemodynamic indices, and serum lactate were dynamically monitored at ICU admission (within 24h of diagnosis), 6 hours post-resuscitation (T1), 24 hours (T2), and then daily until ICU discharge or death. Receiver operating characteristic (ROC) curve analysis determined prognostic cutoffs. Spearman's correlation and linear mixed models analyzed BIVA-lactate relationships. Passive leg raising (PLR) test served as the reference for fluid responsiveness, with predictive performance analyzed for mean arterial pressure (MAP) gradient (ΔMAP) between bilateral upper arms at different lateral decubitus positions combined with BIVA parameters. Among 128 enrolled patients, multivariate Cox regression identified initial PhA ≤ 3.10° (Hazard Ratio [HR] = 3.85, 95% Confidence Interval [CI]: 2.12-6.99) and BIVA-derived hydration fraction >74% (HR = 2.41, 95% CI: 1.32-4.39) as independent predictors of 30-day mortality. The Extracellular Water/Intracellular Water ECW/ICW ratio strongly correlated with lactate levels (r = 0.71, p < 0.001), and their combination predicted acute kidney injury more effectively (Area Under the Curve [AUC] = 0.92) than either parameter alone. In 95 patients undergoing positional testing, ΔMAP≥8.00 mmHg at 40°lateral decubitus position predicted fluid responsiveness with 85.7% sensitivity and 84.2% specificity; combining this with upper-arm BIVA parameters further enhanced predictive value (AUC = 0.93). BIVA provides an effective individualized assessment tool for metabolic and fluid management in septic shock. PhA and hydration status are robust prognostic indicators; the ECW/ICW-lactate correlation reveals the pathophysiological link between tissue edema and hypoperfusion; and positional BIVA testing with upper-arm pressure gradient offers an innovative method for non-invasive assessment of fluid responsiveness.",https://pubmed.ncbi.nlm.nih.gov/41587889/
41581667,2026,Tubule-derived growth differentiation factor 15 limits renal transplant injury by reprogramming macrophage responses.,Shi L; Zhou S; Zhao J; An H; Chen C; Xia Y; Yan Z; Li W; Song Z; Zhu J,American journal of transplantation : official journal of the American Society of Transplantation and the American Society of Transplant Surgeons,10.1016/j.ajt.2026.01.015,Journal Article,eng,"Kidney transplantation remains the gold standard for end-stage renal disease, but ischemia-reperfusion injury and delayed graft function continue to hinder outcomes. Growth differentiation factor 15 (GDF15), a stress-responsive cytokine from the transforming growth factor-β superfamily, is upregulated in response to cellular injury and hypoxia. Although GDF15 has been studied in acute kidney injury and sepsis, its role in kidney transplantation remains unclear. In this study, we combined transcriptomic analysis of human kidney allografts with murine models to investigate GDF15's role in transplant injury. GDF15 was upregulated in renal tubular epithelial cells, particularly in delayed graft function, and its levels in urine correlated with serum creatinine levels, indicating a link to graft dysfunction. In syngeneic and allogeneic murine transplant models, GDF15 deficiency worsened tubular injury and inflammation, while recombinant GDF15 protected against injury and promoted an anti-inflammatory M2 macrophage phenotype. We also identified activating transcription factor 4 as a key regulator of GDF15 in renal stress, with its knockout reducing GDF15 expression and worsening transplant injury. Macrophage depletion confirmed that macrophage-mediated inflammation was a major factor in GDF15-deficient graft injury. In conclusion, GDF15 regulates kidney transplant injury by modulating macrophage polarization, making it a potential therapeutic target for improving transplant outcomes.",https://pubmed.ncbi.nlm.nih.gov/41581667/
41558793,2026,Cystatin C for predicting acute kidney injury in critically ill children with bacterial infections: a retrospective cohort study.,Wang Y; Zheng X; Yang Z; Deng K; Fu H; Huang L,BMJ paediatrics open,10.1136/bmjpo-2025-004152,Journal Article,eng,"Acute kidney injury (AKI) is a common and severe complication in paediatric intensive care units (PICUs), particularly among children with bacterial sepsis. Although the epidemiology of sepsis-associated AKI is well described, reliable biomarkers to predict both its onset and associated mortality are still lacking, limiting their integration into routine clinical practice. To characterise the incidence, clinical phenotype and modifiable risk factors of bacterial sepsis-related AKI in a single-centre PICU cohort and to evaluate the utility of novel biomarkers in refining early risk-stratification. In this single-centre retrospective cohort study, data from 475 children admitted to the PICU with severe bacterial infections were analysed. Least absolute shrinkage and selection operator regression and logistic regression analyses were employed to identify biomarkers associated with the occurrence and prognosis of AKI. A nomogram model was developed to facilitate clinical application. The predictive utility of these biomarkers was further validated using receiver operating characteristic (ROC) curve analysis and decision curve analysis (DCA). Among the 475 children with bacterial infections, 50 (10.53%) developed AKI. Of these, 20 children died, resulting in a mortality rate of 40%. Regression analysis, model construction and validation through ROC and DCA revealed that elevated cystatin C levels were significantly associated with both AKI occurrence and AKI-related mortality in children with bacterial infections. This study confirms that elevated cystatin C is a robust predictor of both AKI onset and AKI-related mortality in critically ill children with severe bacterial infections. The nomogram incorporating cystatin C enables early identification of high-risk patients and may support clinical decision-making to improve outcomes.",https://pubmed.ncbi.nlm.nih.gov/41558793/
41557579,2026,Subphenotype Identification for Sepsis-Associated Acute Kidney Injury Using Graph Bidirectional Mamba Networks.,Xu H; Liu W; Shi T; Kong G,IEEE journal of biomedical and health informatics,10.1109/JBHI.2025.3632832,Journal Article,eng,"Sepsis-associated acute kidney injury (SA-AKI) is a heterogeneous clinical syndrome and a leading cause of mortality in intensive care units (ICUs). Identifying subphenotypes of SA-AKI can improve treatment precision, enabling more targeted clinical interventions. Recently, the analysis of sepsis subphenotypes using electronic health records (EHRs) has gained interest among healthcare researchers. However, current methods typically rely on static and aggregated features, overlook intrinsic correlations among patients and struggle with the sparse and high-dimensional nature of EHR data. In this paper, we propose GBMN, a novel Graph Bidirectional Mamba Network for identifying subphenotypes of SA-AKI. First, we develop a multi-modal fusion module that integrates demographic information, laboratory results, vital signs, and diagnostic data. Next, we introduce an adaptive latent graph inference module that captures latent graph structures and co-optimizes them with the identification model to reveal intrinsic patient connections. Inspired by the recent success of state space models (SSMs), such as Mamba, we incorporate a graph learning model that combines graph neural networks with Mambas. Finally, we design a spectral modularity maximization objective function with regularization terms to achieve differentiable patient subphenotype identification. Experiments conducted on the MIMIC-IV dataset demonstrate that our model outperforms baseline models, exhibiting strong performance and interpretability. Following subphenotype identification, the importance of contributing factors can guide precise treatment and intervention strategies.",https://pubmed.ncbi.nlm.nih.gov/41557579/
41547945,2026,The impact of urine output trajectory on clinical outcomes in female patients with genitourinary infections in the intensive care unit.,Chen WH; Xu J; Zheng LT; You HJ; Ke YM,Scientific reports,10.1038/s41598-026-35926-3,Journal Article,eng,"Genitourinary infections are common in female intensive care unit patients and are associated with acute kidney injury and sepsis, often becoming life-threatening. Although urine volume correlates with these adverse outcomes, the prognostic value of dynamic urine output trajectories remains unclear. This study investigates the relationship between early urine output trajectories and clinical outcomes in female with genitourinary infections. A retrospective cohort of 1289 patients were analyzed. Latent class growth modeling identified distinct urine output trajectories in the first 3 days after intensive care unit admission. The primary endpoint was 28-day mortality, and the secondary outcome was the incidence of acute kidney injury. Four trajectory classes were identified: Class 1-persistently low (65.7%), Class 2-high-to-low (13.7%), Class 3-persistently high (4.0%), and Class 4-low-to-high (16.7%). In multivariable analysis, compared to Class 4, the 28-day mortality risk showed a graded increase with hazard ratio of 4.329 for Class 1, 3.477 for Class 2, and 2.081 for Class 3. Additionally, Class 1 was associated with a significantly higher incidence of acute kidney injury compared to Class 4. The trajectory of urine output changes in female patients with genitourinary infections is a potential variable in predicting mortality and acute kidney injury outcomes.",https://pubmed.ncbi.nlm.nih.gov/41547945/
41522506,2026,Platelet-lymphocyte ratio and its dynamic changes predict mortality in septic acute kidney injury patients: a retrospective multi-center study using U.S. database and Chinese hospital data.,Liu C; Tang X; Wei W; Huang Y; Guan M; Ren J; Yang B; Fu P; Zhang L; Zhao Y,PeerJ,10.7717/peerj.20522,Journal Article; Multicenter Study,eng,"The platelet-to-lymphocyte ratio (PLR), a readily available marker that integrates systemic inflammatory burden and immune competence, has emerged as a cost-effective prognostic biomarker in critical care medicine. Elevated PLR has been linked to adverse outcomes across a spectrum of critical illnesses, yet its utility in predicting prognosis among patients with septic acute kidney injury (AKI) remains undefined. Moreover, little is known about how in-hospital trajectories of PLR influence survival outcomes. This retrospective study employed data from the Medical Information Mart for Intensive Care IV and West China Hospital of Sichuan University. The primary endpoints were 28-day and 90-day all-cause mortality. The association between baseline PLR/changes in PLR (ΔPLR) and 28-day and 90-day mortality was investigated by survival analysis and Cox proportional hazards models. ΔPLR was calculated as PLR at discharge minus PLR at admission. Patients were stratified based on optimal PLR cut-off values determined from the training cohort, and results were validated internally and externally. Predefined subgroup analyses probed for effect modification across key clinical populations, and mediation analysis was conducted to quantify intermediate variables linking PLR/ΔPLR dynamics to patient outcomes. A total of 1,478 patients were included in the baseline-PLR cohort and 982 in the ΔPLR cohort. In the training set, an elevated baseline PLR (≥335.44) was associated with significantly higher 28-day mortality (26.56% vs. 18.66%, P = 0.009) and 90-day mortality (46.48% vs. 35.61%, P = 0.003). These findings were confirmed in both the internal validation cohort and an external cohort, and remained robust after adjustment for demographic, clinical and laboratory confounders. Conversely, lower ΔPLR also predicted the 28-day (14.81% vs. 6.94%, P = 0.007; HR = 2.261, P = 0.005) and 90-day mortality (24.07% vs. 15.41%, P = 0.029; HR = 1.702, P = 0.017), as well as prolonged hospital stay (28.64 vs. 21.64 days, P = 0.004). The associations between PLR or ΔPLR and mortality remained robust after adjusting for confounding factors. Subgroup analyses indicated that the prognostic value of PLR was particularly pronounced in non-urinary tract infection patients, and a low baseline PLR conferred a significant survival benefit in male patients. Mediation analysis revealed that changes in white blood cell count (ΔWBC) mediated 27.99% of the association between ΔPLR and 28-day mortality. Both baseline PLR and its dynamic change during hospitalization may serve as significant predictors of mortality in septic AKI. PLR-based indices could aid in risk stratification and early identification of high-risk patients.",https://pubmed.ncbi.nlm.nih.gov/41522506/
41495578,2026,Sepsis Associated Necrotizing Enterocolitis (SA-NEC) in Preterm Infants: Risk Factors and Clinical Outcomes.,Nandakumar C; Angadi C; Ramachandrin B; Adhisivam B; Devi U,Indian journal of pediatrics,10.1007/s12098-025-05944-6,Journal Article,eng,"Necrotizing enterocolitis (NEC) is a major gastrointestinal emergency in preterm infants, often associated with sepsis that worsens the outcomes. Data from low- and middle-income settings are limited. This retrospective study described the clinical spectrum and short-term outcomes of NEC and compared sepsis-associated NEC (SA-NEC) with non-sepsis-associated NEC (non-SA NEC). Preterm infants with ≥ stage 2 NEC admitted between March 2022 and February 2025 were included. SA-NEC was defined as NEC with culture-proven sepsis at onset of illness. Of 55 infants with NEC (median gestational age 31 wk 1 d; birth weight 1,195 g), 54.5% had SA-NEC. Compared with non-SA NEC, SA-NEC had higher rates of acute kidney injury [OR 9.75; 95% CI 2.6-36.6, p < 0.001], perforation [OR 4.6; 1.3-16.6, p = 0.02] and mortality [OR 8.9; 2.52-31.4, p < 0.001]. SA-NEC represents a more severe clinical phenotype with significantly poorer outcomes. Strengthening infection control practices and adopting comprehensive NEC prevention strategies are crucial to improving outcomes in preterm infants.",https://pubmed.ncbi.nlm.nih.gov/41495578/
41475125,2026,Early vasoactive-inotropic score kinetics predict low cardiac output syndrome and acute kidney injury after infant cardiac surgery: a retrospective cohort study.,Al-Murad A; Hilmi I,Heart & lung : the journal of critical care,10.1016/j.hrtlng.2025.102694,Journal Article,eng,"Infants recovering from congenital heart surgery risk complications such as low cardiac output syndrome (LCOS) and acute kidney injury (AKI). Although clinicians use the vasoactive-inotropic score (VIS) to assess cardiovascular support, relying only on the peak value (VIS-max) may overlook meaningful changes in vasoactive requirements during early recovery. This study evaluated whether early VIS kinetics-captured through the area under the curve (VIS-AUC₀-₁₂h) and the rate of change (VIS-slope₀-₁₂h)-offer better prediction of LCOS and AKI compared with VIS-max. We retrospectively reviewed 320 infants under 24 months undergoing congenital heart surgery with cardiopulmonary bypass. Vasoactive doses from the first 12 postoperative hours were used to calculate VIS-max, VIS-AUC, and VIS-slope. LCOS and AKI were defined using standardized criteria. Predictive performance was evaluated with multivariable logistic regression and cross-validated AUCs. Among 320 infants, 31.6% developed LCOS and 10.3% developed AKI. Infants with LCOS showed higher VIS-max, greater VIS-AUC₀-₁₂h, and steeper VIS-slope trajectories than those without LCOS. VIS kinetics provided modest but consistent improvement in LCOS prediction over VIS-max (AUC 0.760 vs 0.746), and decision-curve analysis indicated additional net clinical benefit. In contrast, VIS metrics showed limited discrimination for AKI. Monitoring VIS trends during early postoperative hours offers a broader assessment of circulatory stress than relying solely on VIS-max. Early VIS kinetics may help identify infants at higher risk of LCOS and support closer hemodynamic surveillance, while their limited value for AKI suggests a need for additional renal risk markers.",https://pubmed.ncbi.nlm.nih.gov/41475125/
41447840,2026,Dahuang Gancao decoction suppresses ferroptosis via SIRT3-mediated NRF2 deacetylation in acute kidney injury.,Cui M; An Y; Zhao J; Hui M; Xiong Z; Guan B; Shen Y; Zou Y; Li C; Wang R,Phytomedicine : international journal of phytotherapy and phytopharmacology,10.1016/j.phymed.2025.157724,Journal Article,eng,"Acute kidney injury (AKI) is a leading complication of sepsis, necessitating the exploration of novel treatment modalities. The traditional Chinese medicine Dahuang Gancao Decoction (DHGC) has potential in the treatment of sepsis-associated acute kidney injury (SA-AKI). However, its specific mechanisms require further investigation. This study aimed to validate the antiferroptotic effects of DHGC in the treatment of SA-AKI in vivo and in vitro. C57BL/6 mice and C57BL/6-background sirtuin-3 (SIRT3)-/- mice were induced with lipopolysaccharide (LPS), while normal and si-SIRT3 human proximal tubular epithelial (HK-2) cells were induced with erastin to establish a ferroptosis phenotype, followed by DHGC treatment. First, the DHGC components were identified via liquid chromatography-tandem mass spectrometry (LC‒MS/MS), and the potential active components were further screened through comparison with the high-performance liquid chromatography (HPLC) reference standards. Ferroptosis levels and the protective mechanisms of DHGC in vivo and in vitro were evaluated using biochemical assays, transmission electron microscopy (TEM), immunohistochemistry, immunofluorescence, and Cell Counting Kit-8 (CCK-8) assays. Key pathways were identified by RNA-seq and validated via enzyme-linked immunosorbent assay (ELISA) and Western blotting. Finally, the potential active components were subjected to molecular docking with SIRT3 to select candidate monomers for subsequent in vitro functional validation. LPS was used to induce SA-AKI in mice, and erastin was used to induce ferroptosis in HK-2 cells. DHGC improved renal function, increase cell viability, and reverse abnormal changes in key ferroptosis indicators. Mechanistically, the expression levels of SIRT3/nuclear factor erythroid-2 related factor 2 (NRF2) pathway-associated proteins were downregulated, and NRF2 nuclear translocation was restricted after modeling; in contrast, DHGC upregulated the expression of SIRT3/NRF2 pathway-related proteins, promoted NRF2 nuclear translocation, and activated downstream glutathione peroxidase 4 (GPX4) expression. Importantly, DHGC failed to improve the above indicators in SIRT3-deficient models. Potential active components of DHGC were screened via HPLC reference standard comparison, and subsequent molecular docking with SIRT3 identified candidate monomers. These monomers exerted ferroptosis-inhibiting effects consistent with those of the parent compound DHGC. The present study offers the first demonstration that DHGC retards SA-AKI progression through stimulating SIRT3-driven deacetylation of NRF2, promoting NRF2 nuclear translocation, and inhibiting ferroptosis. These findings suggest that DHGC is a potential therapeutic candidate for SA-AKI, warranting further clinical investigation.",https://pubmed.ncbi.nlm.nih.gov/41447840/
41389194,2026,Soluble Cluster of Differentiation 14 as a Prognostic Marker in Decompensated Cirrhosis With Water Retention.,Nakai M; Ohara M; Yokoyama D; Kitano S; Tanaka T; Yasuura N; Meno A; Kitagataya T; Sho T; Suda G; Sakamoto N,Hepatology research : the official journal of the Japan Society of Hepatology,10.1111/hepr.70095,Journal Article,eng,"In patients with decompensated liver cirrhosis, water retention often leads to complications such as acute kidney injury and poor prognosis. Soluble CD14 (sCD14), a marker of bacterial translocation, may have clinical relevance in this setting. Therefore, we aimed to investigate the prognostic value of sCD14 in patients with decompensated liver cirrhosis and water retention, and to determine its association with diuretic responsiveness, acute kidney injury development, and short-term mortality. We retrospectively analyzed 134 patients with decompensated liver cirrhosis and refractory fluid retention treated with tolvaptan. Associations between serum sCD14 levels and diuretic response, acute kidney injury development, and liver-related mortality were evaluated. sCD14 was compared with other bacterial translocation markers (soluble CD163 and mannose receptor) in a subset excluding patients with advanced hepatocellular carcinoma. Lower sCD14 levels were associated with improved short- and long-term diuretic responses and a lower acute kidney injury incidence. Patients with sCD14 ≤ 2340 pg/mL had significantly better liver-related survival than those with higher levels (median survival time: 24.5 vs. 4.8 months, respectively; p < 0.01). In the multivariate analysis, sCD14 > 2340 pg/mL independently predicted liver-related mortality (hazard ratio = 2.71, p < 0.01). Compared with sCD163 and mannose receptor, sCD14 demonstrated superior prognostic value. Concomitant rifaximin use was significantly associated with lower sCD14 levels. sCD14 is a potential biomarker for predicting prognosis, diuretic response, and acute kidney injury development in patients with decompensated liver cirrhosis and water retention. Its predictive capacity surpasses that of other bacterial translocation markers and may be influenced by administering therapeutic interventions, including rifaximin.",https://pubmed.ncbi.nlm.nih.gov/41389194/
41326838,2026,[Renal replacement therapy in intensive care medicine : Overview of the new S3 guidelines].,Mertes M; von Groote T; Willam C; Zarbock A,Die Anaesthesiologie,10.1007/s00101-025-01617-3,English Abstract; Journal Article; Review,ger,"The publication in 2025 of the first S3 level guidelines on renal replacement therapy (RRT) in intensive care medicine provides the comprehensive, evidence-based recommendations for critically ill patients with acute kidney injury (AKI). They define absolute indications that require the immediate initiation of RRT. Acute kidney injury (AKI) requiring RRT is common in the ICU and is associated with increased mortality. A narrative review of the new guidelines was performed by extracting and appraising recommendations on initiation, modality selection, anticoagulation, dosing, anti-infective therapy, weaning and post-ICU follow-up. Immediate RRT is mandated for absolute indications, such as life-threatening and refractory hypervolemia, electrolyte, acid-base or uremic disturbances. In the absence of these, a proactive early start is advised if the overall clinical picture (comorbidities, disease trajectory and the patients current condition) suggests a high likelihood of RRT becoming necessary. In other cases, a conservative management is possible. Continuous and intermittent techniques are considered therapeutically equivalent, whereby continuous or prolonged procedures are given priority in cases of hemodynamic instability. In cases of severe hyperkalemia a diffusive procedure with high dialysis flow is recommended. Regional citrate anticoagulation is preferred in patients with a risk of bleeding. For continuous RRT an effluent dose of 20-25 ml/kg body weight h-1 is advised, whereas intermittent dosing is individualized without a fixed target. In anti-infective treatment the initial dose should not be reduced and is given as short infusions. The role of dose-adjustment tools and therapeutic drug monitoring are emphasized. Before a weaning attempt, volume overload, hyperkalemia and metabolic acidosis should be corrected. The return to spontaneous diuresis is the most reliable predictor for successful weaning. Stable renal function for at least 7 days defines the primary success of weaning. All survivors of AKI should receive structured outpatient follow-up after hospital discharge. The new guidelines provide for the first time integrated recommendations for action for RRT in the critically ill, aiming to improve the quality of treatment and standardization in German-speaking intensive care units.",https://pubmed.ncbi.nlm.nih.gov/41326838/
41242388,2026,Kidney failure trajectories and sub phenotypes in severe burn patients.,Boutin L; Bellas Z; Walter T; Cupaciu A; Coutrot M; Dudoignon E; Guillemet L; Chaussard M; Pharaboz A; Ben Maaouia C; Chaouat M; Plaud B; Mebazaa A; Deniau B; Dépret F,"Anaesthesia, critical care & pain medicine",10.1016/j.accpm.2025.101696,Journal Article,eng,"Acute kidney injury (AKI) is a common and severe complication in burn patients, significantly increasing morbidity and mortality. Recent classifications distinguish acute kidney disease (AKD) as persistent kidney dysfunction beyond seven days; however, its trajectory in burn patients remains poorly understood. This study aimed to identify renal injury phenotypes in critically ill burn patients and assess their associations with clinical outcomes. We conducted a single-center retrospective cohort study from 2013 to 2023 of adult (>18 years) ICU burn patients with total burn surface area >15%. Renal injury was classified using KDIGO serum creatinine criteria and renal replacement therapy needs. AKI was defined as occurring within 7 days of injury, secondary AKI as occurring beyond day 7 but lasting <7 days, and AKD as dysfunction persisting >7 days. Phenotype classification was supported by stepwise logistic regression, XGBoost, and random forest analyses. Among 733 patients, 158 (21.6%) developed primary AKI, and overall mortality in this group was 95/158 (60.1%). Of the 121 primary AKI survivors, 58 (45.7%) developed further renal injury: secondary AKI alone (16.5%), AKD alone (10.7%), or both (20.7%). Secondary AKI and AKD were associated with mortality rates of 39% and 41%, and were independently linked to increased mortality. Primary AKI was mainly driven by baseline patient vulnerability (dementia, smoke inhalation, chronic alcohol use, age) and burn severity (TBSA full thickness, SAPS II), with dementia, hydroxocobalamin treatment, and smoke inhalation showing the strongest associations. In contrast, secondary AKI and AKD were characterized by complications occurring during ICU stay, particularly infection, cardiovascular support, digestive bleeding, and organ failures, with infection emerging as the dominant predictor across both phenotypes. Primary AKI represents the most severe renal complication post-burn, while secondary injuries reflect later complications such as infection, hemorrhagic complications, or ARDS.",https://pubmed.ncbi.nlm.nih.gov/41242388/
41235650,2026,Elevated FTO alleviates sepsis‑induced acute kidney injury by regulating macrophage inflammatory phenotypes.,Chen X; Sun Z; Chen J; Zhang J; Liu Z; Yan Z; Li Q; Chen Z,International journal of molecular medicine,10.3892/ijmm.2025.5689,Journal Article,eng,"Studies have linked the dysregulation of N6‑methyladenosine (m6A) to sepsis‑induced acute kidney injury (SAKI), highlighting the persistent challenge of managing excessive proinflammatory cytokine production and subsequent organ dysfunction. The present study, by analyzing the GSE32707 and GSE69063 datasets, found that fat mass and obesity‑associated protein (FTO) was the sole m6A‑related gene markedly downregulated in the peripheral blood transcriptome of patients with sepsis. It further demonstrated that septic mice subjected to cecal ligation and puncture presented increased m6A modifications and reduced FTO expression in both renal tissues and peritoneal macrophages. The findings revealed that increased levels of FTO was associated with reduced mortality and kidney damage during sepsis and that the upregulation of FTO in lipopolysaccharide‑stimulated macrophages led to decreased production of proinflammatory cytokines. Mechanistically, through multiomic analysis of macrophages, the present study identified a novel mechanism involving matrix metalloproteinase 9 (MMP‑9) as a direct target of FTO, which positively affects its translation efficacy. Furthermore, both in vivo and in vitro data confirmed that reduced MMP‑9 levels exerted adverse effects on mitigating inflammatory responses and alleviating renal injury. Overall, the findings underscored the critical role of the FTO/m6A/MMP‑9 axis in the regulation of proinflammatory secretion and improved our understanding of the transcriptomic landscape during the progression of SAKI, suggesting that targeting the FTO/m6A/MMP‑9 axis may offer therapeutic potential for mitigating renal injury in septic patients.",https://pubmed.ncbi.nlm.nih.gov/41235650/
41186577,2026,Serum Sodium Dynamics and Acute Kidney Injury in Pregnancy Associated Sepsis: Insights from Group-Based Trajectory Modeling.,Tao P; Cai S; Ling L; Luo Y; Xiao H; Huang S,Journal of intensive care medicine,10.1177/08850666251386401,Journal Article,eng,"BackgroundPregnancy-associated sepsis poses significant maternal, fetal and neonatal risks, with acute kidney injury (AKI) being a critical complication. The dynamic relationship between serum sodium trajectories and AKI in this population remains unclear.MethodsIn this retrospective cohort study, 138 pregnant patients with sepsis were analyzed using the MIMIC-IV 3.1 database. Three serum sodium trajectory groups were identified via group-based trajectory modeling (GBTM). AKI was defined per KDIGO criteria. Analyses employed logistic regression, inverse probability weighting, multivariable adjustments and cubic spline models.ResultsThree distinct trajectories emerged: Group 1 (low initial sodium that subsequently increased, n = 34), Group 2 (stable sodium levels, n = 83), and Group 3 (high sodium levels throughout, n = 21). Groups 1 and 3 exhibited higher AKI incidence (ORs: 4.04 [95%CI: 1.63-9.96] and 3.97 [95%CI: 1.33-11.87], respectively; both p < 0.05), prolonged ICU stay hours(72, 118 vs 47, p < 0.001), and elevated SOFA scores (p = 0.01) compared to Group 2. Cubic spline analysis revealed a U-shaped risk relationship, with AKI incidence rising at sodium levels >145 mmol/L (p-value for overall was 0.037 and for nonlinear was 0.021).ConclusionsDynamic sodium trajectories, particularly low initial sodium that subsequently increased, independently predict AKI and adverse outcomes in pregnancy-associated sepsis.",https://pubmed.ncbi.nlm.nih.gov/41186577/
40319883,2026,Current Experience Using the Selective Cytopheretic Device for Continuous Immunomodulation in Acute Kidney Injury and Multiorgan Failure.,Goldstein SL; Humes HD,Blood purification,10.1159/000546219,Journal Article; Review,eng,"Sepsis and sepsis-associated acute kidney injury (AKI) are associated with increased patient morbidity and mortality. The immediate host response aimed at combating infection can become dysregulated, leading to uncontrolled inflammation and multiorgan failure, including AKI. Therapies targeting one protein component of the sepsis pathway have largely failed to improve patient outcomes, and currently only organ support therapies are used clinically to provide time for innate organ recovery to occur. The Selective Cytopheretic Device (SCD) is a continuous cell-processing immunomodulatory device that attracts activated neutrophils and monocytes to its biomimetic membrane surface. The activated leukocytes are transformed to a less pro-inflammatory phenotype and released back into the circulation when exposed to the low ionized calcium concentration established in the SCD by standard regional citrate anticoagulation protocols used in continuous renal replacement therapy. In this review, we detail the history of the SCD and our experience with it, from discovery to preclinical testing to translational research application at the bedside. We discuss the SCD mechanism of action, its immunomodulatory effect, and the human studies involving critically ill adult pediatric patients with AKI who require continuous renal replacement therapy as part of the standard of care. We conclude discussing ongoing and future application of the SCD in both acute and chronic inflammatory states that would benefit from immunomodulation.",https://pubmed.ncbi.nlm.nih.gov/40319883/
41472840,2025,Use of oXiris® hemoadsorption in sepsis and acute kidney injury: a retrospective cohort study in a resource-limited Colombian ICU.,Ballesteros D; Mantilla Villarreal AC; Narváez Martínez SC; Saravia I; Martínez S,Frontiers in nephrology,10.3389/fneph.2025.1628181,Journal Article,eng,"Septic shock with acute kidney injury (AKI) carries high mortality in resource-limited settings. The oXiris® membrane enables continuous renal replacement therapy (CRRT) with endotoxin and cytokine adsorption, but data from low- and middle-income countries are scarce. We conducted a single-center retrospective cohort of adults with septic shock and KDIGO stage 2-3 AKI treated with CRRT using oXiris® in a Colombian public tertiary hospital (January 2021-March 2023). The primary outcome was renal recovery, defined as dialysis independence at discharge. Secondary outcomes included in-hospital mortality, vasopressor trajectories and hemodynamics over 72 hours, intensive care unit (ICU) length of stay, and outcomes stratified by COVID-19 status. Fifty patients were analyzed (median age 56.5 [IQR 46.0-66.0] years; 32% male); 21 (42%) had confirmed SARS-CoV-2 infection. Norepinephrine requirements fell from 0.303 to 0.000 µg/kg/min over 72 hours (p<0.001), and vasopressin use declined to zero (p<0.001), while mean arterial pressure increased from 74.5 to 83.0 mmHg. In-hospital mortality was 62% (31/50) and was higher in patients with greater baseline severity (APACHE II 21.5 vs 14.5 in survivors; p=0.023). ICU length of stay was 14.0 days [5.0-22.5] and was longer in survivors than non-survivors (21.0 vs 8.0 days; p<0.001). Among survivors, 63% (12/19) were dialysis-independent at discharge. COVID-19 septic shock was associated with higher crude mortality (76% vs 52%) and lower renal recovery among survivors (9.5% vs 34%) compared with non-COVID sepsis. In a resource-limited ICU, oXiris®-based CRRT was associated with rapid vasopressor de-escalation and clinically meaningful kidney recovery among survivors, but overall mortality remained high and severity-dependent. COVID-19 septic shock showed a distinct profile, with higher baseline severity, a trend toward higher mortality, and impaired renal recovery. These data support feasibility and safety of hemoadsorptive CRRT in constrained settings and justify prospective comparative evaluation.",https://pubmed.ncbi.nlm.nih.gov/41472840/
41469754,2025,Immune cell profiling supports early prediction of sepsis-associated acute kidney disease using a decision tree algorithm.,Wu MY; Lai CH; Chiu YL; Tseng PC; Nanda JD; Lin CF; Wu MS,Biomarker research,10.1186/s40364-025-00870-3,Letter,eng,"Sepsis is a major cause of acute kidney injury, progressing to sepsis-associated acute kidney disease (SA-AKD). This study explores SA-AKD prediction by combining immune cell profiling. Peripheral immune cell expression and phenotypes were analyzed in sepsis patients without (n = 97) and with (n = 41) SA-AKD, admitted to a hospital (2020–2022). Blood urea nitrogen and creatinine levels were measured, and a decision tree (DT)-based model was used to evaluate their predictive power in the training (n = 106) and validation (n = 32) cohorts. The DT model, incorporating naïve Treg and CD56dim NK cells along with clinical parameters, showed high accuracy in predicting SA-AKD. The model using blood urea nitrogen as the first node reached 89.62% accuracy (sensitivity: 94.4% and specificity: 87.14%; area under the curve = 0.91). The model starting with creatinine showed 89.62% accuracy. Validation results confirmed an 81.25% accuracy. Profiling specific immune cells may enable pre-evaluation of SA-AKD.",https://pubmed.ncbi.nlm.nih.gov/41469754/
41426025,2025,Furosemide Stress Test Use in Children at Risk for Acute Kidney Injury.,Clover-Brown I; Ceschia G; Gist KM; Hasson DC; Krallman KA; Standage SW; Goldstein SL; Stanski NL,Kidney international reports,10.1016/j.ekir.2025.09.029,Journal Article,eng,"The furosemide stress test (FST) is used to assess urine flow rate (UFR) after a furosemide bolus. FST predicts severe acute kidney injury (AKI) and renal replacement therapy (RRT) receipt in adults, with limited data in pediatric intensive care unit (PICU) patients. We implemented AKI risk stratification using the renal angina index (RAI) with urine neutrophil gelatinase-associated lipocalin (uNGAL) to guide FST in high-risk children but have not evaluated outcomes. We combined 2 prospective, observational studies of high AKI risk PICU patients (RAI+: ≥ 8, uNGAL+: ≥ 150 ng/ml). We compared patients who underwent FST (≥ 0.75 mg/kg i.v. furosemide) in the first week versus those who did not, and FST responders (≥ 3 ml/kg/h UFR over 4 hours) versus nonresponders. We examined UFR's predictive performance for new or persistent severe AKI or RRT receipt 2 days later. Of 273 RAI+/uNGAL+ patients, 112 (41%) underwent FST, 60 (54%) were nonresponders. FST patients had higher admission uNGAL and AKI stage. Nonresponders received FST earlier, had higher AKI stage, and higher incidence of new or persistent severe AKI (89% vs. 37%, P < 0.001) and RRT receipt (43% vs. 8%, P < 0.001) 2 days later. UFR predicted new or persistent severe AKI (area under the receiver operating curve [ROC; AUROC]: 0.89; 95% confidence interval [CI]: 0.82-0.95, P < 0.001) with optimal cutoff < 4 ml/kg/h (positive predictive value [PPV]: 83%, negative predictive value [NPV]: 82%), and RRT receipt (AUROC: 0.84; 95% CI: 0.76-0.93, P < 0.001]) with optimal cutoff < 1 ml/kg/h (PPV: 68%, NPV: 86%). UFR predicted RRT receipt in patients with stage 3 AKI with similar test characteristics. FST is used inconsistently in high AKI risk children but has prognostic utility for new or persistent severe AKI, including RRT receipt, independent of AKI stage.",https://pubmed.ncbi.nlm.nih.gov/41426025/
41422221,2025,Subphenotype heterogeneity to guide predictive enrichment in acute kidney injury: insights from machine learning and target trial emulation.,Li J; Zhao M; He Q,BioData mining,10.1186/s13040-025-00514-0,Journal Article,eng,"BACKGROUND: Acute kidney injury (AKI) exhibits substantial heterogeneity in clinical presentation. Previous studies used traditional clustering approaches to identify subphenotypes, often focusing on adverse clinical outcomes, while ignoring that the central goal of subphenotyping is to enable individualized care. OBJECTIVE: In this study, we aimed to identify distinct AKI subphenotypes and evaluate their heterogeneous associations with vasopressor choice and renal replacement therapy (RRT) strategies. METHODS: This retrospective cohort study used data from the Medical Information Mart for Intensive Care IV (MIMIC-IV) database and included 31,030 patients diagnosed with AKI within 48 h of admission. Generative topographic mapping, a probabilistic unsupervised machine-learning model, was used to identify clusters. We then applied a target trial emulation framework to emulate comparisons of norepinephrine versus vasopressin, RRT modalities, and continuous RRT initiation timing across subphenotypes. RESULTS: Four distinct subphenotypes were identified, with marked differences in clinical features, laboratory abnormalities, and outcomes: a large group with intermediate severity; a hyper-inflammatory subphenotype with marked liver dysfunction and severe AKI; a cardiorenal congestion subphenotype with high cardiovascular comorbidity; and a younger subphenotype enriched for postoperative or trauma patients. Vasopressin was associated with reduced mortality in Subphenotype 2. A more delayed continuous RRT initiation strategy was linked to lower 60-day mortality in Subphenotypes 1 and 2. These associations remained robust in sensitivity analyses. CONCLUSIONS: We identified four clinically distinct AKI subphenotypes that demonstrated substantial heterogeneity in their mortality associations with vasopressor use and RRT strategies. These findings could improve prognostication and advance precision medicine in critical care.",https://pubmed.ncbi.nlm.nih.gov/41422221/
41392151,2025,Association of different serum creatinine trajectories with 28-day mortality in patients with acute kidney injury on chronic kidney disease: based on the MIMIC-IV database.,Ying J; Zhou H; Zhang Y; Zhu S; Zhang G; Huang J,European journal of medical research,10.1186/s40001-025-03632-x,Journal Article,eng,"To evaluate the relationship between short-term longitudinal serum creatinine (Scr) trajectories and 28-day mortality in patients with acute kidney injury (AKI) on chronic kidney disease (CKD). The data sources of this study were the Medical Information Mart for Intensive Care IV (MIMIC-IV) database. Group-Based Trajectory Modeling was used to classify the trajectories of Scr indices within 96 h after Intensive Care Unit admission. Kaplan-Meier survival curves were used to analyze the 28-day survival probabilities of patients with different Scr trajectories. Multivariate Cox proportional hazards models were applied to explore the association between different Scr trajectories and 28-day mortality. Receiver operating characteristic curves were employed to assess the predictive performance of the predictive model (model 3) for 28-day mortality. Decision curve analysis (DCA) was conducted to explore the clinical net benefit of the predictive model (model 3). Subgroup analysis was conducted to explore the robustness of the relationship. A total of 7,852 patients with AKI on CKD were included in this study. Through GBTM analysis, five distinct trajectory groups were identified: Group G1 (n = 1762, 22.4%) with Scr levels maintained at approximately 1 and showing a stable trend (Scr low-stable group); Group G2 (n = 915, 11.7%) with baseline Scr levels above 8 and showing a decreasing trend (Scr high-decreasing group); Group G3 (n = 2017, 25.7%) with Scr levels maintained at approximately 1.3-1.5 and showing a stable trend (Scr moderate-low stable group); Group G4 (n = 1707, 21.7%) with Scr levels maintained at approximately 2 and showing a stable trend (Scr moderate-stable group); and Group G5 (n = 1451, 18.5%) with Scr levels maintained at approximately 4 and showing a stable trend (Scr moderate-high stable group). The 28-day survival probabilities in Groups G1, G2, and G3 were higher than that in Groups G4 and G5. Compared with Group G1, the risk of 28-day mortality increased by 0.819-fold in Group G2, by 0.454-fold in Group G4, and by 0.860-fold in Group G5. The area under the curve (AUC) of model 3 was 0.795 (95% CI 0.782-0.807). DCA results showed that when the threshold probability ranged from 5 to 85%, the net benefit of model 3 was significantly higher than that of the ""treat all"" and ""treat none"" models. Group G4 and Group G5 were associated with increased 28-day mortality in both the male and female subgroups. The results showed that AKI on CKD patients with Scr high-decreasing trend, Scr moderate-stable trend, and Scr moderate-high stable trend had a higher risk of 28-day mortality.",https://pubmed.ncbi.nlm.nih.gov/41392151/
41378503,2025,Urine Tubular Biomarkers Are Associated With Natriuresis in Patients With Acute Heart Failure.,Wettersten N; Duff S; Horiuchi Y; van Veldhuisen DJ; Raturi S; Estrella MM; Shlipak MG; Maisel A; Murray PT; Ix J,Journal of the American Heart Association,10.1161/JAHA.125.044812,Journal Article,eng,"Loop diuretics require functioning kidney tubules to increase the excretion of sodium into urine thereby relieving congestion in patients with acute heart failure (AHF). Whether biomarkers of kidney tubular health are associated with the natriuretic response of loop diuretics in AHF is unknown. Spot urine sodium and 14 urine biomarkers of tubular health were measured after intravenous loop diuretic administration on the day of enrollment in 418 patients with AHF from AKINESIS (Acute Kidney Injury Neutrophil Gelatinase-Associated Lipocalin [NGAL] Evaluation of Symptomatic Heart Failure Study). The association of each biomarker with urine sodium concentration was assessed with multivariable linear regression. The mean age was 71±12 years, 64% were men, average estimated glomerular filtration rate was 56±24 mL/min per 1.73 m2, and urine sodium was 94±48 mEq/L. Higher urine concentrations of α-1-microglobulin (-5.0 mEq/L [95% CI, -8.3 to -1.6 mEq/L]), insulin-like growth factor-binding protein-7 (IGFBP-7 mEq/L; -4.1 [95% CI, -8.1 to 0.0 mEq/L]), tissue inhibitor of metalloproteinases 2 (TIMP-2; -3.6 mEq/L [95% CI, -6.5 to -0.7 mEq/L]), IGFBP-7*TIMP-2 product (-5.1 mEq/L [95% CI, -6.6 to -3.7 mEq/L]), interleukin 18 (-8.2 mEq/L [95% CI, -13.2 to -3.1 mEq/L]), kidney injury molecule 1 (-2.4 mEq/L [95% CI, -4.4 to -0.3 mEq/L]), and chemokine ligand 14 (-2.3 mEq/L [95% CI, -4.0 to -0.5 mEq/L]) were associated with lower urine sodium concentration after adjustment for confounders including estimated glomerular filtration rate and urine albumin. Urine biomarkers of tubular health are associated with lower natriuretic response to loop diuretics in patients with AHF. Kidney tubule health may be an underappreciated contributor to diuretic responsiveness in AHF.",https://pubmed.ncbi.nlm.nih.gov/41378503/
41369115,2025,From glycemic variability to digital signal biomarker: a prognostic and precision medicine framework for sepsis-associated acute kidney injury.,Ma X; Zhu S; Sun C; Yu Y; Zhao X; Liu F; Lyu J; Sun S,Renal failure,10.1080/0886022X.2025.2591465,Journal Article,eng,"Sepsis, a condition with substantial global morbidity and mortality, frequently leads to sepsis-associated acute kidney injury (SA-AKI). While glycemic variability (GV) correlates with adverse outcomes in critically ill populations, its prognostic value in SA-AKI remains underexplored. Using the MIMIC-IV database, this large-scale machine learning cohort study examined SA-AKI patients. Restricted cubic spline, Kaplan-Meier analysis, and Cox regression analyses were conducted to evaluate associations between GV, measured by glycemic coefficient of variation (CV) and 28- and 90-day mortality. Subgroup analyses stratified by age, sex, and diabetes status were performed. Prognostic models were developed using Cox proportional hazards (CoxPH), Least absolute shrinkage and selection operator (LASSO), and random survival forests (RSF). Among 12,268 eligible SA-AKI patients, the Boruta algorithm identified glycemic CV as a key prognostic determinant. When stratified by CV quartiles, higher CV quartiles exhibited significantly increased 28-day and 90-day mortality. Subgroup analyses revealed consistent associations except in diabetic patients, where increases in CV showed no correlation with mortality. Machine learning models exhibited strong predictive performance, with 28-day area under the curves (AUCs) of 0.822 (CoxPH), 0.822 (LASSO), and 0.845 (RSF), and 90-day AUCs of 0.819 (CoxPH), 0.820 (LASSO), and 0.837 (RSF). Elevated GV is associated with increased short- and long-term mortality in SA-AKI. Beyond prognostication, these findings position GV as a real-time, modifiable digital biomarker that may underpin a mechanistic Glycemic Oscillation-Induced Renal Injury (GO-RI) Axis. This framework supports future development of machine learning-enabled precision ICU nephrology strategies for dynamic risk stratification and phenotype-specific glycemic modulation in SA-AKI.",https://pubmed.ncbi.nlm.nih.gov/41369115/
41334875,2025,Urine Olfactomedin 4 Predicts Furosemide Response and Kidney Replacement Therapy in Critically Ill Children.,Hasson DC; Clover-Brown I; Zepeda-Orozco D; Pascal E; Martin SD; Krallman K; Kempton KM; Bennett A; Muszynski J; Lutmer J; Sargel C; Devarajan P; Standage SW; Alder MN; Goldstein SL,Critical care explorations,10.1097/CCE.0000000000001356,Journal Article; Observational Study,eng,"To test whether urine olfactomedin 4 (uOLFM4) can predict furosemide responsiveness in patients at high risk for acute kidney injury (AKI) early in the PICU course. A secondary outcome was prediction of kidney replacement therapy (KRT) initiation in this cohort. Prospective observational cohort study. Two quaternary care PICUs. Two hundred forty PICU patients with a renal angina index greater than or equal to 8 and a urine sample collected on PICU days 0-1. Fifty-six patients received a furosemide dose on PICU days 1-4 and 44 received KRT. None. uOLFM4 was measured via enzyme-linked immunosorbent assay. Urine neutrophil gelatinase-associated lipocalin (uNGAL) was measured via particle-enhanced turbidimetric immunoassay by the clinical laboratory. We compared groups using Mann-Whitney U tests or Kruskal-Wallis tests and calculated area under the receiver operating characteristic curve for performance of uOLFM4 and uNGAL to predict furosemide responsiveness on PICU days 1-4 and KRT receipt. Median (interquartile range) uOLFM4 and uNGAL concentrations were higher in patients who were furosemide nonresponsive (uOLFM4 694 ng/mL [214-1478 ng/mL] vs. 139 ng/mL [46-529 ng/mL]; p = 0.0004 and uNGAL 1149 ng/mL [204-2284 ng/mL] vs. 53 ng/mL [50-1533 ng/mL]; p = 0.0076) and higher in patients who received KRT. uOLFM4 and uNGAL had similar moderate discriminatory ability to predict furosemide responsiveness (area under the curve, 0.77 [95% CI, 0.65-0.90]; p = 0.0005 and 0.71 [95% CI, 0.57-0.85]; p = 0.0088, respectively). uOLFM4 of 156 ng/mL had 59% sensitivity, 96% specificity, a positive predictive value of 64%, and negative predictive value (NPV) of 95% to predict furosemide responsiveness. In critically ill children at high risk for AKI, both uOLFM4 and uNGAL have moderate discriminatory ability to predict furosemide responsiveness and KRT receipt on the first day of PICU stay. The NPV greater than or equal to 95% for uOLFM4 for both outcomes make it a promising candidate for implementation into clinical decision support to facilitate early KRT initiation decision-making.",https://pubmed.ncbi.nlm.nih.gov/41334875/
41291529,2025,Factors affecting response to furosemide stress test among critically ill hypoalbuminemic patients with AKI without prior albumin infusion.,Soliman AR; Yousry A; Maamoun HA,BMC nephrology,10.1186/s12882-025-04532-2,Journal Article,eng,"Acute kidney injury (AKI) is a common and serious condition often associated with hypoalbuminemia, which can influence the pharmacokinetics and efficacy of diuretics like furosemide. In critically ill patients, sepsis is the major cause of AKI, accounting for nearly 50% of cases. To evaluate whether AKI patients with hypoalbuminemia can respond to FST without albumin supplementation. This is a prospective quasi-experimental study. Patients were obtained from the intensive care unit of Cairo University Hospital with AKI stages 1 and 2 with hypoalbuminemia. A bolus of furosemide was administered at a dose calculated to be 1-1.5 mg/kg in a single dose to patients without a prior diagnosis of kidney disease and clinical signs of hypovolemia. A total of 41 critically ill patients with AKI were enrolled, aged between 18 and 80 years, of whom 56.10% had diabetes mellitus, 53.70% were on at least one nephrotoxic medication, and 56.10% had sepsis as the cause of AKI. The median (IQR) albumin level was 1.9 g/dL (1.4-2.7). Among 41 hypoalbuminemic AKI patients included, 80.50% responded to FST without prior albumin infusion. Non-responders had significantly lower baseline serum albumin levels, median (IQR) 1(1-2) vs. 2 (1-3) g/dL, p < 0.002). AKI patients with mild-to-moderate hypoalbuminemia may still respond to FST without albumin infusion, although response rates decline with the increasing severity of hypoalbuminemia. The FST remains a valuable predictive tool in hypoalbuminemic AKI patients but warrants further investigation to optimize its utility in this population. Not applicable.",https://pubmed.ncbi.nlm.nih.gov/41291529/
41225358,2025,Association of platelet trajectory patterns with in-hospital mortality in critically ill adults with acute kidney injury receiving continuous renal replacement therapy.,Takeuchi T; Ekrikpo UE; Lambert JW; Clay NJ; Hernandez DS; Bui LN; Braun CG; Renzi S; Kashani KB; Tolwani AJ; Neyra JA,BMC nephrology,10.1186/s12882-025-04562-w,Journal Article,eng,"BACKGROUND: Thrombocytopenia commonly occurs in critically ill patients with acute kidney injury (AKI) receiving continuous renal replacement therapy (CRRT) and is associated with poor outcomes. While previous studies have examined static platelet counts and relative declines, the prognostic significance of platelet trajectory patterns before and after CRRT initiation remains unclear. This study investigates the association between platelet count trajectories and in-hospital mortality in critically ill adult patients with AKI receiving CRRT. METHODS: This study is a single-center retrospective cohort study utilizing electronic health record (EHR) data from critically ill adults (≥ 18 years) with AKI who received CRRT at the University of Alabama at Birmingham between January 2012 and December 2023. Platelet trajectories were assessed using mixed-effects models incorporating all platelet measurements within seven days before and after CRRT initiation. The slopes of platelet count change were categorized as descending (≤ -10 × 10³/µL/day), stable (-10 to 10), or ascending (≥ 10), creating a total of nine trajectory patterns by combining the three pre-CRRT and three during-CRRT categories. The primary outcome was in-hospital mortality, which was analyzed in relation to these trajectory patterns using logistic regression models adjusted for demographics, comorbidities, Sequential Organ Failure Assessment (SOFA) score, medications, and use of other organ support devices as covariates. RESULTS: The study included 2,226 critically ill adults with AKI on CRRT, encompassing 8,569 patient-days before and 11,699 patient-days after CRRT initiation for platelet slope calculation. The median age was 59 years (IQR 48–69) and the median SOFA score at CRRT initiation was 12 (9–14). The in-hospital mortality rate was 57.8%. Before CRRT initiation, the most common trajectory was descending (46.2%), while after CRRT initiation, the stable pattern was most prevalent (58.3%). All patterns with a descending platelet trajectory during-CRRT were significantly associated with higher in-hospital mortality (aOR 1.92 [95% CI: 1.16–3.21] for ascending-descending; 1.49 [1.07–2.08] for stable-descending; 1.52 [1.04–2.23] for descending-descending). In contrast, all patterns with stable or increasing platelet counts during-CRRT tended to have lower mortality. CONCLUSIONS: A descending platelet trajectory after CRRT initiation was independently associated with increased in-hospital mortality.",https://pubmed.ncbi.nlm.nih.gov/41225358/
41214806,2025,Unsupervised clustering based on a graph attention network reveals high-risk subgroups among ICU dementia patients for enhanced mortality prediction.,Li C; Zhang L; Zhang X; Sun T; Ruan Q; Qiu M; Pan L; Wang B,European journal of medical research,10.1186/s40001-025-03336-2,Journal Article,eng,"Dementia presents a significant global health burden, with an increasing prevalence and considerable economic implications. In the intensive care unit (ICU), the number of dementia patients has steadily increased, highlighting the need for more accurate risk stratification. Traditional methods of patient classification often assume homogeneity, limiting their ability to identify subgroups at varying levels of mortality risk. This study explored the potential of graph attention networks (GATs) in addressing this gap, aiming to better characterize high-risk dementia subgroups in the ICU and improve clinical outcomes. This study utilized anonymized patient data from the publicly available MIMIC-IV and MIMIC-III datasets. Dementia patients were identified using ICD-9 and ICD-10 codes, with exclusions based on specific admission criteria, resulting in the inclusion of 7904 patients. A comprehensive set of demographics, comorbidities, ICU severity scores, and laboratory parameters was selected. Three unsupervised clustering methods were employed: a graph autoencoder (GAE), a graph attention autoencoder (GAT), and K-means combined with UMAP-based dimensionality reduction. The optimal number of clusters (k = 3) was determined by maximizing the silhouette scores and Calinski-Harabasz indices. The GAT method quantitatively outperformed both the GAE and K-means methods, achieving superior cluster separation (MIMIC-IV: highest silhouette score: 0.090; Calinski-Harabasz: 345.501; Davies-Bouldin: 2.30; MIMIC-III: highest silhouette score: 0.210; Calinski-Harabasz: 380.620; Davies-Bouldin: 1.850). Three distinct subgroups were identified: Cluster 1 represented the highest-risk phenotype, characterized by advanced age, coagulopathy, anemia, and organ dysfunction, with a strikingly elevated mortality risk (HR = 21.58, p < 0.001). Compared with the unstratified cohort, the machine learning models trained on the MIMIC-IV and validated on the MIMIC-III cohort showed improved predictive performance (AUC up to 0.85 within clusters). SHAP analysis revealed cluster-specific drivers, including a prolonged length of stay, renal impairment, and inflammatory markers. Visualization of the subgroups was achieved via sunburst plots, radar charts, and boxplots. This study included 7904 patients, who were divided into two groups: the nonoccurrence group (n = 5,038) and the occurrence group (n = 2,866). Baseline characteristics, including demographic, clinical, and laboratory factors, significantly differed between the groups. Unsupervised clustering methods identified distinct patient subgroups, with the GAT algorithm outperforming K-means and GCN in clustering both cohorts. Cox regression revealed that the GAT identified high-risk groups, with mortality significantly higher in Cluster 1 (HR = 21.58, P < 0.001). Cluster analysis revealed that Cluster 1 had the highest mortality risk and was characterized by advanced age, severe renal dysfunction, and poor clinical outcomes. To validate the superiority of the GAT-based unsupervised clustering approach, we applied various machine learning algorithms, which demonstrated enhanced predictive performance across the identified subgroups. The feature distributions and interrelationships were visualized using radar plots, boxplots, and SHAP analysis. SHAP further revealed distinct risk profiles: Cluster 0 was associated with an increased risk of thrombotic events and acute kidney injury; Cluster 1 reflected a high metabolic stress state indicative of early systemic inflammatory response syndrome (SIRS) or sepsis; and Cluster 2 was primarily marked by severe renal failure. This study demonstrates the effectiveness of GAT-based clustering for identifying high-risk subgroups among dementia patients in the ICU. By providing more granular risk stratification, these models can support clinical decision-making and improve patient management. These findings underscore the potential of advanced machine learning techniques in enhancing ICU care for dementia patients, with future research focusing on temporal validation and integration into clinical workflows to optimize outcomes.",https://pubmed.ncbi.nlm.nih.gov/41214806/
41198636,2025,Kidney perfusion in critical illness: between the macrocirculation and the microcirculation.,Beaubien-Souligny W,Current opinion in critical care,10.1097/MCC.0000000000001335,Journal Article; Review,eng,"Acute kidney injury (AKI) remains a major challenge in critical care, with high morbidity and mortality. This review aims to highlight existing and upcoming tools to integrate macrocirculatory and microcirculatory perspectives to better understand and prevent AKI. Hemodynamic optimization after initial resuscitation is currently based on central hemodynamic measurement of arterial/venous pressure and cardiac output, although they do not correlate well with kidney hemodynamics. Bedside ultrasound techniques, particularly contrast-enhanced ultrasound (CEUS), have uncovered impaired renal perfusion even when systemic flow appears adequate. Emerging high-frame-rate and super-resolution ultrasound methods promise to visualize renal microvessels at micrometer scales enabling true assessment of the microcirculation. Furthermore, urinary partial oxygen pressure monitoring provides continuous insight into medullary hypoxia. These diagnostics can be combined with biological phenotyping to define treatable AKI sub-phenotypes. The integration of multimodal hemodynamic monitoring holds promise for identifying actionable AKI sub-phenotypes and guiding precision therapies. Future clinical trials should incorporate mechanistic endpoints from both the macrocirculatory and microcirculatory domains to improve our understanding of treatment effects, optimize trial design, and ultimately enhance patient outcomes in this high-risk population.",https://pubmed.ncbi.nlm.nih.gov/41198636/
41191836,2025,"The therapeutic horizon of acute kidney injury in critical care: exploring pathology, promises, pitfalls, and progress.",Vogelaar Y; Mourisse L; Pickkers P,Current opinion in critical care,10.1097/MCC.0000000000001331,Journal Article; Review,eng,"Acute kidney injury (AKI) is among the most common organ failures encountered in critically ill patients, contributing to both short-term and long-term morbidity and mortality. No targeted therapy currently prevents or treats AKI. This review highlights recent advances in its prevention and treatment within critical care. Increased attention to AKI heterogeneity and subphenotypes, coupled with biomarker-driven research, has deepened understanding of its pathophysiology. Several clinical trials have shown no benefit or were stopped early for futility, yet others report promising therapeutic effects or identify potential interventions. These findings need confirmation in larger prospective studies, and their clinical relevance remains to be established. Continued investigation is required to delineate AKI subphenotypes and develop targeted therapies. Several trials already demonstrate encouraging results in specific AKI subphenotypes, supported by growing insight into its complex pathophysiology. Although candidate interventions are still under evaluation, recent progress offers hope for improved preventive and therapeutic strategies in critically ill patients.",https://pubmed.ncbi.nlm.nih.gov/41191836/
41145479,2025,Hmox1 expression indicates distinct injury phenotypes of proximal tubule cells in sepsis-associated acute kidney injury.,He Y; Zhang W; Li Z; Liu C; Peng Y,Scientific reports,10.1038/s41598-025-05764-w,Journal Article,eng,"Sepsis-associated acute kidney injury (SAKI) is the most common organ dysfunction in sepsis and a significant contributor to high mortality rates. Despite its clinical importance, the underlying pathogenesis of SAKI remains unclear, and effective therapies are currently lacking. This study aims to identify specific biomarkers for SAKI diagnosis by integrating bulk and single-cell RNA sequencing data from renal tissues in the SAKI model. We analyzed changes in mRNA/protein expression and cellular localization in kidney tissues affected by SAKI and confirmed that Hmox1 has potential as an indicator of proximal tubule (PT) injury in SAKI. Further validation across mouse models, and patient samples confirmed the role of Hmox1 in SAKI. Notably, we observed that Hmox1 high- and low-expressing PT cell subsets exhibit distinct phenotypes in SAKI. The Hmox1hi PT cells are the principal cells undergoing injury and metabolic alterations, while Hmox1low PT cells exert a major pro-inflammatory role through interactions with macrophages.",https://pubmed.ncbi.nlm.nih.gov/41145479/
41111708,2025,Severe Rhabdomyolysis With Stage 3 Acute Kidney Injury After Ayahuasca Use Managed Without Renal Replacement Therapy: A Case Report.,Kermanshah A; Stapleton M; Mauriello CM; Cobas M; Cordoba Torres IT,Cureus,10.7759/cureus.92568,Case Reports; Journal Article,eng,"Ayahuasca, a brew containing N,N-dimethyltryptamine (DMT) with monoamine oxidase-inhibiting β-carbolines, has expanded from traditional use to global retreats. Reported adverse effects include vomiting, agitation, serotonin toxicity-like syndromes, and cardiovascular events. Rhabdomyolysis has been described with other classic hallucinogens (e.g., lysergic acid diethylamide and psilocybin), but, to our knowledge, an ayahuasca-associated rhabdomyolysis case has not been previously reported. Our case is of a previously healthy man who ingested ayahuasca and undertook prolonged travel before presenting with diffuse myalgias and dark urine. Initial laboratory results showed creatine kinase (CK) at 110,659 IU/L, serum creatinine (Cr) at 6.8 mg/dL, and blood urea nitrogen (BUN) at approximately 95 mg/dL. Comprehensive hospital toxicology screens were negative for non-prescribed substances. Despite early treatment, Cr rose to 13.6 mg/dL (hospital day 7), with BUN peaking at approximately 130 mg/dL, consistent with severe acute kidney injury (AKI). CK declined rapidly with care, reaching <1,500 IU/L by day 9 and 730 IU/L by day 11. There was no clinical evidence of compartment syndrome. The patient received guideline-concordant management with high-volume isotonic fluids, electrolyte monitoring and correction, avoidance of nephrotoxins, and Intensive Care Unit (ICU) observation. Kidney function began to downtrend after the Cr peak but remained impaired at discharge, with nephrology follow-up arranged. This case highlights a plausible multifactorial pathogenesis: catecholaminergic surge and hyperactivity from a serotonergic psychedelic, combined with dehydration and questionable circumstances, culminating in profound rhabdomyolysis and AKI. Recognizing plant-based hallucinogen exposure is critical when evaluating unexplained CK levels that are more than five times the upper limit of normal. Our patient's trajectory - CK normalization preceding delayed renal recovery - mirrors classic myoglobinuric AKI. Clinicians should consider ayahuasca and other serotonergic hallucinogens when assessing rhabdomyolysis, anticipate renal complications, and institute early, aggressive fluid resuscitation and nephrotoxin avoidance. While rhabdomyolysis is recognized with other hallucinogens, this case suggests ayahuasca may carry similar or synergistic effects.",https://pubmed.ncbi.nlm.nih.gov/41111708/
41092697,2025,Renal impairment and prognosis in mannitol-treated intracerebral hemorrhage: a retrospective clinical analysis.,Yang X; Liu Z; Chen X; Deng S; Wang Z; Jin J,Journal of clinical neuroscience : official journal of the Neurosurgical Society of Australasia,10.1016/j.jocn.2025.111695,Journal Article,eng,"Mannitol is commonly used to control intracranial hypertension in intracerebral hemorrhage (ICH), yet its renal safety and impact on clinical outcomes remain uncertain. To evaluate the association between mannitol exposure, acute kidney injury (AKI), and in-hospital mortality in adults with spontaneous ICH. We performed a retrospective cohort study using MIMIC-IV. Patients were grouped by receipt of mannitol during the ICU stay. To address confounding, we used propensity score matching (PSM) and inverse-probability-of-treatment weighting (IPTW) with balance diagnostics. Primary outcomes were AKI (KDIGO criteria) and in-hospital mortality. Prespecified subgroup analyses included baseline Glasgow Coma Scale (GCS), and time-to-event analyses used Cox models. Because direct invasive intracranial pressure (ICP) data were available in only a minority of patients (≈29%), invasive ICP trajectories were presented descriptively for this subset without imputation and were not incorporated into adjusted outcome models. Of 2,421 eligible patients, 398 received mannitol. After PSM, mannitol use was associated with higher in-hospital mortality (48.7 % vs 22.0 %; p < 0.001) and AKI (38.7 % vs 22.9 %; p < 0.001). In patients with GCS ≤ 8, mortality remained higher in the mannitol group. IPTW analyses demonstrated directionally consistent associations with satisfactory post-weighting covariate balance. In the invasive-ICP subset, elevated first ICP was more common among mannitol recipients (descriptive analysis), consistent with confounding by indication. In this large, real-world ICH cohort, mannitol exposure was associated with increased risks of AKI and in-hospital mortality, particularly among patients with severe neurological impairment. Given substantial missingness of invasive ICP and the observational design, residual confounding cannot be excluded. These findings support judicious, indication-driven use of mannitol with proactive renal monitoring, and underscore the need for prospective studies with standardized ICP monitoring and detailed exposure profiling.",https://pubmed.ncbi.nlm.nih.gov/41092697/
41063311,2025,Association of longitudinal blood urea nitrogen trajectory with in-hospital and 28-day mortality in acute heart failure with cardiorenal syndrome.,Liu P; Qu F; Ma C; Ren Y,European journal of medical research,10.1186/s40001-025-03232-9,Journal Article,eng,"Patients with acute heart failure (AHF) complicated by acute cardiorenal syndrome (CRS) demonstrate substantial mortality risk. Conventional blood urea nitrogen (BUN) assessments using single-point measurements inadequately capture the temporal dynamics of renal dysfunction and disease progression. This study investigated the prognostic utility of BUN trajectory patterns for predicting in-hospital and 28-day mortality in AHF patients with CRS. We conducted a retrospective cohort study using the Medical Information Mart for Intensive Care IV (MIMIC-IV) database as the derivation cohort and the eICU Collaborative Research Database (eICU-CRD) as the validation cohort. BUN measurements were obtained at baseline (< 24 h), 72 h, and 144 h across both databases. Longitudinal BUN trajectory patterns were identified using latent class growth modeling (LCGM). Multivariable logistic and Cox proportional hazards regression analyses evaluated the association between trajectory groups and in-hospital and 28-day all-cause mortality, respectively. Subgroup and interaction analyses assessed the robustness of trajectory-based predictions across patient characteristics. Among 2931 patients across both cohorts, LCGM identified three distinct BUN trajectory patterns: persistent-low, persistent-moderate, and persistent-high trajectory groups. Restricted cubic spline analysis revealed a linear relationship between baseline BUN levels and both mortality outcomes (P > 0.05 for non-linearity), though with inconsistent predictive performance. Compared with the persistent-high trajectory group, the persistent-low trajectory group demonstrated significantly reduced in-hospital mortality (derivation cohort: OR 0.47, 95% CI 0.27-0.85; validation cohort: OR 0.59, 95% CI 0.38-0.93) and 28-day mortality (derivation cohort: HR 0.56, 95% CI 0.34-0.94; validation cohort: HR 0.66, 95% CI 0.45-0.85). Subgroup analyses indicated enhanced predictive performance of the persistent-low trajectory group in non-diabetic patients across both cohorts. No significant interactions were observed across subgroups, including different acute kidney injury stages. BUN trajectory patterns provide independent prognostic information for short-term outcomes in AHF patients with CRS. Persistent-low BUN trajectory are associated with significantly improved survival compared to persistent-high trajectory.",https://pubmed.ncbi.nlm.nih.gov/41063311/
41060994,2025,Longitudinal modeling of red blood cell distribution width dynamics and mortality risk in critically Ill patients with sepsis-associated acute kidney injury.,He R; Liao Y; Men L; Liu J; Li Z; Xue R; Lu J; Bao K; Zeng Y; Yang S,PloS one,10.1371/journal.pone.0333605,Journal Article,eng,"Sepsis-associated acute kidney injury (SA-AKI) is a critical condition with high mortality. Red cell distribution width (RDW) has emerged as a potential dynamic biomarker, but longitudinal RDW changes in SA-AKI remain underexplored. This retrospective cohort study analyzed adult SA-AKI patients from the MIMIC-IV database (2008-2022). Group-Based Trajectory Modeling (GBTM) identified distinct longitudinal RDW patterns. Primary outcome was 28-day all-cause mortality. Secondary outcomes included 90-day mortality, continuous renal replacement therapy (CRRT) requirement, and ICU length of stay. Multivariable Cox models assessed associations. adjustment for any transfusion and any major hemorrhage, and an exclusion analysis in which all transfused patients were removed. Among 6,694 patients (mean age 65.5 years, 57.7% male), 28-day mortality was 22.5%. Four RDW trajectory groups were identified: Stable Low (27.8%), Gradual Increase (38.5%), Continuous Increase (27.6%), and Rapid Increase (6.1%). The Rapid Increase group demonstrated highest disease severity scores and poorest laboratory profiles. Compared to the Stable Low group, the Rapid Increase group had significantly elevated 28-day mortality risk after full adjustment (HR 4.27, P < 0.001), with consistent patterns for 90-day mortality and resource use. Associations remained consistent across subgroup analyses, multiple-imputation datasets, and the relaxed-inclusion cohort, and were minimally altered after adjusting for transfusion/hemorrhage or excluding transfused patients. Dynamic RDW trajectories were independently associated with adverse outcomes in SA-AKI patients. Across extensive sensitivity analyses, these trajectories functioned as dynamic prognostic indicators without implying causality, supporting their use for risk stratification and individualized patient care.",https://pubmed.ncbi.nlm.nih.gov/41060994/
41042508,2025,Cost-Utility Analysis of Accelerated and Standard Strategies for Renal Replacement Therapy Initiation.,Round J; Akpinar I; Yan C; Patel N; van Katwyk S; Montgomery C; Wald R; Bagshaw SM; STARRT-AKI Investigators,JAMA network open,10.1001/jamanetworkopen.2025.35343,"Journal Article; Multicenter Study; Randomized Controlled Trial; Research Support, N.I.H., Extramural",eng,"Little is known about the long-term costs and outcomes related to strategies for timing of initiation of kidney replacement therapy (KRT) in critically ill patients with severe acute kidney injury (AKI). To estimate the cost-utility and cost-effectiveness of accelerated KRT initiation compared with standard KRT initiation in critically ill patients with AKI. In this economic evaluation, a state-transition model was developed using data from the Standard vs Accelerated Initiation of Renal Replacement Therapy in AKI (STARRT-AKI) trial, a multicenter, multinational randomized clinical trial of critically ill patients with severe AKI conducted between October 2015 and September 2019. Trial data were linked to administrative health databases in Alberta, Canada, to estimate costs and long-term clinical outcomes. The model included 4 health states: no chronic kidney disease, severe chronic kidney disease, KRT dependent, and dead. Costs are reported in 2024 Canadian dollars. Data were analyzed from February 2022 to November 2024. Initiation of KRT. The primary outcome for the economic evaluation was cost per quality-adjusted life-year (QALY) gained. The QALY is a combined measure of patient quality of life and length of life. Expected costs, QALYs, incremental cost-effectiveness ratio (ICER), and incremental net monetary benefit (INMB) were estimated on the basis of 5000 Monte Carlo simulations. A total of 146 patients from the STARRT-AKI trial were included in the analysis, with 73 patients (mean [SD] age, 59.67 [14.5] years; 52 men [71.3%]) randomized to receive accelerated initiation and 73 patients (mean [SD] age, 61.88 [12.9] years; 48 men [65.8%]) randomized to receive standard initiation. Standard initiation was more costly per patient than accelerated initiation (mean [SD], $251 370 [$155 801] vs $231 518 [$183 302]) but generated more QALYs (mean [SD] 7.49 [2.03] QALYs vs 6.64 [1.76] QALYs). The ICER of standard initiation compared with accelerated initiation was $23 208, with an INMB of $22 648 (95% credible interval, $15 980-$29 316) when assuming a willingness to pay per QALY of $50 000. The findings of this economic evaluation suggest that standard KRT initiation may be cost-effective in a Canadian setting, but this finding was sensitive to postdischarge cost trajectories and regional variation in KRT dependence.",https://pubmed.ncbi.nlm.nih.gov/41042508/
41006403,2025,Exploring trajectories of acute kidney injury in the intensive care unit: a population-based cohort study.,Wan DY; Luo XY; He M; Zhang ZW,Scientific reports,10.1038/s41598-025-11587-6,Journal Article,eng,"Acute kidney injury (AKI) represents a complex disorder characterized by distinct subphenotypes with varied clinical presentations and prognoses. Categorizing these subphenotypes may facilitate standardization of research cohorts and optimization of therapeutic strategies. The endothelial activation and stress index (EASIX) quantifies thrombotic microangiopathy severity, a pathophysiological hallmark of AKI. Consequently, we utilized EASIX trajectory analysis to identify AKI subphenotypes. AKI patients were identified from the eICU Collaborative Research Database to develop a group-based trajectory model. EASIX scores recorded during the initial seven ICU days were utilized for trajectory modeling. Patients were stratified into distinct subgroups according to the best model. Variable selection was performed using LASSO regression, followed by multivariate Cox regression analyses to calculate hazard ratios (HRs) across the identified subgroups. An independent validation cohort comprised patients from the central ICU of West China Hospital (WCH). The study's primary endpoints included all-cause in-ICU and in-hospital mortality across the identified subphenotypes. The final analysis included 317 patients from the eICU database and 58 patients from WCH. Based on the EASIX trajectories derived from the first seven ICU days, we identified two distinct subphenotypes: a ""Stably High"" (SH) group and a ""Decreasing"" (D) group. Compared to the D group, the SH group demonstrated significantly higher mortality risk, with an HR of 2.26 (95% CI 1.14-4.26, p = 0.018) for ICU mortality and 1.85 (95% CI 1.03-3.29, p = 0.038) for 30-day in-hospital mortality. These findings were replicated in the WCH validation cohort. This study identified and validated two distinct AKI subphenotypes through EASIX trajectory analysis, demonstrating significant heterogeneity in clinical characteristics, laboratory findings, comorbidities, and outcomes between these groups. Future research may focus on early subphenotype prediction, differential treatment responses, and molecular mechanisms driving inter-group variation.",https://pubmed.ncbi.nlm.nih.gov/41006403/
41006287,2025,InfEHR: Clinical phenotype resolution through deep geometric learning on electronic health records.,Kauffman J; Holmes E; Vaid A; Charney AW; Kovatch P; Lampert J; Sakhuja A; Zitnik M; Glicksberg BS; Hofer I; Nadkarni GN,Nature communications,10.1038/s41467-025-63366-6,Journal Article,eng,"Electronic health records contain multimodal data that can inform clinical decisions but are often unsuited for advanced machine learning analyses due to lack of labeled data. Here, we present InfEHR, a framework to automatically compute clinical likelihoods from whole electronic health records without requiring large volumes of labeled training data. InfEHR applies deep geometric learning through a procedure that converts whole electronic health records to temporal graphs that naturally capture phenotypic dynamics, leading to unbiased representations. Using only few labeled examples, InfEHR computes and automatically revises probabilities achieving highly performant inferences, especially in low-prevalence diseases. We test InfEHR using electronic health records from Mount Sinai Health System and UC Irvine Medical Center against physician-provided heuristics on neonatal culture-negative sepsis (3% prevalence) and postoperative acute kidney injury (21% prevalence). InfEHR demonstrated superior performance: for culture-negative sepsis (sensitivity: 0.60 vs. 0.04, specificity: 0.98 vs. 0.99) and post-operative acute kidney injury (sensitivity: 0.71 vs. 0.20, specificity: 0.93 vs. 0.98). Our study demonstrates the application of geometric deep learning in electronic health records for probabilistic inference in real-world clinical settings at scale.",https://pubmed.ncbi.nlm.nih.gov/41006287/
40989837,2025,Selenomethionine alleviates LPS-induced septic kidney injury by regulating mitochondrial dynamics changes.,Zhou X; Zhao J; Cheng W; Chen S; Zhang Y; Qu Y; Hu X; Lan Y; Tu Q; Hu J; Chen H,Frontiers in pharmacology,10.3389/fphar.2025.1606365,Journal Article,eng,"Acute kidney injury (AKI) is a prevalent complication of sepsis, where the inflammatory response plays a crucial role. Selenium exhibits anti-inflammatory and antioxidant properties, but its impact on sepsis-induced AKI remains unclear. In this study, we used a lipopolysaccharide (LPS)-induced murine model of sepsis-associated acute kidney injury (SA-AKI) in male C57BL/6 mice (8-12 weeks old) to investigate the protective mechanisms of selenomethionine (SeMet). Mice received weekly oral administration of SeMet (0.375 mg/kg) commencing 1 week prior to AKI induction. Our results demonstrated that SeMet treatment significantly attenuated the inflammatory response, reduced oxidative stress, and ameliorated renal pathological damage compared to saline-treated controls. Mechanistic investigations revealed that SeMet modulates altered mitochondrial dynamics and suppresses the NF-κB signaling pathway, thereby promoting macrophage polarization toward the anti-inflammatory M2 phenotype. These findings collectively demonstrate that SeMet effectively mitigates inflammation and ameliorates sepsis-induced AKI, suggesting its potential as a therapeutic candidate for SA-AKI prevention and treatment.",https://pubmed.ncbi.nlm.nih.gov/40989837/
40962975,2025,ODC1 loss upon KLF6 upregulation promotes macrophage pyroptosis and acute kidney injury in sepsis.,Ding J; Zhang S; Zhang X,Human cell,10.1007/s13577-025-01290-z,Journal Article,eng,"The excessive inflammatory cascade in sepsis represents a major cause of multiorgan injuries, including sepsis-associated acute kidney injury (SAKI). Following the bioinformatics prediction, this study aims to investigate the role of ornithine decarboxylase 1 (ODC1) in macrophage phenotype in SAKI. C57BL/6 J mice and mouse bone marrow-derived macrophages or THP-1 cells were subjected to lipopolysaccharide (LPS) treatments to generate septic models. RT-qPCR and western blot assays revealed a reduced expression pattern of ODC1 in the kidney of mice and the BMDMs following LPS challenges. Upregulation of ODC1 ameliorated kidney injury, reduced M1 polarization of macrophages, and alleviated inflammatory cytokine secretion. Moreover, this upregulation inactivated the nuclear factor-kappa B signaling and enhanced macrophage autophagy while reducing pyroptosis. KLF6, highly expressed in septic mice, was found to repress ODC1 transcription by binding to its promoter. Silencing of KLF6 similarly promoted macrophage autophagy and inhibited pyroptosis, ameliorating kidney injury and inflammation in mice. These effects were, however, negated by the additional ODC1 silencing. Collectively, this study suggests that KLF6-mediated ODC1 loss inhibits macrophage autophagy while promoting pyroptosis, thus resulting in inflammation and progression of SAKI.",https://pubmed.ncbi.nlm.nih.gov/40962975/
40960603,2025,Heterogeneity in the response to a high vs low mean arterial pressure target in patients with septic shock a post hoc analysis of a randomized controlled trial.,Pirracchio R; Fong N; Legrand M,Intensive care medicine,10.1007/s00134-025-08104-8,"Journal Article; Randomized Controlled Trial; Multicenter Study; Pragmatic Clinical Trial; Research Support, N.I.H., Extramural; Research Support, Non-U.S. Gov't",eng,"The best blood pressure target in sepsis is a matter of debate. SEPSIS-PAM, a large multicenter pragmatic randomized controlled trial, compared two mean arterial pressure targets (65-70 mmHg vs 80-85 mmHg) in septic shock and did not find any difference in mortality. The goal of this study was to assess whether (i) heterogeneity of treatment effect (HTE) exists in the response to different targets and (ii) the initial clinical trajectory can inform the optimal blood pressure target. The primary outcome was mortality at day 28. Secondary outcomes included mortality at day 90, acute kidney injury (AKI), and severe AKI based on the KDIGO classification, need for renal replacement therapy, renal replacement therapy, and vasopressor-free days. The presence of HTE was tested for and, if present, quantified. The interaction between post-randomization evolution of the MAP, norepinephrine requirements, lactate, mottling score, and urine output was estimated using a multimediation analysis. 776 patients were enrolled and analyzed in this study. There was no evidence of significant treatment effect heterogeneity based on baseline characteristics (sweep p-value = 0.664; 95% CI: 0.633-0.673). The direct effect of a higher MAP target on mortality, holding 24 h mediators at their control-level values, was not significant (RD = 0.017; 95% CI - 0.052 to 0.086; p = 0.62). However, if reaching a higher MAP required high norepinephrine doses and/or did not result in mottled skin resolution at 24 h, the effect transmitted through those mediators was associated with higher mortality (risk difference = 0.027; 95% CI 0.012-0.047 and 0.012; 95% CI 0.001-0.026). Our results suggest the absence of heterogeneity of the response to different blood pressure targets in patients with septic shock. Targeting a higher MAP target may be associated with harm when high norepinephrine doses are required or when mottled skin is present. SEPSISPAM ClinicalTrials.gov number, NCT01149278.",https://pubmed.ncbi.nlm.nih.gov/40960603/
40920040,2025,"Urine Output Trajectories and Dialysis Independence in Critically Ill Children With Acute Kidney Injury: A Single-Center Retrospective Cohort Study, 2014-2023.",Tokuda Y; Ide K; Morota J; Nashiki E; Nishi K; Miyaji M; Tani M; Matsumoto S; Nakagawa S,Pediatric critical care medicine : a journal of the Society of Critical Care Medicine and the World Federation of Pediatric Intensive and Critical Care Societies,10.1097/PCC.0000000000003826,Journal Article,eng,"To investigate whether the urine output trajectory is associated with dialysis independence in critically ill children with acute kidney injury (AKI). Retrospective cohort study. A PICU in Japan. Children younger than 16 years old who received continuous kidney replacement therapy (CKRT) for AKI between July 1, 2014, and June 30, 2023. None. We identified 61 eligible patients, including 16 patients who remained dialysis-dependent 30 days after CKRT initiation. Compared with dialysis-independent patients, dialysis dependence was associated with lower urine output on days 3, 7, 14, and 21 after CKRT initiation. Dialysis independence, when compared with dialysis dependence, was associated with higher median (interquartile range) urine output (mL/kg/hr) at each timepoint (day 3: 0.3 [0.1-1.6] vs. 0.0 [0-0.2]; p = 0.001; day 7: 1.3 [0.4-2.0] vs. 0.0 [0-0.1]; p < 0.001; day 14: 1.8 [1.0-3.5] vs. 0.0 [0-0; p < 0.001]; and day 21: 2.1 [1.1-3.0] vs. 0.0 [0-0]; p < 0.001). The area under the receiver operating characteristic curve (AUROC with 95% CI) for identifying dialysis independence at day 30 after CKRT initiation, based on urine output on day 14, was 0.96 (95% CI, 0.88-1.00). Using the DeLong test, this AUROC was higher than that on day 7 (0.88 [95% CI, 0.77-0.99]; p = 0.009). Also, on day 14, with a pre-test probability of dialysis independence of 71%, the post-test probability increases to 97% when using a test urine output greater than or equal to 0.41 mL/kg/hr. The sensitivity analysis with the exclusion of neonates yielded similar results. In this 2014-2023 cohort of critically ill children with AKI supported with CKRT, using a urine output greater than or equal to 0.41 mL/kg/hr on day 14, CKRT may be an effective diagnostic test of dialysis independence on day 30. Further validation studies are needed.",https://pubmed.ncbi.nlm.nih.gov/40920040/
40883387,2025,Early body temperature trajectories and short term prognosis in sepsis associated acute kidney injury.,Song Z; Gao T; Gao L; Zhu M; Feng N,Scientific reports,10.1038/s41598-025-17170-3,Journal Article,eng,"To explore the associations between temperature trajectories and in-hospital mortality and renal replacement therapy in patients with sepsis-associated acute kidney injury (SA-AKI). By using data from the Medical Information Mart for Intensive Care (MIMIC)-IV, participants were divided into three groups (≤ 36 °C, 36-38 °C, ≥ 38 °C). We identified body temperature trajectories by a latent class mixed model and explored the associations of these trajectories with in-hospital mortality using Cox hazard proportional regression models, further exploring the associations with renal replacement therapy using logistic regression models. Total 1,831 in-hospital deaths during 9,760 person-years of follow-up were documented. In the hypothermia group, five different temperature trajectory classes were identified: L1, L2, L3, L4, and L5. Similarly, four trajectory classes (M1, M2, M3, and M4) emerged in the normal temperature group, whereas the hyperthermia group presented four distinct trajectory classes (H1, H2, H3, and H4). Compared with patients with the M3 trajectory, those with the L1 (hazard ratio [HR]: 2.41, 95% confidence interval [CI]: 1.58-3.66), L2 (HR: 1.48, 95% CI 1.11-1.97), L3 (HR: 1.27, 95% CI 1.01-1.59), L4 (HR: 1.29, 95% CI 1.08-1.54), and M1 (HR: 1.29, 95% CI 1.06-1.57) trajectories were at greater risk of in-hospital mortality. For patients with different baseline temperatures, the L1 (HR: 1.95, 95% CI 1.19-3.18), M1 (HR: 1.28, 95% CI 1.05-1.56), and H4 (HR: 2.37, 95% CI 1.05-5.36) trajectories were related to an elevated risk of in-hospital mortality. The study suggests that early body temperature trajectories are linked to increased in-hospital mortality risk in patients with SA-AKI.",https://pubmed.ncbi.nlm.nih.gov/40883387/
40859313,2025,Efficacy of hybrid blood purification for SA-AKI subtypes identified by CCL14: study protocol for a single-centre randomized controlled clinical trial.,Shi K; Jiang W; Song L; Li X; Wang J; Zhao R; Wang H; Sun F; Wang R; Pu C; Zhang C; Li L; Feng Y; Yu J; Zheng R,Trials,10.1186/s13063-025-09058-4,Journal Article; Clinical Trial Protocol,eng,"Sepsis-associated acute kidney injury (SA-AKI) is a commonly encountered complex heterogeneous syndrome in critically ill patients with sepsis. Under the interaction of genotype and pathogenic factors, SA-AKI can lead to various clinical phenotypes and subphenotypes, and this heterogeneity complicates the assessment of the efficacy of treatment measures for sepsis in clinical trials. Early identification of SA-AKI high-risk patients with specific subphenotypes and timely implementation of supportive treatments may improve adverse outcomes for these patients. High levels of C-C motif chemokine ligand 14 (CCL14) serve as a biomarker that can early identify critically ill patients with persistent SA-AKI. However, the effects of different supportive treatment strategies on the prognosis of SA-AKI patients identified by CCL14 remain unclear. We hypothesize that integrated blood purification (HBP) therapy has a beneficial effect in the treatment of SA-AKI identified by CCL14. This is a single-center, blinded, randomized controlled trial. After the patients were admitted to the ICU, blood and urine samples were taken, and the urine CCL14 concentration was measured. Subsequently, they were randomly assigned to the continuous veno-venous hemofiltration (CVVH) group and the hybrid blood purification (HBP) group. The HBP group received blood hemoperfusion (HP) treatment using the HA380 hemoperfusion filter (Jafron, China) and CVVH treatment using the AN69 ST100 blood filter (Baxter, USA). The CVVH group used only the AN69 ST100 blood filter (Baxter, USA) and selected the CVVH mode for continuous renal replacement therapy (CRRT). The primary outcome was the all-cause mortality rate at 30 days after enrollment. The secondary outcomes included the all-cause mortality rate at 90 days, the incidence of chronic kidney disease (CKD) within 90 days, changes in kidney function 72 h after enrollment, variations in endotoxin levels, changes in coagulation function parameters, alterations in inflammatory factor levels, changes in plasma endothelial barrier-related indicators, variations in hemodynamic parameters, changes in SOFA (Sequential (Sepsis-related) Organ Failure Assessment) score, changes in Apache II score, duration of kidney replacement therapy (KRT) during hospitalization, duration of mechanical ventilation, duration of stay in ICU, and duration of stay in hospital. This study aims to explore the impact of the HBP therapy on the 30-day all-cause mortality rate of patients with SA-AKI subtypes recognized by CCL14, providing relatively reliable research evidence for determining the optimal treatment approach for patients with persistent severe SA-AKI in clinical practice. Chinese Clinical Trial Registry (CHICTR), ChiCTR2400093572. Registered on 9 December 2024, https://www.chictr.org.cn/showproj.html?proj=241688.",https://pubmed.ncbi.nlm.nih.gov/40859313/
40814717,2025,[Research progress on the classification of sepsis and sepsis-related organ dysfunction].,Hu J; Zhao G,Zhonghua wei zhong bing ji jiu yi xue,10.3760/cma.j.cn121430-20240612-00504,Journal Article; English Abstract; Systematic Review,chi,"Sepsis is a life-threatening organ dysfunction syndrome caused by a dysregulated host response to infection. Due to different infection sources, pathogens and basic conditions of patients, there is significant heterogeneity in clinical manifestations, response to treatment and prognosis of patients with sepsis. Accurate classification and individualized treatment of sepsis will help to further improve the prognosis of patients with sepsis. In recent years, the integration of artificial intelligence and bioinformatics has brought new opportunities for the research of sepsis classification. This review systematically introduces a variety of sepsis classification methods and their clinical application value. The clinical data in the electronic medical record, such as the dynamic changes of vital signs such as body temperature, can be used as the basis for sepsis classification. Different subtypes of body temperature trajectories have differences in physiological characteristics and prognosis, which contributes to predict the prognosis of patients and guide fluid management strategies. Biomarker classification can more comprehensively reflect the pathophysiological state of patients. Immune index classification is helpful to identify immunocompromised patients so as to carry out targeted immunotherapy. Transcriptome data and genotyping reveal the heterogeneity of sepsis at the molecular level and provide a new perspective for precision medicine. In addition, a detailed systematic review of sepsis-related organ function damage, such as acute respiratory distress syndrome (ARDS), acute kidney injury (AKI), and acute liver injury, has also been conducted, which is helpful to develop targeted organ protection and treatment strategies. These typing methods have shown good application prospects in clinical practice. However, there are still limitations in the current research, such as typing stability and biomarker selection, which need to be further explored. Future research should focus on the development of stable and efficient typing tools to achieve precise treatment of sepsis and improve the prognosis of patients.",https://pubmed.ncbi.nlm.nih.gov/40814717/
40767563,2025,A Tale of Two Subphenotypes in Pediatric Sepsis-Associated Acute Kidney Injury.,Fortenberry JD,Pediatric critical care medicine : a journal of the Society of Critical Care Medicine and the World Federation of Pediatric Intensive and Critical Care Societies,10.1097/PCC.0000000000003800,Journal Article,eng,,https://pubmed.ncbi.nlm.nih.gov/40767563/
40757051,2025,HBP21 Alleviates Sepsis-Induced Acute Kidney Injury by Targeting PI3K/AKT-Mediated M1 Macrophage Polarization.,An N; Xu M; Chen R; Wang C; Bai Y,Mediators of inflammation,10.1155/mi/9021628,Journal Article,eng,"Background: Sepsis-induced acute kidney injury (S-AKI), a life-threatening complication of systemic infection, is driven by macrophage-mediated inflammatory dysregulation. This study explores the role of heat shock binding protein 21 (HBP21) in attenuating renal injury through PI3K/AKT pathway modulation, employing cellular and animal models to dissect its therapeutic mechanisms and clinical relevance. Methods: In vitro, RAW264.7 cells underwent LPS-induced M1 polarization, and HBP21 expression was manipulated to evaluate its role in macrophage phenotype and PI3K/AKT signaling activation. M1/M2 macrophage polarization was quantified by flow cytometry, while coculture with NRK-52E cells evaluated tubular epithelial cell viability (CCK-8) and apoptosis (flow cytometry). An S-AKI rat model was induced via cecal ligation and puncture (CLP). Renal function (serum creatinine [Scr]/blood urea nitrogen [BUN]), tissue damage (hematoxylin and eosin [H&E]/terminal dUTP nick-end labeling [TUNEL]), and inflammation (Western blot/IHC) were systematically analyzed. Results: HBP21 overexpression promoted M2 macrophage polarization and activated PI3K/AKT signaling in LPS-stimulated macrophages. Knockdown of HBP21 obtained the opposite data. Inhibition with LY294002 or activation with 740 Y-P reversed these effects, confirming pathway involvement. Cocultured NRK-52E cells exposed to conditioned medium from HBP21-overexpressing macrophages showed a 62.32% increase in viability and a 56.11% reduction in apoptosis under LPS challenge. HBP21 overexpression in vivo lowered Scr (38.5%) and BUN (47.4%), alleviated tubular damage, and shifted renal macrophages toward an M2 anti-inflammatory phenotype with concurrent TNF-α/IL-6 downregulation. Conclusion: These findings suggest that HBP21 mitigates S-AKI pathogenesis via PI3K/AKT-mediated M2 macrophage polarization, underscoring its translational potential in renal injury therapy.",https://pubmed.ncbi.nlm.nih.gov/40757051/
40724987,2025,"Genotype-Phenotype Correlation of TNF-α (-238, rs361525) and Cystatin C for Early Detection of Sepsis-Associated AKI and Its Severity in Critically Ill Neonates.",Abdelsattar S; Al-Amodi HS; Nazih M; Salem EHM; Mostafa RG; Menshawy SS; El-Banna AA; Abdelgawad BM; Nabih OS; Mohsen Y; Abozeid E; Abd El-Hamid ME; Shoman NA; Ahmed NA; Nabil MM; Mohamed DA,International journal of molecular sciences,10.3390/ijms26146738,Journal Article,eng,"Sepsis-associated acute kidney injury (S-AKI) represents a significant health problem associated with adverse outcomes. Our study aimed to assess the value of serum cystatin-C (sCysC) and TNF-α (rs361525) in combination for diagnosing S-AKI patients and predicting their adverse outcomes. The study included 100 critically ill neonates and 100 controls. Patients were categorized into an S-AKI group and a non-AKI group. TNF-α (-238, rs361525) genotyping was performed using RT-PCR, and sCysC was assessed using ELISA. Our study showed a fundamental difference in the genotype frequencies of TNF-α (-238, rs361525) and SNP between S-AKI and non-AKI patients. Furthermore, there was a significant relationship between cystatin C and TNF-α (-238, rs361525), where cystatin C was higher in patients with AA alleles than in patients with GA and GG alleles. Combining GA + AA genotypes with elevated serum cystatin-C levels can serve as a potential diagnostic and prognostic biomarker for AKI development in this population. The GA/AA genotypes independently predicted S-AKI risk (OR = 6.64, p < 0.001). At the same time, elevated sCysC (>9.4 mg/L) emerged as a sensitive biomarker (AUC = 0.848) and independent predictor of adverse outcomes. Collectively, these findings contribute to the growing field of personalized medicine and represent a strategic advantage, enabling prevention-focused care rather than the treatment of established disease.",https://pubmed.ncbi.nlm.nih.gov/40724987/
40668865,2025,Molecular Phenotyping of Sepsis and Differential Response to Fluid Resuscitation.,Kiernan E; Zelnick LR; Khader A; Coston TD; Bailey ZA; Speckmaier S; Lo JJ; Siew ED; Sathe NA; Kestenbaum BR; Himmelfarb J; Johnson NJ; Shapiro NI; Douglas IS; Hough CL; Bhatraju PK,American journal of respiratory and critical care medicine,10.1164/rccm.202412-2377OC,"Journal Article; Randomized Controlled Trial; Research Support, N.I.H., Extramural",eng,"Rationale: Biological heterogeneity in critical illness syndromes, such as sepsis and acute kidney injury (AKI), has hindered development of effective therapies. In sepsis-associated AKI, two molecular subphenotypes (SP1 and SP2) have been identified with differing characteristics, outcomes, and response to vasopressor treatment. It is unknown if these subphenotypes extend to all patients with sepsis and whether they respond differently to fluid resuscitation strategy. Methods: Patients enrolled in the CLOVERS clinical trial with plasma collected at study enrollment were classified into two subphenotypes using a previously validated parsimonious prediction model that included angiopoietin-1 and -2 and soluble tumor necrosis factor receptor-1. Kaplan-Meier estimates were used to test differences in outcomes and subphenotype by treatment interaction. Measurements and Main Results: Among 1,289 patients, we identified 1,016 as SP1 and 273 as SP2. The risk of poor clinical outcomes was greater in SP2 than in SP1 independent of demographics, comorbidities, and illness severity scores. Patients with SP2, characterized by more severe endothelial injury and inflammation, had higher 28-day mortality with a liberal versus restrictive fluid strategy (41% vs. 27%), whereas patients with SP1 had no difference (9% vs. 9%) (P value for interaction = 0.02). Furthermore, SP2 had fewer days free from ventilation, renal replacement therapy, and vasopressors with a liberal compared with a restrictive resuscitation strategy. Conclusions: Molecular subphenotypes previously identified in AKI are also identifiable in sepsis and respond differently to fluid resuscitation strategy. Future prospective identification of these subphenotypes could inform a precision-guided therapeutic approach in sepsis.",https://pubmed.ncbi.nlm.nih.gov/40668865/
40661925,2025,Terlipressin for sinusoidal obstruction syndrome-associated acute kidney injury: a novel application.,Meath CJ; Simon B; Mehta RS; Kebriaei P; Lin JS,Clinical kidney journal,10.1093/ckj/sfaf188,Case Reports; Journal Article,eng,"Sinusoidal obstruction syndrome (SOS) is a life-threatening complication of hematopoietic cell transplantation that can lead to multiorgan failure, including acute kidney injury (AKI) due to hepatorenal syndrome (HRS)-like physiology. Current supportive measures often fail in preserving renal function, and dialysis is associated with high mortality risk. Terlipressin, a vasopressin analog approved for HRS in cirrhosis, has not been previously described for SOS-AKI. We report the first detailed case of terlipressin improving renal function, restoring diuretic responsiveness, and preventing dialysis in a patient with SOS, highlighting its potential as a therapeutic option for SOS-related renal failure.",https://pubmed.ncbi.nlm.nih.gov/40661925/
40648824,2025,Unsupervised Machine Learning in Identification of Septic Shock Phenotypes and Their In-Hospital Outcomes: A Multicenter Cohort Study.,Ang SP; Chia JE; Lee E; Lorenzo-Capps MJ; Laezzo M; Iglesias J,Journal of clinical medicine,10.3390/jcm14134450,Journal Article,eng,"Background: Septic shock is a heterogeneous syndrome with diverse clinical presentations and pathophysiology, yet current management guidelines largely treat it as a homogenous entity. Early risk stratification relies on lactate and different predictive scoring systems, which may not capture the underlying heterogeneity in host responses. Aim: To identify discrete subphenotypes of septic shock using admission demographics and laboratory parameters, and to evaluate their relationship with in-hospital outcomes. Methods: We conducted a retrospective multicenter cohort study of 10,462 adult patients with ICD-10-defined septic shock admitted to intensive care units between 2014 and 2015. We used Two-Step Cluster Analysis using log-likelihood distance and the Bayesian Information Criterion to identify two distinct phenotypes. We compared clusters on baseline characteristics, in-hospital outcomes including mortality, days on mechanical ventilation, vasopressor use, acute kidney injury (AKI), AKI requiring renal replacement therapy (RRT), and ICU and hospital lengths of stay. Results: We identified two clusters (Cluster 1, n = 5355 and Cluster 2, n = 5107) in our study. Cluster 1 showed greater biochemical severity at presentation, including higher median lactate (2.40 vs. 2.20 mmol L-1; p < 0.001), serum creatinine (1.39 vs. 1.20 mg dL-1; p < 0.001), blood urea nitrogen (28 vs. 25 mg dL-1; p < 0.001), and neutrophil-to-lymphocyte ratio (11.12 vs. 10.38; p < 0.001), and a higher mean SOFA score (7.05 ± 3.85 vs. 6.76 ± 3.87; p < 0.001). Despite this, Cluster 1 required mechanical ventilation more frequently (46.1% vs. 42.2%; p < 0.001) and had a higher incidence of AKI (58.1% vs. 55.6%; p = 0.009), including more stage 3 AKI (17.2% vs. 15.2%; p < 0.001) and dialysis (6.6% vs. 5.2%; p = 0.005), yet experienced similar in-hospital mortality (15.4% vs. 15.8%; p = 0.615) and comparable ICU (2.18 vs. 2.26 days; p = 0.254) and hospital lengths of stay (6.63 vs. 6.80 days; p = 0.251). Conclusions: Two septic shock phenotypes were identified, one with marked early organ dysfunction (Cluster 1) and another with milder initial derangements (Cluster 2), yet both showed convergent short-term mortality and lengths of stay despite divergent support needs. These results challenge reliance on single-parameter severity markers and underscore the need for phenotype-guided risk stratification and personalized management strategies in septic shock.",https://pubmed.ncbi.nlm.nih.gov/40648824/
40637493,2025,Derivation and Validation of Pediatric Sepsis-Associated Acute Kidney Injury Subphenotypes With Prognostic Relevance.,Stanski NL; Zhang B; Ouyang J; Sanchez-Pinto LN; Faustino EVS; Rogerson CM; Hall MW; Weiss SL; Bennett TD; Standage SW; Goldstein SL; Liu KD; New Collective Author,Pediatric critical care medicine : a journal of the Society of Critical Care Medicine and the World Federation of Pediatric Intensive and Critical Care Societies,10.1097/PCC.0000000000003789,Journal Article; Observational Study; Validation Study,eng,"Sepsis-associated acute kidney injury (SAKI) is a heterogeneous syndrome associated with poor outcomes. Subphenotypes of SAKI with prognostic and therapeutic relevance have been identified in adults, but not in children. We sought to identify reproducible and clinically relevant pediatric SAKI (pSAKI) subphenotypes using readily available clinical and laboratory data. Secondary analysis of a retrospective observational study of pediatric sepsis. Thirteen PICUs in the United States from January 2012 to January 2018. Patients aged 0-18 years with septic shock (sepsis and requiring vasoactive medications) and day 1-2 SAKI (≥ Kidney Disease Improving Global Outcomes stage 1 by serum creatinine). None. Fourteen hundred fifty-five patients were included after inclusion and exclusion criteria were applied: 873 (60%) in the derivation cohort and 582 (40%) in the external validation cohort. A two-subphenotype latent class analysis model had the best fit in both cohorts: pSAKI subphenotype 1 (pSAKI-1) and pSAKI subphenotype 2 (pSAKI-2). pSAKI-2 was characterized by younger age, more organ support, greater fluid accumulation, and laboratory evidence of inflammation, acid-base derangement, thrombocytopenia, and coagulopathy. pSAKI-2 had uniformly worse outcomes, including higher rates of severe and persistent AKI at days 3-4 (54% vs. 23%, p < 0.001) and day 7 (31% vs. 12%, p < 0.001), increased use of continuous renal replacement therapy (21% vs. 6%, p < 0.001), and independently increased odds of mortality after adjustment for potential confounders (adjusted odds ratio 1.59; 95% CI, 1.04-2.41; p = 0.03). A parsimonious classification model accurately identified pSAKI-2 membership (C-statistic 0.94 [95% CI, 0.92-0.95] and 0.85 [95% CI, 0.82-0.88], respectively, in the derivation and internal validation cohorts). We identified two distinct early pSAKI subphenotypes using readily available data that exhibit differential risk for poor outcomes and can be identified from a parsimonious set of variables. Pending external validation, operationalization of pSAKI subphenotypes may allow for prognostic enrichment to guide clinical care and inform clinical trial enrollment.",https://pubmed.ncbi.nlm.nih.gov/40637493/
40618563,2025,Response to furosemide and the receipt of kidney replacement therapy in critically ill patients.,Gal Oz A; Wald R; Stavi D; Lichter Y; Angel Y; Sold O; Dayan RR; Khoury N; Adi N; Goder N,Journal of critical care,10.1016/j.jcrc.2025.155171,Journal Article,eng,"The administration of furosemide can predict the likelihood of clinical deterioration in patients with early-stage acute kidney injury (AKI). This study aimed to evaluate the response to a patient's first furosemide bolus administered during ICU admission in critically ill patients, and to assess the significance of this response in predicting the need for kidney replacement therapy (KRT). This retrospective cohort study included critically ill adult patients admitted to a tertiary care hospital ICU between 2017 and 2023 who received a first intravenous furosemide bolus with documented urine output. Patients treated with continuous furosemide infusion were excluded. The response to furosemide was assessed at 2 and 6 h after administration. The primary outcome was the initiation of kidney replacement therapy (KRT) within 7 days. A total of 1527 critically ill patients were included in the analysis. Among patients with urine output ≤25 mL/h during the first 2 h post-furosemide, 23.9 % received KRT within 7 days, compared to 8.8 % in the 25.1-50 mL/h group and 3.6 % in the >50 mL/h group (p < 0.001). Similar patterns were observed for urine output at 6 h. Lower urine output was also associated with greater AKI progression and higher KDIGO stages. In multivariable analysis, lower urine output at 6 h remained a significant predictor of KRT initiation (adjusted OR per 10 mL/h increase: 0.905, 95 % CI: 0.861-0.951). This study demonstrates that the response to a first furosemide bolus administered during usual clinical care can be a valuable tool for anticipating the future receipt of KRT.",https://pubmed.ncbi.nlm.nih.gov/40618563/
40595455,2025,Modulatory role of radioprotective 105 in mitigating oxidative stress and ferroptosis via the HO-1/SLC7A11/GPX4 axis in sepsis-mediated renal injury.,Duo H; Yang Y; Luo J; Cao Y; Liu Q; Zhang J; Du S; You J; Zhang G; Ye Q; Pan H,Cell death discovery,10.1038/s41420-025-02578-7,Journal Article,eng,"Sepsis-associated acute kidney injury (SA-AKI) is a critical condition characterized by high morbidity and mortality rates, particularly in intensive care settings. This study focuses on RP105, a pattern recognition receptor, exploring its role in moderating the mechanisms of oxidative stress and ferroptosis during SA-AKI, offering insights into its potential as a therapeutic target. SA-AKI model was established using RP105 knockout (KO) and wild-type (WT) mice through cecal ligation and puncture (CLP). Comprehensive evaluations included the assessment of ferroptosis markers and the expression levels of pro-inflammatory cytokines. RP105 expression was markedly reduced in the kidneys following CLP induction, correlating with worsened renal outcomes. Compared to the Sham group, RP105-/- mice displayed heightened renal damage, increased levels of oxidative stress markers, and enhanced lipid peroxidation. Notably, the deficiency of RP105 led to increased macrophage infiltration and a shift towards pro-inflammatory phenotypes, which further potentiated ferroptosis and exacerbated renal tissue damage. By influencing macrophage behavior and mitigating inflammatory responses. RP105 deficiency exacerbates macrophage-induced inflammation, oxidative stress, and ferroptosis, forming a vicious cycle that leads to more severe renal injury. These findings underscore the pivotal role of RP105 in mitigating oxidative stress and suppressing ferroptosis in the context of SA-AKI through regulation of the HO-1/SLC7A11/GPX4 axis. By preventing macrophage polarization toward a pro-inflammatory phenotype, RP105 alleviates inflammatory responses and tissue damage, highlighting its potential as a therapeutic target. Thus, RP105 emerges as a promising therapeutic candidate for mitigating sepsis-induced renal damage.",https://pubmed.ncbi.nlm.nih.gov/40595455/
40540167,2025,Long-term renal consequences of COVID-19. Emerging evidence and unanswered questions.,Lang SM; Schiffl H,International urology and nephrology,10.1007/s11255-025-04616-w,Journal Article; Review,eng,"COVID-19 infection is associated with a high burden of acute or acute on chronic kidney injury (AKI), particularly in critically ill patients. Given the large numbers of COVID-19 survivors, characterization of long-term adverse kidney effects of COVID-19 have important implications for post-COVID-19 care. This narrative review provides a summary of epidemiologic evidence for post-COVID kidney disorders. Precise post-COVID renal data are scarce. The true burden of long-COVID chronic kidney disease (CKD) remains unknown owing to under-recognition, under-diagnosis, clinical heterogeneity of patients, incomplete follow-up, and temporal trends in critical COVID-19 disease across waves of the pandemic. Collectively, the few well-designed studies assessing the impact of long-COVID on kidney health found that the overwhelming majority of patients with normal renal function at admission and without AKI during acute COVID-19 disease preserved kidney function. Post-infection kidney function trajectories of patients who experience a loss of renal function vary. Kidney function may decline gradually even in non-hospitalized patients, hospitalized patients may experience a rapid loss of kidney function 6-12 months after COVID-19 diagnosis or hospital discharge resulting from AKI during the acute phase of the disease. End-stage renal disease may occur after non-recovery from AKI and rapid progression of pre-existing CKD. Multiple mechanisms may trigger post-COVID CKD including maladaptive repair after AKI, or progression of renal lesions of systemic co-morbidities, persistence of the virus and dysregulation of inflammatory cytokines. The COVID-19 pandemic has significantly impacted and may continue to have an impact on kidney health. Patients at risk have a higher propensity to develop critical COVID-19 disease. Post-COVID-19 care must pay close attention to renal function in patients discharged from hospital.",https://pubmed.ncbi.nlm.nih.gov/40540167/
40539603,2025,Moving beyond the syndrome: how can acute kidney injury phenotypes help?,Scott J; See EJ; Kelly YP,Current opinion in nephrology and hypertension,10.1097/MNH.0000000000001098,Journal Article; Review,eng,"The purpose of this review is to describe recent and important updates in acute kidney injury (AKI) phenotyping that help us to move beyond the clinical syndrome of AKI. Recent studies reinforce the utility of damage biomarker positivity in AKI classification and have found that biomarker positivity (specifically NGAL) adds prognostic information regardless of classification of the AKI according to RIFLE or KDIGO criteria, and regardless of cut-off selection methodology. Novel methodologies for identifying AKI phenotypes and subphenotypes are currently being developed and integrated subclassification approaches e.g. combining biomarker and transcriptomic approaches, have been found to be more informative than using a single approach alone to identify AKI phenotypes. Consortiums have developed in partnership between academia and industry to identify consensus endotypes for critically ill adults and children. There are prognostic and treatment benefits to AKI phenotyping and subphenotyping which allow us to provide a customized approach to AKI care. Challenges currently exist to implementation of AKI phenotyping at the bedside but ongoing projects are already seeking solutions for feasible bedside identification of subphenotypes using machine-learning or point-of-care biomarker assays. Future research in this area will focus on the ability to recognize and link endotypes, subphenotypes and phenotypes in AKI.",https://pubmed.ncbi.nlm.nih.gov/40539603/
40502749,2025,Association of Platelet Trajectory Patterns with In-Hospital Mortality in Critically III Adults with Acute Kidney Injury Receiving Continuous Renal Replacement Therapy.,Takeuchi T; Ekrikpo U; Lambert J; Clay N; Hernandez DS; Bui L; Braun C; Renzi S; Kashani K; Tolwani A; Neyra J,Research square,10.21203/rs.3.rs-6502534/v1,Journal Article; Preprint,eng,"Thrombocytopenia commonly occurs in critically ill patients with acute kidney injury (AKI) receiving continuous renal replacement therapy (CRRT) and is associated with poor outcomes. While previous studies have examined static platelet counts and relative declines, the prognostic significance of platelet trajectory patterns before and after CRRT initiation remains unclear. This study investigates the association between platelet count trajectories and in-hospital mortality in critically ill adult patients with AKI receiving CRRT. This study is a single-center retrospective cohort study utilizing electronic health record (EHR) data from critically ill adults (≥18 years) with AKI who received CRRT at the University of Alabama at Birmingham between January 2012 and December 2023. Platelet trajectories were assessed using mixed-effects models incorporating all platelet measurements within seven days before and after CRRT initiation. The slopes of platelet count change were categorized as descending (≤ -10 × 103/μL/day), stable (-10 to 10), or ascending (≥ 10), creating a total of nine trajectory patterns by combining the three pre-CRRT and three during-CRRT categories. The primary outcome was in-hospital mortality, which was analyzed in relation to these trajectory patterns using logistic regression models adjusted for demographics, comorbidities, Sequential Organ Failure Assessment (SOFA) score, medications, and use of other organ support devices as covariates. The study included 2,226 critically ill adults with AKI on CRRT, encompassing 8,569 patient-days before and 11,699 patient-days after CRRT initiation for platelet slope calculation. The median age was 59 years (IQR 48-69) and the median SOFA score at CRRT initiation was 12 (9-14). The in-hospital mortality rate was 57.8%. Before CRRT initiation, the most common trajectory was descending (46.2%), while after CRRT initiation, the stable pattern was most prevalent (58.3%). All patterns with a descending platelet trajectory during-CRRT were significantly associated with higher in-hospital mortality (aOR 1.92 [95% CI: 1.16-3.21] for ascending-descending; 1.49 [1.07-2.08] for stable-descending; 1.52 [1.04-2.23] for descending-descending). In contrast, all patterns with stable or increasing platelet counts during-CRRT tended to have lower mortality. A descending platelet trajectory after CRRT initiation was independently associated with increased in-hospital mortality.",https://pubmed.ncbi.nlm.nih.gov/40502749/
40469838,2025,Machine learning-derived multivariate renal function trajectories in acute kidney injury in critically ill patients: a multicentre retrospective study.,Lin J; Liu L; Zhu S; Gao J; Liu L; Hong H; Wei Y; Yang J; Liu X; Li R; Zhu J,Clinical kidney journal,10.1093/ckj/sfaf142,Journal Article,eng,"Acute kidney injury (AKI) exhibits considerable heterogeneity. The objective of the current study was to identify AKI subphenotypes in intensive care unit (ICU) patients using multivariate renal function trajectories. A retrospective study was performed on two independent datasets: the MIMIC-IV and eICU datasets. Using group-based multivariate trajectory modelling (GBMTM), we identified AKI subphenotypes based on trajectories of estimated glomerular filtration rate (eGFR) and urine output (UO). Multivariate Cox regression was applied to quantify the risk associated with the AKI subphenotype concerning clinical outcomes. Our study enrolled a total of 17 113 ICU patients diagnosed with AKI, revealing four AKI subphenotypes via GBMTM. Subphenotype 1, characterized by a swift decrease in eGFR coupled with a gradual increase in UO, exhibited the highest mortality rates (24% in the MIMIC-IV cohort, 20% in the eICU cohort). Conversely, subphenotype 4, featuring a marked increase in eGFR alongside stable UO levels, demonstrated the most favourable prognosis (15% mortality in the MIMIC-IV cohort, 8% in the eICU cohort). Subphenotypes 2 and 3 shared similar eGFR trends, however, subphenotype 2 experienced a rapid decrease in UO, whereas subphenotype 3 maintained stability in this regard. Across both datasets, subphenotype 4 showed a significantly reduced risk of mortality compared with subphenotype 1 {hazard ratio [HR] 0.72 [95% confidence interval (CI) 0.60-0.81], P < .001 in the MIMIC-IV cohort; HR 0.49 [95% CI 0.37-0.64], P < .001 in the eICU cohort}. This study differentiated and stratified AKI subphenotypes among ICU patients by leveraging multivariate renal function trajectories, laying a foundation for personalized therapeutic strategies.",https://pubmed.ncbi.nlm.nih.gov/40469838/
40457292,2025,Using vascular biomarkers to assess heart failure event risk in hospitalized patients with and without AKI.,Shi AA; Andrawis AS; Biswas A; Wilson FP; Obeid W; Philbrook HT; Go AS; Ikizler TA; Siew ED; Chinchilli VM; Hsu CY; Garg AX; Reeves WB; Prince DK; Bhatraju P; Coca SG; Liu KD; Kimmel PL; Kaufman JS; Wurfel MW; Himmelfarb J; Parikh CR; Mansour SG; ASSESS-AKI Consortium*,BMC nephrology,10.1186/s12882-025-04169-1,Journal Article,eng,"Patients with AKI experience higher rates of heart failure (HF). This study seeks to identify criteria to assess the risk of heart failure post-hospitalization, with a special focus on AKI patients. We hypothesized that the combined use of 9 vascular biomarkers would predict future heart failure events after AKI. Using a study of 1497 hospitalized patients with and without AKI, we found that these 9 vascular biomarkers successfully stratified patients into different risk groups for HF, and were able to improve prediction of HF when added to routine clinical variables. Using the ASSESS-AKI cohort, we performed an unsupervised spectral cluster analysis with 9 plasma biomarkers measured at 3 months post-hospitalization [Angiopoietin (angpt)-1, angpt-2, vascular endothelial growth factor (VEGF)-A, VEGF-C, VEGF-d, VEGF receptor 1 (R1), solubleTie-2 (sTie-2), placental growth factor (PlGF), and basic fibroblast growth factor (bFGF)] in 1,497 patients, half of whom had AKI. We used a Cox regression analysis to evaluate the associations between the clusters and HF. Models were adjusted for demographics, cardiovascular disease risk factors, medications, ICU status, lung disease, sepsis, clinical center, and 3-month post-discharge serum creatinine and proteinuria. We calculated change in the area under the curve (AUC) for the prediction of HF or death at 3 years by adding the biomarkers to a clinical model selected by a penalized regression with LASSO. We also calculated a net reclassification index for the addition of the biomarkers to the clinical model. Three biomarker-derived clusters were identified: Cluster 1 [n = 302, Vascular Injury (Injury) Phenotype] had higher levels of injury markers, whereas Cluster 2 [n = 728, Vascular Repair (Repair) Phenotype] had higher levels of repair markers. Cluster 3 (n = 467) had lower levels of all markers (Dormant Phenotype). Across the entire cohort, those with the Injury Phenotype had twofold higher risk of a HF event compared to the Repair Phenotype [aHR 2.24 (95% CI: 1.57-3.19)] and noted in both participants with AKI [aHR 2.12 (95% CI: 1.35-3.34)] and without AKI [aHR 2.94 (95%CI: 1.57-5.50)]. The Dormant Phenotype was associated with higher risk of HF events only in participants without AKI. The AUC for the prediction of HF event or death at 3 years by the biomarkers was 0.76 (95% CI: 0.73-0.80), 0.77 (95% CI: 0.73-0.80) for the clinical model, and 0.80 (95% CI: 0.77-0.83) for the combined model. The addition of the biomarkers significantly improved reclassification of HF event or death. Vascular biomarkers can be used to derive phenotypes capable of stratifying future risk of HF events in recently hospitalized patients with or without AKI.",https://pubmed.ncbi.nlm.nih.gov/40457292/
40426163,2025,Trajectories of fluid management after the initiation of renal replacement therapy in critically ill patients: a secondary analysis of the STARRT-AKI trial.,Beaubien-Souligny W; Gamarian E; Côté JM; Neyra JA; Baroz F; Adhikari NKJ; Thorpe K; Bagshaw SM; Wald R,"Critical care (London, England)",10.1186/s13054-025-05447-y,Journal Article,eng,"Fluid management is an essential component of renal replacement therapy (RRT) in critically ill patients. Both a positive cumulative fluid balance (CFB) and a high net ultrafiltration (NUF) rate have been reported to be associated with adverse outcomes in epidemiological studies, although the overall trajectory of fluid balance after RRT initiation is not well-described. We aimed to characterize trajectories of fluid management parameters during RRT and analyse the effect of CFB/NUF on outcomes as a trajectory rather than single or aggregated time points over the first week after initiation of RRT. This is a secondary analysis using fluid balance data focusing on individuals enrolled in the standard-strategy arm of the STARRT-AKI trial who initiated RRT. Cumulative fluid balance (CFB) following RRT initiation and daily net ultrafiltration (NUF) adjusted for body weight during the first 7 days after initiation of RRT were the main independent exposures. We modeled the trajectory of fluid parameters using spline functions and used latent trajectory analysis methods to identify predominant trajectories to compare patients' characteristics and outcomes. We employed logistic regression and multivariable joint longitudinal models to compare the odds and determine the time-dependent association between fluid parameters (CFB and NUF) and 90-day mortality across and within the trajectory classes identified. We included 855 patients in the primary analysis. After excluding erroneous fluid balance data, we identified two distinct CFB/NUF trajectories. Class A (82.8%) was characterized by a slight increase in CFB and low/stable NUF during the week following RRT initiation while class B (17.2%) was characterized by an increasingly negative CFB with initially higher daily NUF during the first 4 days followed by a stabilization after day 4. In an adjusted analysis, individuals classified in class B were at lower risk for 90-day mortality (aOR: 0.48 CI 0.32; 0.70) p < 0.001) compared to class A. Time-dependent analysis revealed higher CFB was associated with mortality only in those with a class A trajectory (aHR 1.29, 95% CI 1.03-1.55, p = 0.03). Distinct CFB/NUF trajectories convey prognostic information beyond single-day fluid balance or NUF values and should be considered when formulating or interpreting fluid management strategies.",https://pubmed.ncbi.nlm.nih.gov/40426163/
40425297,2025,Addressing heterogeneous treatment effects in acute care syndromes: principles and practical considerations.,Zampieri FG; Bagshaw SM; Cavalcanti AB,Thorax,10.1136/thorax-2024-221989,Journal Article; Review,eng,"Critical care medicine has historically relied on syndromic diagnoses such as sepsis, acute respiratory distress syndrome (ARDS) and acute kidney injury to guide research and treatment. While this approach has advanced clinical practice, the growing recognition of patient heterogeneity presents significant challenges for treatment optimisation and trial interpretation. Understanding heterogeneous treatment effects (HTE) has emerged as a crucial methodological frontier, particularly for complex critical care syndromes where patient responses to interventions vary substantially. There are three major methodological frameworks for analysing HTE: (1) Risk-based analyses, guided by the Predictive Approaches to Treatment effect Heterogeneity statement, provide an accessible framework for examining treatment effect variation across baseline risk strata but may overlook important effect modifiers. (2) Clustering techniques have successfully identified distinct phenotypes in both ARDS and sepsis, though external validation remains challenging. (3) Effect-based methods employing new methods offer sophisticated capabilities for identifying treatment effect modifiers but require careful consideration to model specification. This review examines these methodological approaches through both theoretical framework and practical application. Considerations on the applicability of HTE are also provided. We conclude that while HTE methods offer promising tools for personalising critical care interventions, their successful implementation requires careful consideration of both methodological rigour and practical feasibility.",https://pubmed.ncbi.nlm.nih.gov/40425297/
40420285,2025,Spontaneous diuresis in combination with furosemide stress test (SD-FST) as predictor for successful liberation from kidney replacement therapy: a prospective observational study.,Weidhase L; Wille S; Foede H; Gilch F; Mende M; Scharf-Janßen C; Petros S; de Fallois J,"Critical care (London, England)",10.1186/s13054-025-05452-1,Journal Article; Observational Study,eng,"The optimal time for initiating kidney replacement therapy (KRT) in acute kidney injury (AKI) has been extensively studied in recent years. In contrast, there are currently insufficient data on the best time to discontinue KRT. One diagnostic option to unmask tubular reserve and indirectly estimate the glomerular filtration rate is the furosemide stress test (FST). We conducted a prospective, observational single-center trial. A FST was carried out in patients who developed spontaneous diuresis (SD) during ongoing KRT with a urine output of at least 400 ml in 24 h without any diuretic therapy. A positive FST was defined with urine output > 200 ml within 2 h following intravenous furosemide application. Follow-up was performed for 7 days and the need to restart KRT was assessed daily. After 100 patients were enrolled in the trial, 98 patients were eligible for further evaluation. 76 patients were FST-positive, while 22 patients were FST-negative. Resumption of KRT within the 7-day follow-up was required in only 14.5% of the FST-positive, but 72.7% of the FST-negative patients (p < 0.001). The urine output after FST was also significantly associated with successful release from KRT (AUC 0.87; p < 0.001). In critically ill patients with recovery of SD > 400ml/d during ongoing KRT, the FST helps to identify patients who can be successfully liberated from KRT. By detecting the tubular reserve using FST, the possibility of short-term kidney recovery after AKI can be estimated. German Clinical Trials Registry (DRKS00030560); date of registration 18/11/2022. https://drks.de/search/de/trial/DRKS00030560 .",https://pubmed.ncbi.nlm.nih.gov/40420285/
40420108,2025,ORAKLE: Optimal Risk prediction for mAke30 in patients with sepsis associated AKI using deep LEarning.,Oh W; Veshtaj M; Sawant A; Agrawal P; Gomez H; Suarez-Farinas M; Oropello J; Kohli-Seth R; Kashani K; Kellum JA; Nadkarni G; Sakhuja A,"Critical care (London, England)",10.1186/s13054-025-05457-w,Journal Article,eng,"Major Adverse Kidney Events within 30 days (MAKE30) is an important patient-centered outcome for assessing the impact of acute kidney injury (AKI). Existing prediction models for MAKE30 are static and overlook dynamic changes in clinical status. We introduce ORAKLE, a novel deep-learning model that utilizes evolving time-series data to predict MAKE30, enabling personalized, patient-centered approaches to AKI management and outcome improvement. We conducted a retrospective study using three publicly available critical care databases: MIMIC-IV as the development cohort, and SiCdb and eICU-CRD as external validation cohorts. Patients with sepsis-3 criteria who developed AKI within 48 h of intensive care unit admission were identified. Our primary outcome was MAKE30, defined as a composite of death, new dialysis or persistent kidney dysfunction within 30 days of ICU admission. We developed ORAKLE using Dynamic DeepHit framework for time-series survival analysis and its performance against Cox and XGBoost models. We further assessed model calibration using Brier score. We analyzed 16,671 patients from MIMIC-IV, 2665 from SICdb, and 11,447 from eICU-CRD. ORAKLE outperformed the XGBoost and Cox models in predicting MAKE30, achieving AUROCs of 0.84 (95% CI: 0.83-0.86) vs. 0.81 (95% CI: 0.79-0.83) vs. 0.80 (95% CI: 0.78-0.82) in MIMIC-IV internal test set, 0.83 (95% CI: 0.81-0.85) vs. 0.80 (95% CI: 0.78-0.83) vs. 0.79 (95% CI: 0.77-0.81) in SICdb, and 0.85 (95% CI: 0.84-0.85) vs. 0.83 (95% CI: 0.83-0.84) vs. 0.81 (95% CI: 0.80-0.82) in eICU-CRD. The AUPRC values for ORAKLE were also significantly better than that of XGBoost and Cox models. The Brier score for ORAKLE was 0.21 across the internal test set, SICdb, and eICU-CRD, suggesting good calibration. ORAKLE is a robust deep-learning model for predicting MAKE30 in critically ill patients with AKI that utilizes evolving time series data. By incorporating dynamically changing time series features, the model captures the evolving nature of kidney injury, treatment effects, and patient trajectories more accurately. This innovation facilitates tailored risk assessments and identifies varying treatment responses, laying the groundwork for more personalized and effective management approaches.",https://pubmed.ncbi.nlm.nih.gov/40420108/
40390092,2025,"Plasma H3.1 nucleosomes as biomarkers of infection, inflammation and organ failure.",Filippini DFL; Jiang M; Kramer L; van der Poll T; Cremer O; Hla TTW; Retter A; Bos LDJ; MARS consortium,"Critical care (London, England)",10.1186/s13054-025-05415-6,Journal Article; Observational Study,eng,"Neutrophil extracellular traps (NETs) are a vital part of the innate immune response, while excessive NET formation can cause tissue damage. H3.1 nucleosomes, a component of NETs, have emerged as a potential biomarker. This study aimed to evaluate H3.1 nucleosomes in critical illness, assessing their relationship with sepsis, organ failure, inflammatory subphenotypes and outcomes. The MARS cohort was used, comprising of consecutive Intensive Care Unit patients, with plasma samples collected on days 0, 2 and 4. H3.1 nucleosome concentrations were measured using the Nu.Q® NETs Immunoassay. H3.1 nucleosome concentrations were compared across sepsis presence and organ failure, both at baseline and longitudinally. The relationship between H3.1 nucleosome concentrations and clinical outcomes was investigated. 1713 critically ill patients were included, with a total of 3671 plasma samples. Baseline H3.1 nucleosome concentrations differed between sepsis confirmed by clinical adjudication (740 ng/mL), sepsis unconfirmed by clinical adjudication (416 ng/mL) and non-sepsis (463 ng/mL, P < 0.001). H3.1 concentrations were associated with SOFA score (r = 0.40) and were higher in patients with disseminated intravascular coagulation, acute kidney injury and hyperinflammatory sepsis. H3.1 concentration was highly predictive for the need of renal replacement therapy (hazard ratio 2.00 per log10 increase), correcting for mortality. Sepsis and organ failure were closely associated with plasma H3.1 nucleosome concentrations. While individual diagnostic performance for sepsis and organ failure remained low, H3.1 levels predicted the need for renal replacement therapy and disseminated intravascular coagulation, revealing unique insights into the innate immune response. ClinicalTrials.gov identifier NCT01905033; IRB number 10-056C, registered June 16, 2010.",https://pubmed.ncbi.nlm.nih.gov/40390092/
40390062,2025,Identifying a unique signature of sepsis in patients with pre-existing cirrhosis.,Dasgupta A; Jones TK; Giannini H; Bennett R; Emre G; Ittner CAG; Turner A; Esperanza M; Housel K; Miano T; Erlich M; Anderson BJ; Shashaty MGS; Meyer NJ; Reilly JP,"Critical care (London, England)",10.1186/s13054-025-05423-6,Journal Article,eng,"The pre-existing diagnosis of cirrhosis is a complicating factor in the progression and prognosis of sepsis; however, the unique epidemiology, sepsis characteristics, and underlying mechanisms of immune dysregulation in sepsis among patients with cirrhosis remain incompletely understood. Our primary objective was to identify clinical outcomes and biological characteristics that differ between patients with and without cirrhosis among critically ill patients with sepsis. We analyzed data from a prospective cohort of critically ill patients presenting to single center with sepsis. Subjects were followed for 6 days for the development of acute respiratory distress syndrome (ARDS) and acute kidney injury (AKI), and 30 days for mortality. Inflammatory, endothelial, and coagulopathic proteins were measured in plasma collected at ICU admission in a subset of patients. We determined associations of cirrhosis with outcomes using multivariable logistic regression adjusting for pre-specified confounders. We tested differences in plasma protein levels by cirrhosis diagnosis using the Wilcoxon Rank-sum test. We enrolled 2962 subjects, 371 (13%) of whom had a pre-existing diagnosis of cirrhosis. Patients with cirrhosis had higher severity of illness scores, were more likely to have an abdominal source of sepsis, and had more significant clinically measured coagulation abnormalities relative to patients without cirrhosis. In multivariate analysis, cirrhosis was associated with higher AKI risk (adjusted OR 1.65; 95% CI 1.21 to 2.26; P = 0.002), and 30-day mortality (adjusted OR 1.38; 95% CI 1.05 to 1.82; P = 0.022). There was no significant difference in risk for ARDS (adjusted OR 1.02; 95% CI 0.69 to 1.50; P = 0.92). Cirrhosis was associated with higher plasma levels of angiopoietin-2 (P < 0.001), von Willebrand factor (P < 0.001), and soluble thrombomodulin (P < 0.001), as well as lower levels of interleukin (IL)-10 (P < 0.001), IL-1β (P = 0.008), and IL-1RA (P = 0.036). There were no significant differences in levels of IL-6 (P = 0.30). We identified associations between pre-existing cirrhosis and endothelial injury, AKI, and mortality in sepsis. Patients with pre-existing cirrhosis who develop sepsis may display a unique phenotype of endothelial dysfunction that requires unique targeted approaches.",https://pubmed.ncbi.nlm.nih.gov/40390062/
40349332,2025,Tumour necrosis factor-alpha at the intersection of renal epithelial and immune cell function.,Hubbi S; Hao S; Epps J; Ferreri NR,The Journal of physiology,10.1113/JP286756,"Journal Article; Review; Research Support, N.I.H., Extramural",eng,"This review explores the roles of tumour necrosis factor-alpha (TNF) in kidney physiology and pathology. TNF, produced by renal epithelial cells, regulates glucose, electrolyte, water and urea transport by modulating key transporters such as sodium-glucose co-transporter-2 (SGLT2), sodium-potassium-chloride cotransporter 2 (NKCC2), sodium chloride cotransporter (NCC), epithelial sodium channel (ENaC), aquaporin-2 (AQP2) and urea transporters. Under non-inflammatory conditions, TNF functions as a regulatory 'brake' on water and solute transport, particularly by attenuating NKCC2 and AQP2 activity. Disruption of these actions, coupled with increased salt intake, shifts mice from being salt-resistant to salt-sensitive, thereby altering their blood pressure. In autoimmune diseases, chronic kidney disease (CKD), hypertension with renal inflammation, and sepsis, TNF drives immune responses and disease progression. Although mechanisms underlying tubular epithelial cell (TEC)-immune cell interactions remain unclear, emerging evidence indicates that the spatial organization of immune responses in the kidney is associated with distinct TEC signature phenotypes. Hypertonicity- and NFAT5 (i.e. nuclear factor of activated T cells 5)-driven TNF production in TECs and T lymphocytes may influence immune cell communication by affecting co-stimulatory molecule expression and ENaC activity on macrophages and dendritic cells. Although TNF is generally pathogenic in renal diseases, its inhibition does not always confer protection because its effects on endoplasmic reticulum stress, ion transport, vascular smooth muscle and immune cells are influenced by distinct cellular sources and signalling mechanisms through TNF receptors 1 and 2. Anti-TNF therapies are crucial for treating chronic inflammatory diseases and may also aid in preventing the progression of acute kidney injury to CKD. A more complete understanding of the role of TNF in immunophysiological responses may enable the development of more targeted therapeutic strategies.",https://pubmed.ncbi.nlm.nih.gov/40349332/
40328648,2025,Effects of an extended therapeutic strategy versus standard-of-care therapy on persistent acute kidney injury in high-risk patients after major surgery: study protocol for the randomised controlled single-centre PrevProgAKI trial.,Sadjadi M; Strauß C; von Groote T; Booke H; Schöne LM; Sauermann L; Wempe C; Gerss J; Kellum J; Meersch M; Zarbock A,BMJ open,10.1136/bmjopen-2024-097333,Journal Article; Clinical Trial Protocol,eng,"Persistent acute kidney injury (AKI) is associated with an increased morbidity and mortality. In patients with an already established AKI, the new urinary biomarker C-C motif chemokine ligand 14 (CCL14) can predict a persistent AKI. However, it is still unknown whether the implementation of nephroprotective measures in patients with an already established moderate/severe AKI can positively influence the trajectory of AKI and patients' outcome. The PrevProgAKI trial is a randomised, controlled, single-centre trial designed to evaluate the effectiveness of nephroprotective measures in patients with established moderate/severe AKI. We aim to enrol 480 patients with moderate or severe AKI (Kidney Disease: Imroving Global Outcomes, KDIGO, stage 2 or 3) within 72 hours of major surgery. Eligible patients will be randomised to receive either standard of care (control group) or an extended therapeutic strategy that consists of different supportive measures (intervention group). The randomisation will be stratified by urinary CCL14 results (CCL14<1.3 ng/mL or CCL14≥1.3 ng/mL). Treating physicians will be blinded to the test results. The primary endpoint is a composite of the development of persistent severe (stage 3) AKI, need for renal replacement therapy or death within 72 hours. The key secondary endpoint is the composite of death, initiation of renal replacement therapy within 90 or persistent renal dysfunction at day 90. The PrevProgAKI trial has been approved by the Ethics Committee of the Chamber of Physicians Westfalen-Lippe and the University of Muenster (no. 2021-569 f-S). Results will be disseminated widely and published in peer-reviewed journals, presented at conferences and will guide patient care and further research. NCT05275218 (clinicaltrials.gov), first posted 11 March 2022.",https://pubmed.ncbi.nlm.nih.gov/40328648/
40321973,2025,Effect of Post-Acute Kidney Injury Use of Renin-Angiotensin Inhibitors on Long-term Mortality and Major Adverse Kidney Events: A 5-year Retrospective Observational Cohort Study.,Tan BWL; Tan BWQ; Akalya K; Hong WZ; Da Y; Low S; Ng WY; Chua HR,Kidney medicine,10.1016/j.xkme.2025.100996,Journal Article,eng,"Acute kidney injury (AKI) is common in hospitalized adults and a risk factor for chronic kidney disease and mortality. The effect of angiotensin-converting enzyme inhibitors (ACEi) or angiotensin receptor blockers (ARBs) post-AKI on mortality and long-term kidney function remains unclear. Propensity-weighted retrospective observational cohort study. A total of 3,289 patients with AKI admitted to a tertiary care hospital from November 2015-October 2016, with follow-up until September 2020. ACEi/ARB use within 180 days post-AKI. All-cause mortality, and major adverse kidney events (MAKE) as defined by composite of renal replacement therapy post-AKI, sustained estimated glomerular filtration rate (eGFR) decline >30% from baseline, or eGFR ≤15 mL/min/1.73 m2. We generated propensity weights for ACEi/ARB use post-AKI, using age, sex, comorbid conditions, prior medication, intensive care unit admission, severe sepsis, and index AKI Kidney Disease: Improving Global Outcomes severity. Cox proportional hazard models were used to test associations of post-AKI ACEi/ARB with mortality, MAKE, and joint models for eGFR slopes. A total of 2,309 (70.2%) participants died or experienced MAKE by end of follow-up. 161 (4.9%) and 406 (12.3%) patients initiated or resumed prior ACEi/ARB use within 180 days post-AKI, respectively. Although the overall cohort had no significant mortality association with post-AKI ACEi/ARB use, a significant association with lower mortality was observed in patients with KDIGO 3 AKI (HR, 0.40; 95% CI, 0.21-0.75; P interaction = 0.003). However, post-AKI ACEi/ARB use was associated with increased MAKE in patients without cardiovascular indications for ACEi/ARB use (HR, 1.52; 95% CI, 1.17-1.98; P interaction = 0.03). Although post-AKI use of ACEi/ARB was associated with acute eGFR decline (initial eGFR change -2.3 mL/min/1.73 m2/year; 95% CI, -3.1 to -1.5; P < 0.001), no association with longer-term eGFR decline was observed. Retrospective observational study on heterogeneous AKI cohort without data on ACEi/ARB cumulative exposure. Early ACEi/ARB post-AKI was not associated with better long-term survival or kidney function but was associated with lower mortality in patients with KDIGO 3 AKI.",https://pubmed.ncbi.nlm.nih.gov/40321973/
40283425,2025,The Furosemide Stress Test: A Dynamic Tool for Predicting Acute Kidney Injury Progression in Critical Care Medicine.,La Via L; Cuttone G; Sinatra N; Abrignani MG; Geraci G; Ippati G; Rubulotta FM,Journal of clinical medicine,10.3390/jcm14082595,Journal Article; Review,eng,"Acute kidney injury (AKI) remains a significant challenge in critical care medicine, affecting up to 50% of intensive care unit patients with substantial mortality rates. While traditional approaches to AKI assessment rely on static measurements like serum creatinine and urine output, the furosemide stress test (FST) has emerged as a dynamic functional tool for evaluating renal tubular function and predicting AKI progression. This comprehensive review examines the historical development, physiological basis, technical aspects, and clinical applications of FST in various patient populations. Originally developed and validated in 2013, FST has demonstrated superior predictive capabilities for AKI progression and the need for renal replacement therapy compared to conventional biomarkers. The test's mechanism relies on assessing the kidney's response to a standardized furosemide challenge, providing insights into both the structural integrity and functional reserve of the renal tubular system. Standardized protocols have been established for different clinical scenarios, though implementation challenges remain, including timing considerations, patient selection, and resource requirements. FST has shown utility in critical care, post-cardiac surgery, sepsis-associated AKI, and heart failure settings. Recent developments include integration with artificial intelligence, personalized medicine approaches, and combination with novel biomarkers. While limitations exist, including contraindications and technical challenges, ongoing research continues to refine protocols and expand applications. This review highlights FST's role as a valuable prognostic tool in modern AKI management and discusses future directions, including automated monitoring systems, protocol standardization efforts, and potential applications in different patient populations.",https://pubmed.ncbi.nlm.nih.gov/40283425/
40193024,2025,Diagnostic Accuracy of Furosemide Stress Test and Cystatin-C for Predicting Acute Kidney Injury Progression in Children: A Prospective Cohort Study - Authors' Reply.,Dyvik S; Khera D,Indian journal of pediatrics,10.1007/s12098-025-05530-w,Letter,eng,,https://pubmed.ncbi.nlm.nih.gov/40193024/
40172762,2025,Diagnostic Accuracy of Furosemide Stress Test and Cystatin-C for Predicting Acute Kidney Injury Progression in Children: A Prospective Cohort Study-Correspondence.,Wang X; Hu Z; Wang Y; Sha Y,Indian journal of pediatrics,10.1007/s12098-025-05529-3,Letter,eng,,https://pubmed.ncbi.nlm.nih.gov/40172762/
40172287,2025,Time Course of Kidney Injury Biomarkers in Children With Septic Shock: Nested Cohort Study Within the Pragmatic Pediatric Trial of Balanced Versus Normal Saline Fluid in Sepsis Trial.,"Weiss SL; Fitzgerald JC; Laskin BL; Singh R; Artis AS; Vohra A; Tsemberis E; Kierian E; Lau KC; Campos AB; Hickey C; Hayes KL; Singleton D; Long E; Babl FE; Dalziel SR; Thompson GC; Freedman SB; Eckerle M; Hickey RW; Huang J; Kuppermann N; Balamuth F; Pragmatic Pediatric Trial of Balanced vs. Normal Saline Fluid in Sepsis (PRoMPT BOLUS) Investigators of the Pediatric Emergency Care Applied Research Network (PECARN), Pediatric Emergency Research Canada (PERC), and Pediatric Research in Emergency Departments International Collaborative (PREDICT) Networks",Pediatric critical care medicine : a journal of the Society of Critical Care Medicine and the World Federation of Pediatric Intensive and Critical Care Societies,10.1097/PCC.0000000000003737,Journal Article; Multicenter Study; Pragmatic Clinical Trial,eng,"Severe acute kidney injury (AKI) portends poor outcomes in pediatric sepsis. We evaluated the trajectory and prognostic utility of AKI biomarkers in pediatric septic shock using a subset of participants in the ongoing Pragmatic Pediatric Trial of Balanced vs. Normal Saline Fluid in Sepsis (PRoMPT BOLUS) trial, NCT04102371. We tested whether fluid volume is associated with persistent elevation of urine neutrophil gelatinase-associated lipocalin (Ur-NGAL). Prospective, non-prespecified cohort study within the PRoMPT BOLUS trial. Three children's hospitals in the United States. Four hundred seventy-eight patients aged 2 months to younger than 18 years old with septic shock. None. Ur-NGAL, kidney injury molecule-1, liver fatty acid binding protein, and interleukin-18 and plasma cystatin C were collected at presentation (T1), days 2-3 (T2), and before discharge/death (T3). At presentation, 418 (88%) had no or only stage 1 AKI and 60 (12%) had stage 2/3 AKI defined using Kidney Disease Improving Global Outcomes creatinine thresholds. All biomarkers were higher with stage 2/3 compared with no/stage 1 AKI at T1 and T2, but only cystatin C remained higher at T3. Among patients with no/stage 1 AKI at presentation, those with Ur-NGAL greater than or equal to 150 vs. less than 150 ng/mL had fewer hospital-free days (21 [interquartile range (IQR) 15-24] vs. 23 d [IQR 19-25], p = 0.05). After applying inverse probability treatment weighting to balance covariates, 14% of patients who received greater than 100 mL/kg within 48 hours had persistently elevated Ur-NGAL over time compared with 6% who received 40-100 mL/kg (odds ratio 2.7 [95% CI, 1.1-6.2]). Hospital-free days were no different across fluid volume groups. Although kidney injury biomarkers mirrored serum creatinine in children with septic shock, elevated Ur-NGAL identified a subset with subclinical AKI with fewer hospital-free days despite no/stage 1 AKI by creatinine. Children receiving greater than 100 mL/kg fluid had greater odds of early and persistently elevated Ur-NGAL, suggesting high fluid volumes may perpetuate initial kidney damage.",https://pubmed.ncbi.nlm.nih.gov/40172287/
40141244,2025,Implementation and One-Year Evaluation of Proenkephalin A in Critical Care.,Martin L; Martin C; Peine A; Imöhl M; Kersten A; Kramann R; Saritas T; Marx N; Dreher M; Marx G; Simon TP,International journal of molecular sciences,10.3390/ijms26062602,Journal Article,eng,"Proenkephalin A 119-159 (PENK) is a promising functional kidney biomarker, evaluated in various clinical settings. In critical care medicine, early diagnosis of acute kidney injury (AKI) is crucial; however, to date, the diagnosis and the assessment of kidney function is still based on serum creatinine (sCr) and urine output, both associated with several limitations. Between November 2020 and March 2022, we implemented PENK in our daily practice on our intensive care units (ICU). PENK, sCr, AKI stage, and the start and duration of renal replacement therapy (RRT) were documented. Almost 18,000 PENK measurements from 4169 patients were analyzed, and the glomerular filtration rate (GFR) was estimated with the new PENK-GFR formula. PENK outperformed sCR in the kidney function assessment and sCR trajectory over time. Moreover, PENK predicted the use of RRT and thus showed its usefulness in critical care daily practice.",https://pubmed.ncbi.nlm.nih.gov/40141244/
40138802,2025,Tracking the trajectory of kidney dysfunction in cirrhosis: the acute kidney injury: chronic kidney disease spectrum.,Girish V; Maiwall R,Clinical and molecular hepatology,10.3350/cmh.2024.1060,Journal Article; Review,eng,"Kidney disease in cirrhosis is now viewed as a continuum encompassing acute kidney injury (AKI), acute kidney disease (AKD), and chronic kidney disease (CKD), rather than three different disorders. Contemporary diagnostic criteria for AKI integrate urine output (UO) parameters and acknowledge the intricate relationship and possibility of overlap between functional and structural as well as acute and chronic entities, including hepatorenal syndrome (HRS). AKI demonstrates a propensity for progression to AKD and CKD, particularly in the context of recurrent and severe insults. The diagnostic complexity is further compounded by limitations in serum creatinine measurements, prompting the integration of novel biomarkers and the need to accurately estimate glomerular filtration rate. The diagnosis, phenotyping, and management of AKI should be prompt and early; the initial step should always be volume and UO assessment. A personalized approach is needed and the possibility of co-existing structural or functional kidney disease should be borne in mind. The earlier concept of waiting for 48 hours to diagnose HRS has evolved and early diagnosis and prompt treatment are advised now. Kidney replacement therapy and simultaneous liver and kidney transplantation may be required in resistant cases.",https://pubmed.ncbi.nlm.nih.gov/40138802/
40133168,2025,"The Use of Antipsychotic Medications in Cardiac Surgery: Prevalence, Trajectory, Risk Factors and Outcomes.",Tsigaras ZA; Hui V; Perry L; O'Brien Z; Ou Yang B; Hua ATJ; Kishore K; Seevanayagam S; Bellomo R,"Heart, lung & circulation",10.1016/j.hlc.2025.02.104,Journal Article,eng,"Patients undergoing cardiac surgery are at risk for postoperative delirium and antipsychotic medication (APM) therapy. However, the prevalence, risk factors, and outcomes associated with these therapies remain unclear. We retrospectively studied patients who underwent cardiac surgery between 2012 and 2021 using electronic databases. We obtained data on the use of APMs. We used cardinality matching to identify the patient and surgical characteristics associated with postoperative APM therapy and to study whether APM therapy was associated with outcomes. We studied 3,188 patients. Of these, 13.6% (433/3,188) received APMs in the form of quetiapine (85.0%), haloperidol (41.1%), olanzapine (22.2%), or risperidone (2.1%). APM therapy lasted a median of 3 days at a median daily dose of 2.5 mg olanzapine equivalents, most commonly first administered on day 2 (interquartile range 1.7-3.9), after extubation, and before discharge from the intensive care unit (ICU). Haloperidol use decreased during the study period. Cardinality matching revealed that longer cardiopulmonary bypass time, mechanical ventilation, longer ICU stay, and postoperative acute kidney injury were associated with APM therapy. After matching, there was no difference between APM and control patients for mortality (absolute risk reduction [aRR] 0.94; 95% confidence interval [CI] 0.46-1.89; p=0.85) or hospital readmission rates (aRR 0.95; 95% CI 0.74-1.20; p=0.66). APM therapy, however, was associated with discharge to a destination other than home (aRR 1.39; 95% CI 1.11-1.66; p<0.001). Only a minority (12.4%) of those who received postoperative APM received further prescriptions upon discharge. APM therapy was common in cardiac surgery patients. APM therapy was an average of 3 days. The risk factors included longer cardiopulmonary bypass and ventilation, longer ICU stay, and acute kidney injury. APM therapy was not associated with mortality or hospital readmission. However, this was associated with decreased discharge to the home. Prescriptions upon discharge and at the 6 months following were rare.",https://pubmed.ncbi.nlm.nih.gov/40133168/
40114218,2025,Epidemiology of sepsis-associated acute kidney injury in the ICU with contemporary consensus definitions.,Takeuchi T; Flannery AH; Liu LJ; Ghazi L; Cama-Olivares A; Fushimi K; Chen J; Huen SC; Tolwani AJ; Neyra JA,"Critical care (London, England)",10.1186/s13054-025-05351-5,Journal Article,eng,"The definition of sepsis-associated acute kidney injury (SA-AKI) was updated in 2023. This study aims to describe the epidemiology of SA-AKI using updated consensus definition and to evaluate clinical outcomes. The study was a retrospective cohort analysis conducted at two academic medical centers. Adult patients admitted to intensive care units (ICU) between 2010 and 2022 were included and categorized as SA-AKI, sepsis alone, or AKI alone. SA-AKI was further classified by time of onset (early < 2 days from sepsis diagnosis vs. late 2-7 days following sepsis diagnosis) and presence of septic shock. Clinical outcomes included hospital mortality and major adverse kidney events (MAKE = death, kidney replacement therapy, or reduced kidney function from baseline) at discharge. 187,888 adult ICU patients were included, and SA-AKI was found in nearly half of sepsis patients and about 1 in 6 ICU admissions. 1 in 4 patients with SA-AKI died during hospitalization and 37.7% experienced at least one MAKE by hospital discharge. Compared to sepsis or AKI alone, SA-AKI was associated with higher mortality (adjusted HR 1.59; 95% CI 1.51-1.66) and higher odds of MAKE (adjusted OR 3.35; 95% CI 3.19-3.51). The early clinical phenotype of SA-AKI was most common, with incident AKI decreasing daily from sepsis onset. The presence of septic shock significantly worsened outcomes. Applying updated consensus definitions highlights the high prevalence of SA-AKI in the ICU and its significant associated morbidity and mortality. Outcomes differ based on clinical phenotypes, including the timing of SA-AKI onset and the presence of shock.",https://pubmed.ncbi.nlm.nih.gov/40114218/
40113721,2025,"Epidemiology, trajectories and outcomes of acute kidney injury among hospitalized patients: a large retrospective multicenter cohort study.",Adiyeke E; Ren Y; Fogel S; Rashidi P; Segal M; Shenkman EA; Bihorac A; Ozrazgat-Baslanti T,Journal of nephrology,10.1007/s40620-025-02234-4,Journal Article; Multicenter Study,eng,"Acute kidney injury (AKI) is a clinical syndrome affecting almost one-fifth of hospitalized patients, as well as over half of the patients who are admitted to the intensive care unit (ICU). Stratifying AKI patients into groups based on severity and duration would facilitate targeted efforts for treating AKI. In a retrospective, multicenter longitudinal cohort study of 2,187,254 hospital encounters from 935,679 patients who were admitted between 2012 and 2020 to health centers in the OneFlorida + Network, we analyzed the impact of AKI trajectories (i.e. rapidly reversed AKI, persistent AKI with renal recovery, and persistent AKI without renal recovery) on patients' clinical outcomes, including hospital, 30-day, 1-year, and 3-year mortality, kidney replacement therapy, new chronic kidney disease (CKD) within 90 days or 1-year of discharge, CKD progression within 1-year of discharge, resource utilization, hospital disposition, and major complications during hospitalization. Among all encounters, 14% of patients had AKI, of whom 63%, 21%, and 16% had Stage 1, 2, and 3, respectively, as the worst AKI stage. The fraction of patients with persistent AKI was 31%. Patients with AKI had worse clinical outcomes and increased resource utilization compared to patients without the condition. One-year mortality was 5 times greater for patients with persistent AKI compared to those without AKI. Persistent AKI was associated with prolonged hospitalization, increased ICU admission and greater mortality compared to the other groups. This may emphasize the critical need for devising strategies targeting effective management of AKI and prevention of persisting AKI.",https://pubmed.ncbi.nlm.nih.gov/40113721/
40110623,2025,Crosstalk between macrophages and adjacent cells in AKI to CKD transition.,Lin Y; Yang Q; Zeng R,Renal failure,10.1080/0886022X.2025.2478482,Journal Article; Review,eng,"Acute kidney injury (AKI), triggered by ischemia, sepsis, toxicity, or obstruction, is marked by a rapid impairment of renal function and could lead to the initiation and advancement of chronic kidney disease (CKD). The concept of AKI to CKD transition has gained much interest. Despite a series of studies highlighting the diverse roles of renal macrophages in the immune response following AKI, the intricate mechanisms of macrophage-driven cell-cell communication in AKI to CKD transition remains incompletely understood. In this review, we introduce the dynamic phenotype change of macrophages under the different stages of kidney injury. Importantly, we present novel perspectives on the extensive interaction of renal macrophages with adjacent cells, including tubular epithelial cells, vascular endothelial cells, fibroblasts, and other immune cells via soluble factors, extracellular vesicles, and direct contact, to facilitate the transition from AKI to CKD. Additionally, we summarize the potential therapeutic strategies based on the adverse macrophage-neighboring cell crosstalk.",https://pubmed.ncbi.nlm.nih.gov/40110623/
40109722,2025,Influence of the mean airway pressure trajectory on the mortality and AKI occurrence in septic shock patients with mechanical ventilation: insights from the MIMIC-IV database.,Dong Y; Yang C; Sun R; Fu J; Huang R; Yuan J; Wang Y; Wang J; Shen F,Frontiers in medicine,10.3389/fmed.2025.1552336,Journal Article,eng,"Mean airway pressure (Pmean) is a known prognostic marker for mortality and adverse outcomes in mechanically ventilated patients. However, most previous studies have relied on static measurements, leaving the impact of Pmean trajectory on clinical outcomes in septic shock patients unclear. This study aimed to investigate the effect of Pmean trajectory on survival rates and acute kidney injury (AKI) incidence in septic shock patients undergoing mechanical ventilation (MV). A retrospective cohort study was implemented utilizing sepsis patient data from the MIMIC-IV database. Group-based trajectory modeling (GBTM) was applied to identify distinct Pmean trajectory groups among septic shock patients. Cox proportional hazards and logistic regression models were utilized to analyze associations between Pmean trajectory and both mortality and AKI incidence. A causal mediation analysis evaluated the intermediary effect of cumulative fluid balance over the first 72 h post-ICU admission. A total of 956 eligible patients were included. Based on model fitting criteria, five distinct Pmean trajectory groups were identified: group 1 (low-stable), group 2 (high-descend), group 3 (medium-ascend), group 4 (high-stable), and group 5 (higher-stable). Compared to the low-stable trajectory (group 1), trajectories in groups 3, 4, and 5 were associated with significantly higher 30-day mortality risks (HR = 1.40, 95% CI = 1.03-1.88; HR = 1.47, 95% CI = 1.01-2.13; HR = 2.54, 95% CI = 1.53-4.2, respectively), while group 2 exhibited similar mortality rates to group 1 (HR = 0.88, 95% CI = 0.60-1.30). Logistic regression analyses revealed that groups 3, 4, and 5 were also significant risk factors for AKI occurrence (p < 0.05), with group 1 as the reference. Mediation analysis revealed that 20.5% (95% CI = 0.106-0.40) of the Pmean trajectory effect on AKI occurrence was mediated through cumulative fluid balance. Pmean trajectories were strongly associated with mortality and AKI incidence in septic shock patients receiving MV.",https://pubmed.ncbi.nlm.nih.gov/40109722/
40074720,2025,Utilization of lactate trajectory models for predicting acute kidney injury and mortality in patients with hyperlactatemia: insights across three independent cohorts.,Fang Y; Zhang Y; Shen X; Dou A; Xie H; Zhang Y; Xie K,Renal failure,10.1080/0886022X.2025.2474205,Journal Article; Multicenter Study,eng,"This study aims to investigate the association between lactate trajectories and the risk of acute kidney injury (AKI) and hospital mortality in patients with hyperlactatemia. We conducted a multicenter retrospective study using data from three independent cohorts. By the lactate levels during the first 48 h of ICU admission, patients were classified into distinct lactate trajectories using group-based trajectory modeling (GBTM) method. The primary outcomes were AKI incidence and hospital mortality. Logistic regression analysis assessed the association between lactate trajectories and clinical outcomes, with adjusting potential confounders. Patients were divided into three trajectories: mild hyperlactatemia with rapid recovery (Traj-1), severe hyperlactatemia with gradual recovery (Traj-2), and severe hyperlactatemia with persistence (Traj-3). Traj-3 was an independent risk factor of both hospital mortality (all p < 0.001) and AKI development (all p < 0.001). Notably, Traj-2 was also associated with increased risk of mortality and AKI development (all p < 0.05) using Traj-1 as reference, except for the result in the Tianjin Medical University General Hospital (TMUGH) cohort for mortality in adjusted model (p = 0.123). Our finding was still robust in subgroup and sensitivity analysis. In the combination cohort, both Traj-2 and Traj-3 were considered as independent risk factor for hospital mortality and AKI development (all p < 0.001). When compared with the Traj-3, Traj-2 was only significantly associated with the decreased risk of hospital mortality (OR 0.17, 95% CI 0.14-0.20, p < 0.001), but no with the likelihood of AKI development (OR 0.90, 95% CI 0.77-1.05, p = 0.172). Lactate trajectories provide valuable information for predicting AKI and mortality in critically ill patients.",https://pubmed.ncbi.nlm.nih.gov/40074720/
39990101,2025,"Sepsis-Associated Acute Kidney Disease Incidence, Trajectory, and Outcomes.",Chiang HY; Liang CC; Hsiao YL; Le UM; Chang YC; Chen PS; Chang DR; Ting IW; Yeh HC; Kuo CC,Kidney medicine,10.1016/j.xkme.2024.100959,Journal Article,eng,"Systematic evaluation of the prognosis from sepsis-associated acute kidney disease (SA-AKD) using real-world data is limited. This study aimed to use data algorithms on the electronic health records to trace the SA-AKD trajectory from acute kidney injury (AKI) to chronic kidney disease (CKD). A retrospective cohort study. Adult inpatients with first sepsis episode surviving 90 days after AKD in a quaternary referral medical center. We defined SA-AKD as having sustained ≥1.5-fold increased serum creatinine levels or initiating kidney replacement therapy after the SA-AKI, and we classified SA-AKD into recovery, relapse, and persistent SA-AKD subgroups. All-cause mortality, kidney replacement therapy (KRT), de novo nondialysis dependent CKD (CKD-ND), and late-recovery AKD during 1-year follow-up. A multivariable Cox proportional hazards models. Of 24,038 eligible inpatients with sepsis, 42.2% had SA-AKI, and 17.6% progressed to SA-AKD (43.6% recovery, 8.3% relapse, 32.2% persistent, and 15.9% unclassified). Compared with the recovery subgroup, the 1-year mortality risk for the relapse, persistent, and unclassified SA-AKD subgroups were 1.57 (adjusted hazard ratios [aHRs]; 95% CI, 1.22-2.01), 1.36 (1.13-1.63), and 0.65 (0.48-0.89), respectively. Risks of KRT initiation were 3.27 (2.14-4.98), 6.01 (4.41-8.19), and 0.98 (0.55-1.74), respectively, and corresponding aHRs for de novo CKD-ND were 3.84 (2.82-5.22), 3.35 (2.61-4.29), and 0.48 (0.30-0.77), respectively. Patients with relapse SA-AKD had a higher likelihood of late recovery (aHR, 3.62; 95% CI, 2.52-5.21) than the persistent SA-AKD. Selection bias and information bias could be present because of limiting population to sepsis survivors and because of no standardized follow-up protocol for kidney function. SA-AKD without recovery is associated with increased and long-term risks of KRT initiation, mortality, and increased risk of de novo CKD-ND for patients initially free of CKD. Further studies are warranted for managing AKI to AKD to CKD in real-world settings.",https://pubmed.ncbi.nlm.nih.gov/39990101/
39966171,2025,Persistent severe acute kidney injury is a major modifiable determinant of outcome during critical illness.,Gómez H; Chen X; Minturn JS; Saraiva IE; Hamahata N; Zaidi A; Sakhuja A; Chang CH; Clermont G; Zarbock A; Kellum JA,Intensive care medicine,10.1007/s00134-025-07821-4,"Journal Article; Research Support, Non-U.S. Gov't; Research Support, N.I.H., Extramural",eng,"Most cases of acute kidney injury (AKI) resolve within 72 h. However, a small number of patients with persistent severe AKI have significantly worse outcomes. We sought to describe the occurrence, impact on outcome and risk factors associated with persistent severe AKI in critically ill patients using a standardized definition. Retrospective cohort study, investigating critically ill patients admitted to one of 16 hospitals from October 2010 to June 2018. We defined persistent severe AKI as Kidney Disease: Improving Global Outcomes stage 2-3 AKI that progressed to and persisted at stage 3 for ≥ 72 h. Risk factors for persistent severe AKI and its association with outcomes were assessed using the super learner algorithm, integrating LASSO logistic regression and XGBoost, and multivariate logistic regression or Cox proportional hazards models, using no persistent severe AKI as the comparator. Of 65,119/190,550 (34.2%) patients with stage 2-3 AKI, 8,059 (12.4%) had persistent severe AKI. Severe, early community-acquired AKI, high fluid balance, multiple organ dysfunction, sepsis and shock were important risk factors. Persistent severe AKI was associated with an increased risk of 90-day mortality (HR 1.5, 95% CI 1.4-1.6), hospital readmission (OR 2.0, 95% CI 1.8-2.3), and with a lower probability of renal recovery (OR 0.14, 95% CI 0.13, 0.15). Persistent severe AKI is an uncommon, but important complication in critically ill patients, associated with an increased risk of renal non-recovery, hospital readmission and death, and an important target for therapeutic development.",https://pubmed.ncbi.nlm.nih.gov/39966171/
39950155,2025,Ten tips on how to reduce iatrogenic acute kidney injury.,Booke H; von Groote T; Zarbock A,Clinical kidney journal,10.1093/ckj/sfae412,Journal Article; Review,eng,"Acute kidney injury (AKI) is a heterogeneous syndrome associated with worse clinical outcomes. Many treatments and procedures in the hospitalized patient can cause AKI. Hence, the incidence of iatrogenic AKI is expected to be high. In this review we provide 10 practical tips on how to manage and avoid iatrogenic AKI. We cover identification of vulnerable patients by epidemiological data and recommend the usage of renal stress biomarkers for enhanced screening of high-risk patients. Further, we discuss the limitations of current diagnostic criteria of AKI. As a key takeaway, we suggest the implementation of novel damage biomarkers in clinical routine to identify subclinical AKI, which may guide novel clinical management pathways. To further reduce the incidence of procedure-associated AKI, we advocate certain preventive measures. Foremost, this includes improvement of hemodynamics and avoidance of nephrotoxic drugs whenever possible. In cases of severe AKI, we provide tips for the implementation and management of renal replacement therapy and highlight the advantages of regional citrate anticoagulation. The furosemide stress test might be of help in recognizing patients who will require renal replacement therapy. Finally, we discuss the progression of AKI to acute and chronic kidney disease and the management of this growing issue. Both can develop after episodes of AKI and have major implications for patient co-morbidity and long-term renal and non-renal outcomes. Hence, we recommend long-term monitoring of kidney parameters after AKI.",https://pubmed.ncbi.nlm.nih.gov/39950155/
39949667,2025,Intracellular iron accumulation throughout the progression of sepsis influences the phenotype and function of activated macrophages in renal tissue damage.,Hanna M; Akabawy AMA; Khalifa MM; Elbaset MA; Imam RA; Seddiek H,Frontiers in physiology,10.3389/fphys.2025.1430946,Journal Article,eng,"Sepsis, the most common cause of acute kidney injury, remains a major socioeconomic burden. A dysregulated immune response leads to progressive organ dysfunction. Although numerous inflammatory pathways were described, most are still vague and need to be studied in terms of the mechanisms to improve the therapeutic intervention. We tackled the relationship between intracellular iron overload and macrophage polarization within 6, 24, and 72 h of sepsis induction. In our study, sepsis-induced kidney injury was caused by using the cecal ligation and puncture (CLP) model. Our results indicated severe renal tissue damage with a progressive increase in serum BUN and creatinine with architectural tissue damage and positive PAS staining. There was increased expression of CD8+ CD68+ M1 macrophage markers with upregulation of iNOS and co-expression of CD163+. Alternatively, Arg1+ Fizz1+ M2 macrophage markers were downregulated with increased iNOS/Arg1 ratio. TFR1, cubilin, and DMT1, as iron transport systems, were increased compared to sham but were significant after 72 h, while ZIP8 showed no significant change. There was a correlation between iron overload and M1 macrophage polarization with CD163+ phenotype, together with fibrotic changes. The intracellular iron overload with downregulation of ferritin was strongly related to macrophage polarization that was exaggerated at 72 h. Finally, early introduced therapy to target free iron during sepsis is a proposed novel solution for protecting the renal tissue from acute injury due to macrophage activation that may end up with chronic kidney injury, if not mortality.",https://pubmed.ncbi.nlm.nih.gov/39949667/
39892762,2025,Trametinib alleviates lipopolysaccharide-induced acute kidney injury by inhibiting macrophage polarization through the PI3K/Akt pathway.,Zeng Y; Yuan W; Feng C; Peng L; Xie X; Peng F; Li T; Lin M; Zhang H; Dai H,Transplant immunology,10.1016/j.trim.2025.102183,"Journal Article; Research Support, Non-U.S. Gov't",eng,"Sepsis-induced acute kidney injury (AKI) is a severe condition characterized by dysregulation of pro- and anti-inflammatory responses. Targeting macrophage polarization between pro-inflammatory M1 and anti-inflammatory M2 cells offers a potential therapeutic approach for AKI. Trametinib (TRAM), an inhibitor of the MEK1/2 signaling pathway, was evaluated for its impact on M1/M2 polarization in AKI. Wild-type (WT) mice were subjected to lipopolysaccharide (LPS)-induced AKI and intraperitoneally treated with dimethyl sulfoxide (DMSO) or TRAM (10 mg/kg) for three days. Renal function was assessed by measuring creatinine levels. While histopathological changes, RNA sequencing data, and serum cytokine levels were analyzed. Macrophage M1/M2 polarization in kidney tissues was examined using flow cytometry and immunohistochemistry. Murine bone marrow-derived macrophages (BMDMs) were polarized to the M1 or M2 phenotype in vivo and treated with or without TRAM (10 μM). M1/M2 polarization was analyzed via flow cytometry, and PI3K/Akt signaling was evaluated by western blotting. TRAM significantly improved renal function, as demonstrated by reduced serum creatinine levels (p < 0.01) and ameliorated histopathological damage (p < 0.01). Flow cytometry and immunohistochemistry revealed that TRAM markedly inhibited pro-inflammatory M1 macrophage polarization (p < 0.001). Additionally, TRAM reduced serum level of IFN-γ (p < 0.01) and IL-17 (p < 0.001). In vitro, TRAM suppressed M1 polarization (p < 0.05) by inhibiting the PI3K/Akt signaling pathway. TRAM mitigated LPS-induced AKI by suppressing M1 macrophage polarization via the PI3K/Akt pathway, highlighting its therapeutic potential for AKI and other inflammatory kidney diseases.",https://pubmed.ncbi.nlm.nih.gov/39892762/
39829038,2025,Heart failure subphenotypes based on mean arterial pressure trajectory identify patients at increased risk of acute kidney injury.,Wang X; Ji W; Wei S; Dai Z; Gao X; Mei X; Guo S,Renal failure,10.1080/0886022X.2025.2452205,Journal Article,eng,"Acute kidney injury (AKI) is a common complication in heart failure (HF) patients. Patients with heart failure who experience renal injury tend to have a poor prognosis. The objective of this study is to examine the correlation between the occurrence of AKI in heart failure patients and different mean arterial pressure (MAP) trajectories, with the goal of improving early identification and intervention for AKI. A retrospective study was conducted on patients with heart failure using data from the Medical Information Mart for Intensive Care IV (MIMIC-IV). We utilized the group-based trajectory modeling (GBTM) method to classify the 24-hour MAP change trajectories in heart failure patients. The occurrence of AKI within the first 7 days of intensive care unit (ICU) admission was considered the outcome. The impact of MAP trajectories on AKI occurrence in heart failure patients was analyzed using Cox proportional hazards models, competing risk models, and doubly robust estimation methods. A cohort of 8,502 HF patients was analyzed, with their 24-hour MAP trajectories categorized into five groups: Low MAP group (Class 1), Medium MAP group (Class 2), Low-medium MAP group (Class 3), High-to-low MAP group (Class 4), and High MAP group (Class 5). The results from the doubly robust analysis revealed that Class 4 exhibited a significantly increased AKI risk than Class 3 (HR 1.284, 95% CI 1.085-1.521, p = 0.003; HR 1.271, 95% CI 1.074-1.505, p = 0.005). Conversely, the risks of Class 2 were significantly lower than those of Class 3 (HR 0.846, 95% CI 0.745-0.960, p = 0.009; HR 0.879, 95% CI 0.774-0.998, p = 0.047). The 24-hour MAP trajectory in HF patients influences the risk of AKI. A rapid decrease in MAP (Class 4) is associated with a higher AKI risk, while maintaining MAP at a moderate level (Class 2) significantly reduces this risk. Therefore, closely monitoring MAP changes is crucial for preventing AKI in HF.",https://pubmed.ncbi.nlm.nih.gov/39829038/
39826043,2025,Diagnostic Accuracy of Furosemide Stress Test and Cystatin-C for Predicting Acute Kidney Injury Progression in Children: A Prospective Cohort Study.,Dyvik S; Toteja N; Mittal A; Chaudhary B; Didel S; Singh K; Purohit P; Khera D,Indian journal of pediatrics,10.1007/s12098-024-05401-w,"Journal Article; Research Support, Non-U.S. Gov't",eng,"To evaluate the predictive ability of furosemide stress test (FST), serum and urine cystatin-C in identifying progressive acute kidney injury (AKI) and the need for kidney replacement therapy (KRT). Children aged one month to 18 y admitted in the pediatric intensive care unit (PICU) with Kidney Diseases Improving Global Outcomes (KDIGO) stage-1/2 AKI were enrolled. FST and serum and urine cystatin-C levels were performed and analyzed. The primary outcome was progression to stage-3 AKI. Secondary outcomes included comparing predictive ability of FST vs. cystatin-C for stage-3 AKI and need for KRT, adverse effects, length of hospital stay and mortality. Of the 41 children enrolled, seven (17.07%) progressed to KDIGO stage-3 AKI. Four children were furosemide non-responders at 2 h and five at 6 h post-FST. The sensitivity, specificity and area under the receiver operating characteristic curve (AUROC) of FST at 2 h were 57.14%, 100% and 0.84 (p = 0.01), and at 6 h were 71.43%, 100% and 0.87 (p < 0.001), respectively. Urine cystatin-C was positive in 20 (48.78%) children, of which seven progressed to stage-3 AKI [sensitivity- 100%, specificity- 61.76%, AUROC- 0.91 (p = 0.003)]. Five of nine children with positive serum cystatin-C progressed to stage-3 AKI [sensitivity- 71.43%, specificity- 88.24%, AUROC- 0.75 (p = 0.08)]. All FST non-responders progressed to undergo KRT showing sensitivity and specificity of 66.67% and 100% at 2 h (AUROC- 0.87) and 85% and 100% at 6 h (AUROC- 0.89) respectively. FST is a simple bedside tool with robust predictive value in detecting kidney impairment progression in children and can be utilized in PICU for assessing tubular dysfunction. The diagnostic accuracy of FST was comparable to that of urine and serum cystatin-C. Further studies can be done on a larger cohort for better generalizability.",https://pubmed.ncbi.nlm.nih.gov/39826043/
39825651,2025,[Clinical sub-phenotypes of acute kidney injury in children and their association with prognosis].,Feng L; Li M; Jiang Z; Chen J; Bai ZJ; Li XZ; Lu GP; Li YH,Zhongguo dang dai er ke za zhi = Chinese journal of contemporary pediatrics,10.7499/j.issn.1008-8830.2408060,English Abstract; Journal Article,chi,"To investigate the clinical sub-phenotype (SP) of pediatric acute kidney injury (AKI) and their association with clinical outcomes. General status and initial values of laboratory markers within 24 hours after admission to the pediatric intensive care unit (PICU) were recorded for children with AKI in the derivation cohort (n=650) and the validation cohort (n=177). In the derivation cohort, a least absolute shrinkage and selection operator (LASSO) regression analysis was used to identify death-related indicators, and a two-step cluster analysis was employed to obtain the clinical SP of AKI. A logistic regression analysis was used to develop a parsimonious classifier model with simplified metrics, and the area under the curve (AUC) was used to assess the value of this model. This model was then applied to the validation cohort and the combined derivation and validation cohort. The association between SPs and clinical outcomes was analyzed with all children with AKI as subjects. In the derivation cohort, two clinical SPs of AKI (SP1 and SP2) were identified by the two-step cluster analysis using the 20 variables screened by LASSO regression, namely SPd1 group (n=536) and SPd2 group (n=114). The simplified classifier model containing eight variables (P<0.05) had an AUC of 0.965 in identifying the two clinical SPs of AKI (P<0.001). The validation cohort was clustered into SPv1 group (n=156) and SPv2 group (n=21), and the combined derivation and validation cohort was clustered into SP1 group (n=694) and SP2 group (n=133). After adjustment for confounding factors, compared with the SP1 group, the SP2 group had significantly higher incidence rates of multiple organ dysfunction syndrome and death during the PICU stay (P<0.001), and SP2 was significantly associated with the risk of death within 28 days after admission to the PICU (P<0.001). This study establishes a parsimonious classifier model and identifies two clinical SPs of AKI with different clinical features and outcomes.The SP2 group has more severe disease and worse clinical prognosis.",https://pubmed.ncbi.nlm.nih.gov/39825651/
39780494,2025,Association between renal mean perfusion pressure and prognosis in patients with sepsis-associated acute kidney injury: insights from the MIMIC IV database.,Fang Y; Dou A; Xie H; Zhang Y; Zhu W; Zhang Y; Li C; Su Y; Gao Y; Xie K,Renal failure,10.1080/0886022X.2025.2449579,Journal Article,eng,"To investigate the association between renal mean perfusion pressure (MPP) and prognosis in sepsis-associated acute kidney injury (SA-AKI). Data were extracted from the Medical Information Mart for Intensive Care IV (MIMIC-IV) database. Group-based trajectory modeling (GBTM) was applied to identify dynamic MPP patterns, while restricted cubic spline (RCS) curves were utilized to confirm the non-linear relationship between MPP and mortality. Cox regression analysis assessed the risk of mortality across different MPP levels, adjusting for potential confounders. Subgroup analyses and sensitivity analyses were conducted to ensure the robustness of the findings. A total of 2318 patients with SA-AKI were stratified into five MPP trajectories by GBTM. Patients in Traj-1 and Traj-2, characterized by consistently low MPP (<60 mmHg), demonstrated markedly higher 90-d mortality (62.86% and 26.98%). RCS curves revealed a non-linear inverse relationship between MPP and 90-d mortality, identifying 60 mmHg as the optimal threshold. Patients with MPP ≤ 60 mmHg exhibited significantly elevated 90-d mortality compared to those with MPP > 60 mmHg (29.81% vs. 20.88%). Cox regression analysis established Traj-1 and Traj-2 as independent risk factors for increased mortality relative to Traj-3 (60-70 mmHg), with hazard ratios (HRs) of 4.67 (95%-CI 3.28-6.67) and 1.45 (95%-CI 1.20-1.76). MPP > 60 mmHg was significantly associated with reduced 90-d mortality (HR 0.65, 95%-CI 0.55-0.77). Subgroup and PSM analyses supported these findings. Dynamic MPP trajectory serves as a valuable prognostic biomarker for SA-AKI. Early monitoring of MPP trends offers critical insights into renal perfusion management, potentially improving outcomes in SA-AKI.",https://pubmed.ncbi.nlm.nih.gov/39780494/
39418913,2025,Clinician assessment of kidney function from plasma creatinine values during critical illness: A scenario-based international multi-professional survey.,Azzopardi G; Mekhaimar A; Haines RW; Stephens TJ; Puthucheary Z; Prowle JR,Journal of critical care,10.1016/j.jcrc.2024.154926,Journal Article,eng,"During critical illness interpretation of serum creatinine is affected by non-steady state conditions, reduced creatinine generation, and altered distribution. We evaluated healthcare professionals' ability to adjudicate underlying kidney function, based on simulated creatinine values. We developed an online survey, incorporating 12 scenarios with simulated trajectories of creatinine based on profiles of muscle mass, GFR and fluid balance using bespoke kinetic modelling. Participants predicted true underlying GFR (<5, 5-14, 15-29, 30-44, 45-59, 60-90, >90 ml.min-1.1.73 m-2) and AKI stage (stages 1-3, defined as 33 %, 50 %, 66 % decrease in GFR from baseline) during the first 7-days and at ICU discharge. 100 of 103 respondents from 16 countries, 94 completed 1 or more scenarios. 43(43 %) were senior physicians, 74(74 %) critical care and 31(31 %) nephrology physicians. Over the first 7-days, true GFR was correctly estimated 43 % of the time and underlying AKI stage in 57 % of patient days. At ICU discharge GFR was predicted 35 % of the time. At all timepoints, over and under-estimation of GFR was observed. Participants displayed marked variation in estimation of kidney function, suggesting difficulty in accounting for multiple confounders. There is need for alternative, unbiased measures of kidney function in critical illness to avoid misclassifying kidney disease.",https://pubmed.ncbi.nlm.nih.gov/39418913/
39383593,2025,The furosemide stress test predicts successful discontinuation of continuous renal replacement therapy in critically ill patients with acute kidney injury.,Xu L; Chen L; Jiang X; Hu W; Gong S; Fang J,Journal of critical care,10.1016/j.jcrc.2024.154929,"Journal Article; Research Support, Non-U.S. Gov't",eng,"There is still no good method for predicting renal recovery and successful discontinuation of continuous renal replacement therapy (CRRT). This study assessed the ability of the furosemide stress test (FST) to predict successful discontinuation of CRRT. This prospective single-center study included patients with acute kidney injury who underwent an initial attempt at discontinuation of CRRT. Successful discontinuation was defined as alive without renal replacement therapy for 7 days after discontinuation. Furosemide 1.0 mg/kg was administered intravenously within 2 h after discontinuation of CRRT. Urine output was recorded for the next 2 h. Receiver-operating characteristic curve and logistic regression analyses were performed to determine the best discriminative variable and to identify independent risk factors. Discontinuation of CRRT was successful in 30 of 55 patients. The area under the curve for prediction of successful discontinuation was significantly greater for urine output in the 2 h following the FST (0.913) than for 24-h urine output on the previous day (0.739, P = 0.003) and urine neutrophil gelatinase-associated lipocalin (0.725, P = 0.020). A 2-h urine output of 188 mL had optimal sensitivity (0.800) and specificity (0.920). Multivariate analysis showed that 2-h urine output independently predicted successful discontinuation. A urine output >188 mL in the first 2 h after FST predicted successful discontinuation of CRRT.",https://pubmed.ncbi.nlm.nih.gov/39383593/
39331076,2025,Biomarker-based acute kidney injury sub-phenotypes refine risk assessment in children undergoing cardiac surgery.,Pettit KA; Melink KF; Alten JA; Goldstein SL; Ollberding N; SooHoo M; Sullivan E; Zang H; Stanski NL; Gist KM,"Pediatric nephrology (Berlin, Germany)",10.1007/s00467-024-06541-z,Journal Article; Observational Study; Multicenter Study,eng,"Pediatric cardiac surgery-associated acute kidney injury (CS-AKI) is common with variable association with outcomes, possibly because transient serum creatinine (SCr) elevations are unrelated to kidney disease. Sub-phenotypes of CS-AKI with biomarker integration may provide prognostic enrichment. This study aims to determine if combining early postoperative urine neutrophil gelatinase-associated lipocalin (uNGAL) and SCr into sub-phenotypes strengthens associations with AKI and outcomes. We hypothesized that patients with early subclinical (uNGAL + , SCr -) or damage (uNGAL + , SCr +) CS-AKI would have more postoperative day 2-4 KDIGO-defined AKI and worse clinical outcomes than patients with early functional AKI (uNGAL - , SCr +). Two-center prospective observational study evaluating combinations of early uNGAL (8-12 h from ICU admission, ≥ 150 ng/mL) and early postoperative (≤ 8 h of admission) KDIGO SCr-defined AKI to predict CS-AKI on postoperative days (POD) 2-4. Four CS-AKI phenotypes were derived (uNGAL - /SCr - ; uNGAL + /SCr - ; uNGAL - /SCr + and uNGAL + /SCr +). The primary outcome was POD2-4 KDIGO SCr-defined CS-AKI. Secondary outcomes included ventilator and intensive care unit-free days (maximum 28). Four hundred seventy-six patients (median age 4.8 [IQR 1.4-30.4] months, 39% female) were included. POD2-4 AKI occurred in 44 (9.2%). 27% were uNGAL + /SCr - and 0.4% (n = 2) uNGAL + /SCr + . The adjusted odds of POD2-4 AKI was ninefold higher (aOR: 9.09, 95%CI: 3.84-21.53) in uNGAL + /SCr - when compared to uNGAL - /SCr - . uNGAL + /SCr - was associated with fewer ventilator-free (aOR: 0.30, 95%CI: 0.19-0.48) and ICU-free days (aOR: 0.41, 95%CI: 0.26-0.66) when compared to uNGAL - /SCr - . Early postoperative uNGAL, regardless of SCr elevation, refines risk assessment for pediatric POD2-4 CS-AKI and associated morbidity, enabling earlier AKI identification and prognostics.",https://pubmed.ncbi.nlm.nih.gov/39331076/
38691152,2025,Furosemide stress test to predict acute kidney injury progression in critically ill children.,Krishnasamy S; Sinha A; Lodha R; Sankar J; Tarik M; Ramakrishnan L; Bagga A; Hari P,"Pediatric nephrology (Berlin, Germany)",10.1007/s00467-024-06387-5,Journal Article,eng,"Furosemide stress test (FST) is a novel functional biomarker for predicting severe acute kidney injury (AKI); however, pediatric studies are limited. Children 3 months to 18 years of age admitted to the intensive care unit (ICU) of a tertiary care hospital from Nov 2019 to July 2021 were screened and those who developed AKI stage 1 or 2 within 7 days of admission underwent FST (intravenous furosemide 1 mg/kg). Urine output was measured hourly for the next 6 h; a value > 2 ml/kg within the first 2 h was deemed furosemide responsive. Other biomarkers like plasma neutrophil gelatinase-associated lipocalin (NGAL) and proenkephalin (PENK) were also evaluated. Of the 480 admitted patients, 51 developed AKI stage 1 or 2 within 7 days of admission and underwent FST. Nine of these patients were furosemide non-responsive. Thirteen (25.5%) patients (eight of nine from FST non-responsive group) developed stage 3 AKI within 7 days of FST, nine (17.6%) of whom (seven from non-responsive group) required kidney support therapy (KST). FST emerged as a good biomarker for predicting stage 3 AKI and need for KST with area-under-the-curve (AUC) being 0.93 ± 0.05 (95% CI 0.84-1.0) and 0.96 ± 0.03 (95% CI 0.9-1.0), respectively. FST outperformed NGAL and PENK in predicting AKI stage 3 and KST; however, the combination did not improve the diagnostic accuracy. Furosemide stress test is a simple, inexpensive, and robust biomarker for predicting stage 3 AKI and KST need in critically ill children. Further research is required to identify the best FST cut-off in children.",https://pubmed.ncbi.nlm.nih.gov/38691152/
39781493,2024,"Severe intensive care unit-acquired hypernatraemia: Prevalence, risk factors, trajectory, management, and outcome.","Chaba A; Phongphithakchai A; Pope O; Rajapaksha S; Ranjan P; Maeda A; Spano S; Hikasa Y; Eastwood G; Pattamin N; Kitisin N; Nasser A; White KC; Bellomo R; Severe Hypernatremia Assessment, Resolution, and Eradication (SHARE) Investigators",Critical care and resuscitation : journal of the Australasian Academy of Critical Care Medicine,10.1016/j.ccrj.2024.09.004,Journal Article,eng,"Severe intensive care unit-acquired hypernatraemia (ICU-AH) is a serious complication of critical illness. However, there is no detailed information on how this condition develops. The objective of this study was to study the prevalence, risk factors, trajectory, management, and outcome of severe ICU-AH (≥155 mmol·L-1). A retrospective study was conducted in a 40-bed ICU in a university-affiliated hospital. Assessment of sodium levels, factors associated with severe ICU-AH, urinary electrolyte measurements, water therapy, fluid balance, correction rate, and delirium was made. We screened 11,642 ICU admissions and identified 109 patients with severe ICU-AH. The median age was 57 years, 63% were male, and the median Acute Physiology and Chronic Health Evaluation III score was 64 (52; 80). On the day of ICU admission, 64% of patients were ventilated; 71% received vasopressors, and 22% had acute kidney injury. The median peak sodium level was 158 (156; 161) mmolL-1 at a median of 4 (1; 11) days after ICU admission. Only eight patients (7%) had urine sodium measurement (median concentration: 17 mmol·L-1). On the day of peak hypernatraemia, 80% of patients were unable to drink due to invasive ventilation; 34% were on diuretics; 25% had fever, and 50% did not receive hypotonic fluids. When available, the median electrolyte-free water clearance was -1.1 L (-1.7; -0.5), representing half of the urine output. After peak hypernatraemia, the correction rate was -2.8 mmol·L-1 per day (95% confidence interval: [-2.9 to -2.6]) during the first 3 d. Severe hypernatraemia occurred in the setting of inability to drink, near-absent measurement of urinary free water losses, diuretic therapy, fever, renal impairment, and near-absent or limited or delayed water administration. Correction was slow.",https://pubmed.ncbi.nlm.nih.gov/39781493/
39759784,2024,Role of Spot Urine Sodium in Furosemide Stress Test in Volume-overloaded Critically Ill Patients with Acute Kidney Injury.,Suhas P; Anand RK; Baidya DK; Dehran M,"Indian journal of critical care medicine : peer-reviewed, official publication of Indian Society of Critical Care Medicine",10.5005/jp-journals-10071-24862,Journal Article,eng,"Urine output (UO) in response to furosemide stress test (FST) can predict the progression of acute kidney injury (AKI). This study aimed to assess if changes in UO, urine spot sodium (USS), urine spot sodium creatinine ratio (USSCR) and changes in these parameters over 6 hours could differentiate between progressive and non-progressive AKI. Fifty critically ill adults with AKI in acute kidney injury network (AKIN) stages I and II with volume overload were included in this prospective study. The FST was performed with 1 mg/kg intravenous bolus. Hourly UO, USS, USSCR, maximum USS difference (USSDMAX), and maximum USSCR difference (USSCRDMAX) were documented. Any progression of AKI was noted till day 3. A total of 50 patients were recruited and n = 10 had progressive AKI (PAKI) and n = 40 had non-progressive AKI (NPAKI). Urine output at 1 and 2 h were significantly less in PAKI group. USS0, USS2, USS6, and USSDMAX were comparable between the groups. USSCR0 and USSCR6 were comparable between the groups whereas USSCR2 and USSCRDMAX were significantly less in PAKI group. USSDMAX did not correlate with UO1 (correlation coefficient 0.2, p = 0.16). However, USSCRDMAX showed a poor but significant correlation with UO1 (correlation coefficient 0.3, p = 0.03). To conclude, hourly UO in the first two hours and maximum change in USSCR within 6 hours following the FST may have an important role in early differentiation of progressive AKI in critically ill patients. Suhas P, Anand RK, Baidya DK, Dehran M. Role of Spot Urine Sodium in Furosemide Stress Test in Volume-overloaded Critically Ill Patients with Acute Kidney Injury. Indian J Crit Care Med 2024;28(12):1107-1111.",https://pubmed.ncbi.nlm.nih.gov/39759784/
39735690,2024,Prediction of Acute Kidney Injury After Cardiac Surgery With Combined Arterial and Venous Intrarenal Doppler.,Giles C; Huard K; Denault A; Beaubien-Souligny W,Canadian journal of kidney health and disease,10.1177/20543581241309976,Journal Article,eng,"Acute kidney injury (AKI) occurs in up to 50% of cardiac surgical patients and is often hemodynamically mediated. Point-of-care ultrasound is a non-invasive tool that has the potential to characterize intrarenal hemodynamics and predict the risk of AKI. We aimed to determine the predictive characteristics of intrarenal arterial and venous Doppler markers for postoperative AKI in cardiac surgical patients. This study is the secondary analysis of a prospective cohort study. This study is carried out in a care academic cardiac surgical center in Montreal, Quebec, Canada. Adult patients undergoing cardiac surgery with the use of cardiopulmonary bypass. Point-of-care ultrasound assessments were performed preoperatively and at intensive care unit admission. Arterial measurements included the renal resistive index (RRI) and intrarenal artery velocity-time integral normalized to peak systolic velocity (VTI/PSV). Venous measurements included intrarenal venous flow (IRVF) pattern and renal venous stasis index (RVSI). We used area under the receiving operating characteristic curves (AUCs) with net reclassification index (NRI) and multivariable logistic regression to determine predictive characteristics for postoperative AKI. Furthermore, we used hierarchical clustering to identify potential groups with similar Doppler parameters and performed comparisons of patients' characteristics and outcomes between groups. We included 136 patients with 47 (34.6%) developing postoperative AKI. At intensive care unit admission, arterial indices showed similar discrimination for the prediction of AKI (RRI: AUC = 0.64; 95% confidence interval (CI) = 0.55 to 0.74; and VTI/PSV: AUC = 0.67; 95% CI = 0.57 to 0.77). Venous Doppler indices including IRVF patterns (AUC = 0.64; 95% CI = 0.53 to 0.74) and RVSI (AUC = 0.60; 95% CI = 0.50 to 0.71) also showed similar performance. The combined model of RRI and IRVF pattern (AUC = 0.69; 95% CI = 0.59 to 0.78) improved the prediction of AKI compared to either RRI (NRI = 0.50; 95% CI = 0.17 to 0.84) or IRVF pattern (NRI = 0.38; 95% CI = 0.04 to 0.70) alone. Through hierarchical clustering, we identified 3 groups (1: low RRI, 2: high RRI/low RVSI, and 3: high RRI/high RVSI) with different patient characteristics and outcomes. The patient in group 3 had a higher risk of AKI and worse clinical outcomes compared with other groups. Single-center design in cardiac surgical patients limits generalizability. Although more complex indices of intrarenal Doppler indices including the VTI/PSV and RVSI did not improve prediction of postoperative AKI, combining RRI and IRVF pattern improved risk prediction for AKI. Intrarenal arteriovenous Doppler subphenotypes identified patient groups at high risk of postoperative AKI.",https://pubmed.ncbi.nlm.nih.gov/39735690/
39695715,2024,Urinary proteomics identifies distinct immunological profiles of sepsis associated AKI sub-phenotypes.,Stanaway IB; Morrell ED; Mabrey FL; Sathe NA; Bailey Z; Speckmaier S; Lo J; Zelnick LR; Himmelfarb J; Mikacenic C; Evans L; Wurfel MM; Bhatraju PK,"Critical care (London, England)",10.1186/s13054-024-05202-9,"Journal Article; Research Support, N.I.H., Extramural; Research Support, Non-U.S. Gov't",eng,"Patients with sepsis-induced AKI can be classified into two distinct sub-phenotypes (AKI-SP1, AKI-SP2) that differ in clinical outcomes and response to treatment. The biologic mechanisms underlying these sub-phenotypes remains unknown. Our objective was to understand the underlying biology that differentiates AKI sub-phenotypes and associations with kidney outcomes. We prospectively enrolled 173 ICU patients with sepsis from a suspected respiratory infection (87 without AKI and 86 with AKI on enrollment). Among the AKI patients, 66 were classified as AKI-SP1 and 20 as AKI-SP2 using a three-plasma biomarker classifier. Aptamer-based proteomics assessed 5,212 proteins in urine collected on ICU admission. We compared urinary protein abundances between AKI sub-phenotypes, conducted pathway analyses, tested associations with risk of RRT and blood bacteremia, and predicted AKI-SP2 class membership using LASSO. In total, 117 urine proteins were higher in AKI-SP2, 195 were higher in AKI-SP1 (FDR < 0.05). Urinary proteins involved in inflammation and chemoattractant of neutrophils and monocytes (CXCL1 and REG3A) and oxidative stress (SOD2) were abundant in AKI-SP2, while proteins involved in collagen deposition (GP6), podocyte derived (SPOCK2), proliferation of mesenchymal cells (IL11RA), anti-inflammatory (IL10RB and TREM2) were abundant in AKI-SP1. Pathways related to immune response, complement activation and chemokine signaling were upregulated in AKI-SP2 and pathways of cell adhesion were upregulated in AKI-SP1. Overlap was present between urinary proteins that differentiated AKI sub-phenotypes and proteins that differentiated risk of RRT during hospitalization. Variable correlation was found between top aptamers and ELISA based protein assays. A LASSO derived urinary proteomic model to classify AKI-SP2 had a mean AUC of 0.86 (95% CI: 0.69-0.99). Our findings suggest AKI-SP1 is characterized by a reparative, regenerative phenotype and AKI-SP2 is characterized as an immune and inflammatory phenotype associated with blood bacteremia. We identified shared biology between AKI sub-phenotypes and eventual risk of RRT highlighting potential therapeutic targets. Urine proteomics may be used to non-invasively classify SP2 participants.",https://pubmed.ncbi.nlm.nih.gov/39695715/
39636799,2024,Genetic variants associated with sepsis-associated acute kidney injury.,Douville NJ; Bastarache L; Bertucci-Richter E; Patil S; Jewell ES; Freundlich RE; Kertai MD; Engoren MC,PloS one,10.1371/journal.pone.0311318,Journal Article,eng,"Kidney dysfunction is a common complication in septic patients. Studies have identified numerous risk factors for sepsis-associated acute kidney injury (S-AKI), yet there is wide variability in the incidence even among patients with similar risk factors, suggesting the presence of additional uncharacterized risk factors, including genetic differences. The expansion of biobanks, advances in genotyping, and standardized diagnostic criteria have enabled large-scale, hypothesis-generating studies into the genetic mechanisms underlying S-AKI. We hypothesize that the genetic pathway behind S-AKI has overlapping mechanisms with key differences based upon the specific subtype of acute kidney injury (AKI). To test this hypothesis, we performed a genome-wide association study (GWAS) of S-AKI in three logistic regression models. Model 1, controlled for 1) age, 2) sex, 3) genotyping chip, and 4) the first five principal components. In Model 2, pre-sepsis baseline serum creatinine was added to the variables in Model 1. Finally, in Model 3, we controlled for the full range of patient, clinical, and ICU-related risk factors. Each of the 3-models were repeated in a pre-specified sensitivity analysis of higher severity S-AKI, defined as KDIGO Stage 2 or 3. We then compare associated variants and genes from our GWAS with previously published AKI sub-types and model other factors associated with S-AKI in our dataset. 3,348 qualifying Sepsis-3 patients have been genotyped in our dataset. Of these patients, 383 (11.4%) developed Stage 1, 2, or 3 AKI (primary outcome) and 181 (5.4%) developed Stage 2 or 3 AKI (sensitivity analysis). The median age was 61 years (interquartile range (IQR): 51,69), 42% were female, and the increase in SOFA score (between 48-hours before to 24-hours after the onset of suspected infection) was 2 (2-3). No variants exceeded our threshold for genome-wide significance (P<5x10-8), however, a total of 13 variants exceeded the suggestive (P<1x10-6) threshold. Notably, rs184516290 (chr1:199814965:G:A), near the NR5A2 gene, chr1:199805801:T:TA, also near the NR5A2 gene, and rs117313146 (chr15:31999784:G:C), near the CHRNA7 gene, were associated with S-AKI at the suggestive level in all three models presented. Variants in the suppressor of fused homolog (SUFU) gene, previously shown to be correlated with renal function in bacteremic patients, consistently exceeded the P<0.05 threshold in our models. While failing to identify any novel association for S-AKI at the level of genome-wide significance, our study did suggest multiple variants in previously characterized pathways for S-AKI including CHRNA7, NR5A2, and SUFU. We failed to replicate associations from multiple prior studies which may result from differences in how the phenotype was defined or, alternatively, limited genetic contribution and low heritability.",https://pubmed.ncbi.nlm.nih.gov/39636799/
39541843,2024,The interplay of TapSAKI and NEAT-1 as potential modulators in gentamicin-induced acute kidney injury via orchestrating miR-22-3p/TLR4/MyD88/NF-қB/IL-1 β milieu: Novel therapeutic approach of Betanin.,Abd-Elmawla MA; Elsamanoudie NM; Ismail MF; Hammam OA; El Magdoub HM,International immunopharmacology,10.1016/j.intimp.2024.113577,Journal Article,eng,"Gentamicin (GNT) is a broad-spectrum antibiotic that is widely prescribed in critically ill patients. However, GNT exerts deleterious effects on renal proximal tubules which could predispose to acute kidney injury (AKI). The study aimed to investigate the interplay of TapSAKI, NEAT-1, and miR-22-3p in GNT-induced AKI via modulating the TLR4/MyD88/NF-қB/IL-1β trajectory. The study was extended to show the role of betanin (BET) in alleviating GNT-induced AKI. BET (25  mg/kg/day) was administered via oral route for 28 consecutive days in addition to GNT (100  mg/kg/day) i.p. during the last 8 days. TapSAKI, NEAT-1, and miR-22-3p gene expressions were measured using RT-PCR. The levels of SCr, urea were measured using colorimetric assay, whereas KIM-1, TLR4, and IL-1β were measured using ELISA technique. Additionally, histopathological examinations were done. The present study revealed that the expression of TapSAKI and NEAT-1 were significantly upregulated in GNT-induced AKI group, whereas miR-22-3p was significantly downregulated. There were significant associations between the expression of these non-coding RNAs and TLR4/NF-қB/MyD88/IL-1β axis as well as malondialdehyde and glutathione levels. Favorably, BET pretreated group normalized the levels of SCr, urea, and KIM-1 and showed a significant downregulation of TapSAKI and NEAT-1 and upregulation of miR-22-3p compared with GNT-induced AKI group. Furthermore, BET showed a marked inhibition of TLR4/MyD88/NF-қB/IL-1β cascade compared with non-treated AKI rats. Moreover, BET normalized oxidative stress markers. BET reduced GNT's toxic effects on kidneys through modulating TLR4/MyD88/NF-қB/IL-1β signaling pathway under the influence of lncRNAs TapSAKI, NEAT-1, and miRNA-22-3p, which consequently suppress oxidative stress and inflammation.",https://pubmed.ncbi.nlm.nih.gov/39541843/
39379672,2024,Modified furosemide responsiveness index and biomarkers for AKI progression and prognosis: a prospective observational study.,Su Y; Liu WJ; Zhao YF; Zhang YJ; Qiu Y; Lu ZH; Wang P; Lin S; Tu GW; Luo Z,Annals of intensive care,10.1186/s13613-024-01387-y,Journal Article,eng,"Modified furosemide responsiveness index (mFRI) is a novel biomarker for assessing diuretic response and AKI progression in patients with early AKI. However, the comparative predictive performance of mFRI and novel renal biomarkers for adverse renal outcomes remains unclear. In a single-center prospective study, we aimed to evaluate the discriminatory abilities of mFRI and other novel renal biomarkers in predicting AKI progression and prognosis in patients with initial mild and moderate AKI (KDIGO stage 1 to 2). Patients with initial mild and moderate AKI within 48 h following cardiac surgery were included in this study. The mFRI, renal biomarkers (including serum or urinary neutrophil gelatinase-associated lipocalin [sNGAL or uNGAL], serum cystatin C, urinary N-acetyl-beta-D-glycosaminidase [uNAG], urinary albumin-to-creatinine ratio) and cytokines (TNF, IL-1β, IL-2R, IL-6, IL-8, and IL-10) were measured at AKI diagnosis. The mFRI was calculated for each patient, which was defined as 2-hour urine output divided by furosemide dose and body weight. Of 1013 included patients, 154 (15.2%) experienced AKI progression, with 59 (5.8%) progressing to stage 3 and 33 (3.3%) meeting the composite outcome of hospital mortality or receipt of renal replacement therapy (RRT). The mFRI showed non-inferiority or potential superiority to renal biomarkers and cytokines in predicting AKI progression (area under the curve [AUC] 0.80, 95% confidence interval [CI] 0.77-0.82), progression to stage 3 (AUC 0.87, 95% CI 0.85-0.89), and composite outcome of death and receipt of RRT (AUC 0.85, 95% CI 0.82-0.87). Furthermore, the combination of a functional biomarker (mFRI) and a urinary injury biomarker (uNAG or uNGAL) resulted in a significant improvement in the prediction of adverse renal outcomes than either individual biomarker (all P < 0.05). Moreover, incorporating these panels into clinical model significantly enhanced its predictive capacity for adverse renal outcomes, as demonstrated by the C index, integrated discrimination improvement, and net reclassification improvement (all P < 0.05). As a rapid, cost-effective and easily accessible biomarker, mFRI, exhibited superior or comparable predictive capabilities for AKI progression and prognosis compared to renal biomarkers in cardiac surgical patients with mild to moderate AKI. Clinicaltrials.gov, NCT04962412. Registered July 15, 2021, https://clinicaltrials.gov/ct2/show/NCT04962412?cond=NCT04962412&draw=2&rank=1 .",https://pubmed.ncbi.nlm.nih.gov/39379672/
39318762,2024,Development and validation of a deep learning algorithm for the prediction of serum creatinine in critically ill patients.,Ghanbari G; Lam JY; Shashikumar SP; Awdishu L; Singh K; Malhotra A; Nemati S; Yousif Z,JAMIA open,10.1093/jamiaopen/ooae097,Journal Article,eng,"Serum creatinine (SCr) is the primary biomarker for assessing kidney function; however, it may lag behind true kidney function, especially in instances of acute kidney injury (AKI). The objective of the work is to develop Nephrocast, a deep-learning model to predict next-day SCr in adult patients treated in the intensive care unit (ICU). Nephrocast was trained and validated, temporally and prospectively, using electronic health record data of adult patients admitted to the ICU in the University of California San Diego Health (UCSDH) between January 1, 2016 and June 22, 2024. The model features consisted of demographics, comorbidities, vital signs and laboratory measurements, and medications. Model performance was evaluated by mean absolute error (MAE) and root-mean-square error (RMSE) and compared against the prediction day's SCr as a reference. A total of 28 191 encounters met the eligibility criteria, corresponding to 105 718 patient-days. The median (interquartile range [IQR]) MAE and RMSE in the internal test set were 0.09 (0.085-0.09) mg/dL and 0.15 (0.146-0.152) mg/dL, respectively. In the prospective validation, the MAE and RMSE were 0.09 mg/dL and 0.14 mg/dL, respectively. The model's performance was superior to the reference SCr. Our model demonstrated good performance in predicting next-day SCr by leveraging clinical data routinely collected in the ICU. The model could aid clinicians in in identifying high-risk patients for AKI, predicting AKI trajectory, and informing the dosing of renally eliminated drugs.",https://pubmed.ncbi.nlm.nih.gov/39318762/
39290173,2024,"Sepsis-associated acute kidney injury in patients with chronic kidney disease: Patient characteristics, prevalence, timing, trajectory, treatment and associated outcomes.",White KC; Bellomo R; Tabah A; Attokaran AG; White H; McCullough J; Shekar K; Ramanan M; Garrett P; McIlroy P; Senthuran S; Luke S; Serpa-Neto A; Larsen T; Laupland KB; Queensland Critical Care Research Network (QCCRN),"Nephrology (Carlton, Vic.)",10.1111/nep.14392,Journal Article; Multicenter Study; Comparative Study,eng,"The features and outcomes of sepsis-associated acute kidney injury (SA-AKI) may be affected by chronic kidney disease (CKD). Accordingly, we aimed to compare SA-AKI in patients with or without CKD. Retrospective cohort study in 12 intensive care units (ICU). We studied the prevalence, patient characteristics, timing, trajectory, treatment and outcomes of SA-AKI with and without CKD. Of 84 240 admissions, 7255 (8.6%) involved patients with CKD. SA-AKI was more common in patients with CKD (21% vs 14%; p < .001). CKD patients were older (70 vs. 60 years; p < .001), had a higher median Charlson co-morbidity index (5 vs. 3; p < .001) and acute physiology and chronic health evaluation (APACHE) III score (78 vs. 60; p < .001) and were more likely to receive renal replacement therapy (RRT) (25% vs. 17%; p < .001). They had less complete return to baseline function at ICU discharge (48% vs. 60%; p < .001), higher major adverse kidney events at day 30 (MAKE-30) (38% vs. 27%; p < .001), and higher hospital and 90-day mortality (21% vs. 13%; p < .001, and 27% vs. 16%; p < .001, respectively). After adjustment for patient characteristics and severity of illness, however, CKD was not an independent risk factor for increased 90-day mortality (OR 0.88; 95% CI 0.76-1.02; p = .08) or MAKE-30 (OR 0.98; 95% CI 0.80-1.09; p = .4). SA-AKI is more common in patients with CKD. Such patients are older, more co-morbid, have higher disease severity, receive different ICU therapies and have different trajectories of renal recovery and greater unadjusted mortality. However, after adjustment day-90 mortality and MAKE-30 risk were not increased by CKD.",https://pubmed.ncbi.nlm.nih.gov/39290173/
39264733,2024,Phenotypes of Dialysis-Requiring Acute Kidney Injury and Associations with Mortality in a South American Population.,Gomes CLR; Cleto-Yamane TL; da Silva Fucuta P; Farias HB; Ruzany F; Rocco Suassuna JH,Clinical journal of the American Society of Nephrology : CJASN,10.2215/CJN.0000000000000530,Journal Article,eng,"Comprehensive analysis of 17,158 patients with dialysis-requiring AKI in Brazil, uncovering intricate etiological patterns and outcomes across all age groups. Detailed latent class analysis reveals four distinct phenotypes for patients with dialysis-requiring AKI, each with unique clinical characteristics and mortality risks. The study underscores the necessity of age-specific AKI management strategies, informed by diverse etiologies and survival outcomes across the lifespan. AKI is a complex syndrome typically classified into strict categories. Alternatively, it may be more accurate to consider it as an intermediate event between an initiating cause and its outcome. Therefore, we investigated the burden of clinical scenarios associated with dialysis-requiring AKI using latent class analysis (LCA) and examined the etiological spectrum and clinical phenotypes across different life stages. We analyzed 17,158 patients with dialysis-requiring AKI from 170 medical facilities in Rio de Janeiro, Brazil (2002–2012). Using survival curves and mixed-effects Cox regression for survival estimation, LCA classified patients on the basis of clinical characteristics and outcomes, focusing on etiological variation over the human lifespan. The median age was 75 years (interquartile range, 59–83). Infections were the most common cause (44.2%), particularly community-acquired pneumonia (23.8%). Cardiovascular issues, especially ischemic heart disease (9.0%) and acute heart failure (8.1%), were also significant. LCA identified four distinct patient classes with varying clinical and outcome profiles. Class 1 patients were younger (median age, 66 years), predominantly male, with lower intensive care unit admission rates and higher rates of community-acquired AKI (60.8%). They had the lowest mortality (39.5%) and highest recovery rates. Class 2 had intermediate mortality (67.4%) and the highest comorbidity burden (mean Charlson score, 3.39). Classes 3 and 4 had the highest mortality (82.8% and 78.6%, respectively), requiring more mechanical ventilation and vasopressor use. Class 3 had a high prevalence of sepsis (92.7%) with lower comorbidities while class 4 had high chronic heart disease (76.3%) and perfusion factors (79.4%). Despite high mortality, class 3 patients recovered better than class 2 and 4 patients. Survival analyses revealed diverse outcomes across etiological groups, with liver-related conditions being the most severe. This study highlights the complexity of AKI and utility of LCA in revealing its clinical heterogeneity. It underscores distinct etiological trends across ages, suggesting future research should integrate clinical profiles with advanced diagnostics to understand AKI's clinical and molecular phenotypes throughout life.",https://pubmed.ncbi.nlm.nih.gov/39264733/
39248074,2024,Advances in critical care nephrology through artificial intelligence.,Cheungpasitporn W; Thongprayoon C; Kashani KB,Current opinion in critical care,10.1097/MCC.0000000000001202,Journal Article; Review,eng,"This review explores the transformative advancement, potential application, and impact of artificial intelligence (AI), particularly machine learning (ML) and large language models (LLMs), on critical care nephrology. AI algorithms have demonstrated the ability to enhance early detection, improve risk prediction, personalize treatment strategies, and support clinical decision-making processes in acute kidney injury (AKI) management. ML models can predict AKI up to 24-48 h before changes in serum creatinine levels, and AI has the potential to identify AKI sub-phenotypes with distinct clinical characteristics and outcomes for targeted interventions. LLMs and generative AI offer opportunities for automated clinical note generation and provide valuable patient education materials, empowering patients to understand their condition and treatment options better. To fully capitalize on its potential in critical care nephrology, it is essential to confront the limitations and challenges of AI implementation, including issues of data quality, ethical considerations, and the necessity for rigorous validation. The integration of AI in critical care nephrology has the potential to revolutionize the management of AKI and continuous renal replacement therapy. While AI holds immense promise for improving patient outcomes, its successful implementation requires ongoing training, education, and collaboration among nephrologists, intensivists, and AI experts.",https://pubmed.ncbi.nlm.nih.gov/39248074/
39208853,2024,Epigenetic Mechanisms in Sepsis-Associated Acute Kidney Injury.,Fiorentino M; Philippe R; Palumbo CA; Prenna S; Cantaluppi V; Rosa S,Seminars in respiratory and critical care medicine,10.1055/s-0044-1789240,Journal Article; Review,eng,"Sepsis, the dysregulated immune response of the host to infections, leads to numerous complications, including multiple organ dysfunction with sepsis-associated acute kidney injury (SA-AKI) being a frequent complication associated with increased risk of mortality and the progression toward chronic kidney disease (CKD). Several mechanisms have been widely investigated in understanding the complex pathophysiology of SA-AKI, including hemodynamic alterations, inflammation, oxidative stress, and direct cellular injury driven by pathogens or cell-derived products (pathogen-associated molecular patterns and damage-associated molecular patterns). Despite advancements in the management of septic patients, the prognosis of SA-AKI patients remains significantly poor and is associated with high in-hospital mortality and adverse long-term outcomes. Therefore, recent research has focused on the early identification of specific SA-AKI endotypes and subphenotypes through epigenetic analysis and the use of potential biomarkers, either alone or in combination with clinical data, to improve prognosis. Epigenetic regulation, such as DNA methylation, histone modifications, and noncoding RNA modulation, is crucial in modulating gene expression in response to stress and renal injury in SA-AKI. At the same time, these modifications are dynamic and reversible processes that can alter gene expression in several pathways implicated in the context of SA-AKI, including inflammation, immune response, and tolerance status. In addition, specific epigenetic modifications may exacerbate renal damage by causing persistent inflammation or cellular metabolic reprogramming, leading to progression toward CKD. This review aims to provide a comprehensive understanding of the epigenetic characteristics that define SA-AKI, also exploring targeted therapies that can improve patient outcomes and limit the chronic progression of this syndrome.",https://pubmed.ncbi.nlm.nih.gov/39208853/
39206544,2024,Clinical Characteristics and Outcomes of Patients Suffering Acute Decompensated Heart Failure Complicated by Cardiogenic Shock.,Kyriakopoulos CP; Sideris K; Taleb I; Maneta E; Hamouche R; Tseliou E; Zhang C; Presson AP; Dranow E; Shah KS; Jones TL; Fang JC; Stehlik J; Selzman CH; Goodwin ML; Tonna JE; Hanff TC; Drakos SG,Circulation. Heart failure,10.1161/CIRCHEARTFAILURE.123.011358,Journal Article,eng,"Cardiogenic shock (CS) can stem from multiple causes and portends poor prognosis. Prior studies have focused on acute myocardial infarction-CS; however, acute decompensated heart failure (ADHF)-CS accounts for most cases. We studied patients suffering ADHF-CS to identify clinical factors, early in their trajectory, associated with a higher probability of successful outcomes. Consecutive patients with CS were evaluated (N=1162). We studied patients who developed ADHF-CS at our hospital (N=562). Primary end point was native heart survival (NHS), defined as survival to discharge without receiving advanced HF therapies. Secondary end points were adverse events, survival, major cardiac interventions, and hospital readmissions within 1 year following index hospitalization discharge. Association of clinical data with NHS was analyzed using logistic regression. Overall, 357 (63.5%) patients achieved NHS, 165 (29.2%) died, and 41 (7.3%) were discharged post advanced HF therapies. Of 398 discharged patients (70.8%), 303 (53.9%) were alive at 1 year. Patients with NHS less commonly suffered cardiac arrest, underwent intubation or pulmonary artery catheter placement, or received temporary mechanical circulatory support, had better hemodynamic and echocardiographic profiles, and had a lower vasoactive-inotropic score at shock onset. Bleeding, hemorrhagic stroke, hemolysis in patients with mechanical circulatory support, and acute kidney injury requiring renal replacement therapy were less common compared with patients who died or received advanced HF therapies. After multivariable adjustments, clinical variables associated with NHS likelihood included younger age, history of systemic hypertension, absence of cardiac arrest or acute kidney injury requiring renal replacement therapy, lower pulmonary capillary wedge pressure and vasoactive-inotropic score, and higher tricuspid annular plane systolic excursion at shock onset (all P<0.05). By studying contemporary patients with ADHF-CS, we identified clinical factors that can inform clinical management and provide future research targets. Right ventricular function, renal function, pulmonary artery catheter placement, and type and timing of temporary mechanical circulatory support warrant further investigation to improve outcomes of this devastating condition.",https://pubmed.ncbi.nlm.nih.gov/39206544/
39144322,2024,Furosemide responsiveness test-is there any reason to be afraid of diuretic use after cardiac surgery?,Martínez-Chillarón M; Cupich AL; Piñeiro GJ; Molina-Andújar A; Poch López de Briñas E,Journal of thoracic disease,10.21037/jtd-24-153,Editorial; Comment,eng,,https://pubmed.ncbi.nlm.nih.gov/39144322/
39068892,2024,Fine-grained subphenotypes in acute kidney injury populations based on deep clustering: Derivation and interpretation.,Tan Y; Huang J; Zhuang J; Huang H; Tian M; Liu Y; Wu M; Yu X,International journal of medical informatics,10.1016/j.ijmedinf.2024.105553,"Journal Article; Research Support, Non-U.S. Gov't",eng,"Acute kidney injury (AKI) is associated with increased mortality in critically ill patients. Due to differences in the etiology and pathophysiological mechanism, the current AKI criteria put it an embarrassment to evaluate clinical therapy and prognosis. We aimed to identify subphenotypes based on routinely collected clinical data to expose the unique pathophysiologic patterns. A retrospective study was conducted based on the Medical Information Mart for Intensive Care IV (MIMIC-IV) and the eICU Collaborative Research Database (eICU-CRD), and a deep clustering approach was conducted to derive subphenotypes. We conducted further analysis to uncover the underlying clinical patterns and interpret the subphenotype derivation. We studied 14,189 and 19,382 patients with AKI within 48 h of ICU admission in the two datasets, respectively. Through our approach, we identified seven distinct AKI subphenotypes with mortality heterogeneity in each cohort. These subphenotypes displayed significant variations in demographics, comorbidities, levels of laboratory measurements, and survival patterns. Notably, the subphenotypes could not be effectively characterized using the Kidney Disease: Improving Global Outcomes (KDIGO) criteria alone. Therefore, we uncovered the unique underlying characteristics of each subphenotype through model-based interpretation. To assess the usability of the subphenotypes, we conducted an evaluation, which yielded a micro-Area Under the Receiver Operating Characteristic (AUROC) of 0.81 in the single-center cohort and 0.83 in the multi-center cohort within 48-hour of admission. We derived highly characteristic, interpretable, and usable AKI subphenotypes that exhibited superior prognostic values.",https://pubmed.ncbi.nlm.nih.gov/39068892/
39035622,2024,When to start renal replacement therapy in acute kidney injury: What are we waiting for?,Liu L; Hu Z,Journal of intensive medicine,10.1016/j.jointm.2023.12.005,Journal Article; Review,eng,"Acute kidney injury remains a serious condition with a high mortality risk. In the absence of any new drugs, renal replacement therapy (RRT) is the most important treatment option. Randomized controlled trials have concluded that in critically ill patients without an emergency indication for RRT, a watchful waiting strategy is safe; however, further delays in RRT did not seem to confer any benefit, rather was associated with potential harm. During this process, balancing the risks of complications due to an unnecessary intervention with the risk of not correcting a potentially life-threatening complication remains a challenge. Dynamic renal function assessment, especially dynamic assessment of renal demand-capacity matching, combined with renal biomarkers such as neutrophil gelatinase-associated lipocalin and furosemide stress test, is helpful to identify which patients and when the patients may benefit from RRT.",https://pubmed.ncbi.nlm.nih.gov/39035622/
39011119,2024,Molecular Phenotyping of Patients with Sepsis and Kidney Injury and Differential Response to Fluid Resuscitation.,Kiernan E; Zelnick LR; Khader A; Coston TD; Bailey ZA; Speckmaier S; Lo J; Sathe N; Kestenbaum BR; Himmelfarb J; Johnson N; Shapiro N; Douglas IS; Hough C; Bhatraju P,Research square,10.21203/rs.3.rs-4523416/v1,Journal Article; Preprint,eng,"Previous work has identified two AKI sub-phenotypes (SP1 and SP2) characterized by differences in inflammation and endothelial dysfunction. Here we identify these sub-phenotypes using biospecimens collected in the emergency department and test for differential response to restrictive versus liberal fluid strategy in sepsis-induced hypotension in the CLOVERS trial. We applied a previously validated 3-biomarker model using plasma angiopietin-1 and 2, and soluble tumor necrosis factor receptor-1 to classify sub-phenotypes in patients with kidney dysfunction (AKI or end-stage kidney disease [ESKD]). We also compared a de novo latent class analysis (LCA) to the 3-biomarker based sub-phenotypes. Kaplan-Meier estimates were used to test for differences in outcomes and sub-phenotype by treatment interaction. Among 1289 patients, 846 had kidney dysfunction on enrollment and the 3-variable prediction model identified 605 as SP1 and 241 as SP2. The optimal LCA model identified two sub-phenotypes with high correlation with the 3-biomarker model (Cohen's Kappa 0.8). The risk of 28 and 90-day mortality was greater in SP2 relative to SP1 independent of AKI stage and SOFA scores. Patients with SP2, characterized by more severe endothelial injury and inflammation, had a reduction in 28-day mortality with a restrictive fluid strategy versus a liberal fluid strategy (26% vs 41%), while patients with SP1 had no difference in 28-day mortality (10% vs 11%) (p-value-for-interaction = 0.03). Sub-phenotypes can be identified in the emergency department that respond differently to fluid strategy in sepsis. Identification of these sub-phenotypes could inform a precision-guided therapeutic approach for patients with sepsis-induced hypotension and kidney injury.",https://pubmed.ncbi.nlm.nih.gov/39011119/
39002065,2024,Predictive enrichment for the need of renal replacement in sepsis-associated acute kidney injury: combination of furosemide stress test and urinary biomarkers TIMP-2 and IGFBP-7.,Palmowski L; Lindau S; Henk LC; Marko B; Witowski A; Nowak H; Stoll SE; Zacharowski K; Böttiger BW; Peters J; Adamzik M; Dusse F; Rahmel T,Annals of intensive care,10.1186/s13613-024-01349-4,Journal Article,eng,"In sepsis, initial resuscitation with fluids is followed by efforts to achieve a negative fluid balance. However, patients with sepsis-associated acute kidney injury (SA-AKI) often need diuretic or renal replacement therapy (RRT). The dilemma is to predict whether early RRT might be advantageous or diuretics will suffice. Both the Furosemide Stress Test (FST) and measurements of the urinary biomarkers TIMP-2*IGFBP-7, if applied solely, do not provide sufficient guidance. We tested the hypothesis that a combination of two tests, i.e., an upstream FST combined with downstream measurements of urinary TIMP-2*IGFBP-7 concentrations improves the accuracy in predicting RRT necessity. In this prospective, multicenter study 100 patients with sepsis (diagnosed < 48h), AKI stage ≥ 2, and an indication for negative fluid balance were included between 02/2020 and 12/2022. All patients received a standardized FST and urinary biomarkers TIMP-2*IGFBP-7 were serially measured immediately before and up to 12 h after the FST. The primary outcome was the RRT requirement within 7 days after inclusion. 32% (n = 32/99) of SA-AKI patients eventually required RRT within 7 days. With the FST, urine TIMP-2*IGFBP-7 decreased within 2 h from 3.26 ng2/mL2/1000 (IQR: 1.38-5.53) to 2.36 ng2/mL2/1000 (IQR: 1.61-4.87) in RRT and 1.68 ng2/mL2/1000 (IQR: 0.56-2.94) to 0.27 ng2/mL2/1000 (IQR: 0.12-0.89) and non-RRT patients, respectively. While TIMP-2*IGFBP-7 concentrations remained low for up to 12 h in non-RRT patients, we noted a rebound in RRT patients after 6 h. TIMP-2*IGFBP-7 before FST (accuracy 0.66; 95%-CI 0.55-0.78) and the FST itself (accuracy 0.74; 95%-CI: 0.64-0.82) yielded moderate test accuracies in predicting RRT requirement. In contrast, a two-step approach, utilizing FST as an upstream screening tool followed by TIMP-2*IGFBP-7 quantification after 2 h improved predictive accuracy (0.83; 95%-CI 0.74-0.90, p = 0.03) compared to the FST alone, resulting in a positive predictive value of 0.86 (95%-CI 0.64-0.97), and a specificity of 0.96 (95%-CI 0.88-0.99). The combined application of an upstream FST followed by urinary TIMP-2*IGFBP-7 measurements supports highly specific identification of SA-AKI patients requiring RRT. Upcoming interventional trials should elucidate if this high-risk SA-AKI subgroup, identified by our predictive enrichment approach, benefits from an early RRT initiation.",https://pubmed.ncbi.nlm.nih.gov/39002065/
38934028,2024,Artificial intelligence and machine learning's role in sepsis-associated acute kidney injury.,Cheungpasitporn W; Thongprayoon C; Kashani KB,Kidney research and clinical practice,10.23876/j.krcp.23.298,Journal Article,eng,"Sepsis-associated acute kidney injury (SA-AKI) is a serious complication in critically ill patients, resulting in higher mortality, morbidity, and cost. The intricate pathophysiology of SA-AKI requires vigilant clinical monitoring and appropriate, prompt intervention. While traditional statistical analyses have identified severe risk factors for SA-AKI, the results have been inconsistent across studies. This has led to growing interest in leveraging artificial intelligence (AI) and machine learning (ML) to predict SA-AKI better. ML can uncover complex patterns beyond human discernment by analyzing vast datasets. Supervised learning models like XGBoost and RNN-LSTM have proven remarkably accurate at predicting SA-AKI onset and subsequent mortality, often surpassing traditional risk scores. Meanwhile, unsupervised learning reveals clinically relevant sub-phenotypes among diverse SA-AKI patients, enabling more tailored care. In addition, it potentially optimizes sepsis treatment to prevent SA-AKI through continual refinement based on patient outcomes. However, utilizing AI/ML presents ethical and practical challenges regarding data privacy, algorithmic biases, and regulatory compliance. AI/ML allows early risk detection, personalized management, optimal treatment strategies, and collaborative learning for SA-AKI management. Future directions include real-time patient monitoring, simulated data generation, and predictive algorithms for timely interventions. However, a smooth transition to clinical practice demands continuous model enhancements and rigorous regulatory oversight. In this article, we outlined the conventional methods used to address SA-AKI and explore how AI and ML can be applied to diagnose and manage SA-AKI, highlighting their potential to revolutionize SA-AKI care.",https://pubmed.ncbi.nlm.nih.gov/38934028/
38928473,2024,Deciphering AKI in Burn Patients: Correlations between Clinical Clusters and Biomarkers.,Lee SA; Kym D; Yoon J; Cho YS; Hur J; Yoon D,International journal of molecular sciences,10.3390/ijms25126769,Journal Article,eng,"Acute kidney injury (AKI) is a significant complication in burn patients, impacting outcomes substantially. This study explores the heterogeneity of AKI in burn patients by analyzing creatinine time-series data to identify distinct AKI clusters and evaluating routine biomarkers' predictive values. A retrospective cohort analysis was performed on 2608 adult burn patients admitted to Hangang Sacred Heart Hospital's Burn Intensive Care Unit (BICU) from July 2010 to December 2022. Patients were divided into four clusters based on creatinine trajectories, ranging from high-risk, severe cases to lower-risk, short-term care cases. Cluster A, characterized by high-risk, severe cases, showed the highest mortality and severity, with significant predictors being PT and TB. Cluster B, representing intermediate recovery cases, highlighted PT and albumin as useful predictors. Cluster C, a low-risk, high-resilience group, demonstrated predictive values for cystatin C and eGFR cys. Cluster D, comprising lower-risk, short-term care patients, indicated the importance of PT and lactate. Key biomarkers, including albumin, prothrombin time (PT), cystatin C, eGFR cys, and total bilirubin (TB), were identified as significant predictors of AKI development, varying across clusters. Diagnostic accuracy was assessed using area under the curve (AUC) metrics, reclassification metrics (NRI and IDI), and decision curve analysis. Cystatin C and eGFR cys consistently provided significant predictive value over creatinine, with AUC values significantly higher (p < 0.05) in each cluster. This study highlights the need for a tailored, biomarker-driven approach to AKI management in burn patients, advocating for the integration of diverse biomarkers in clinical practice to facilitate personalized treatment strategies. Future research should validate these biomarkers prospectively to confirm their clinical utility.",https://pubmed.ncbi.nlm.nih.gov/38928473/
38922318,2024,Kidney Outcomes and Trajectories of Tubular Injury and Function in Critically Ill Patients With and Without COVID-19.,Granda ML; Tian F; Zelnick LR; Bhatraju PK; Hallowell J; Wurfel MM; Hoofnagle A; Morrell E; Kestenbaum B,Critical care explorations,10.1097/CCE.0000000000001109,Journal Article,eng,"COVID-19 may injure the kidney tubules via activation of inflammatory host responses and/or direct viral infiltration. Most studies of kidney injury in COVID-19 lacked contemporaneous controls or measured kidney biomarkers at a single time point. To better understand mechanisms of acute kidney injury in COVID-19, we compared kidney outcomes and trajectories of tubular injury, viability, and function in prospectively enrolled critically ill adults with and without COVID-19. The COVID-19 Host Response and Outcomes study prospectively enrolled patients admitted to ICUs in Washington State with symptoms of lower respiratory tract infection, determining COVID-19 status by nucleic acid amplification on arrival. We evaluated major adverse kidney events (MAKE) defined as a doubling of serum creatinine, kidney replacement therapy, or death, in 330 patients after inverse probability weighting. In the 181 patients with available biosamples, we determined trajectories of urine kidney injury molecule-1 (KIM-1) and epithelial growth factor (EGF), and urine:plasma ratios of endogenous markers of tubular secretory clearance. At ICU admission, the mean age was 55 ± 16 years; 45% required mechanical ventilation; and the mean serum creatinine concentration was 1.1 mg/dL. COVID-19 was associated with a 70% greater occurrence of MAKE (relative risk 1.70; 95% CI, 1.05-2.74) and a 741% greater occurrence of KRT (relative risk 7.41; 95% CI, 1.69-32.41). The biomarker cohort had a median of three follow-up measurements. Urine EGF, secretory clearance ratios, and estimated glomerular filtration rate (eGFR) increased over time in the COVID-19 negative group but remained unchanged in the COVID-19 positive group. In contrast, urine KIM-1 concentrations did not significantly change over the course of the study in either group. Among critically ill adults, COVID-19 is associated with a more protracted course of proximal tubular dysfunction and reduced eGFR despite similar degrees of kidney injury.",https://pubmed.ncbi.nlm.nih.gov/38922318/
38879493,2024,AKI-Pro score for predicting progression to severe acute kidney injury or death in patients with early acute kidney injury after cardiac surgery.,Su Y; Wang P; Hu Y; Liu WJ; Zhang YJ; Chen JQ; Deng YZ; Lin S; Qiu Y; Li JK; Chen C; Tu GW; Luo Z,Journal of translational medicine,10.1186/s12967-024-05279-4,"Journal Article; Research Support, Non-U.S. Gov't",eng,"No reliable clinical tools exist to predict acute kidney injury (AKI) progression. We aim to explore a scoring system for predicting the composite outcome of progression to severe AKI or death within seven days among early AKI patients after cardiac surgery. In this study, we used two independent cohorts, and patients who experienced mild/moderate AKI within 48 h after cardiac surgery were enrolled. Eventually, 3188 patients from the MIMIC-IV database were used as the derivation cohort, while 499 patients from the Zhongshan cohort were used as external validation. The primary outcome was defined by the composite outcome of progression to severe AKI or death within seven days after enrollment. The variables identified by LASSO regression analysis were entered into logistic regression models and were used to construct the risk score. The composite outcome accounted for 3.7% (n = 119) and 7.6% (n = 38) of the derivation and validation cohorts, respectively. Six predictors were assembled into a risk score (AKI-Pro score), including female, baseline eGFR, aortic surgery, modified furosemide responsiveness index (mFRI), SOFA, and AKI stage. And we stratified the risk score into four groups: low, moderate, high, and very high risk. The risk score displayed satisfied predictive discrimination and calibration in the derivation and validation cohort. The AKI-Pro score discriminated the composite outcome better than CRATE score, Cleveland score, AKICS score, Simplified renal index, and SRI risk score (all P < 0.05). The AKI-Pro score is a new clinical tool that could assist clinicians to identify early AKI patients at high risk for AKI progression or death.",https://pubmed.ncbi.nlm.nih.gov/38879493/
38842613,2024,Trajectory pattern of serially measured acute kidney injury biomarkers in critically ill patients: a prospective observational study.,Horie R; Hayase N; Asada T; Yamamoto M; Matsubara T; Doi K,Annals of intensive care,10.1186/s13613-024-01328-9,Journal Article,eng,"The clinical value of the trajectory of temporal changes in acute kidney injury (AKI) biomarkers has not been well established among intensive care unit (ICU) patients. This is a single-center, prospective observational study, performed at a mixed ICU in a teaching medical institute in Tokyo, Japan. Adult ICU patients with an arterial line and urethral catheter were enrolled from September 2014 to March 2015. Patients who stayed in the ICU for less than 48 h and patients with known end-stage renal disease were excluded from the study. Blood and urine samples were collected for measurement of AKI biomarkers at 0, 12, 24, and 48 h after ICU admission. The primary outcome was major adverse kidney events (MAKE) at discharge, defined as a composite of death, dialysis dependency, and persistent loss of kidney function (≥ 25% decline in eGFR). The study included 156 patients. Serum creatinine-based estimated glomerular filtration rate (eGFR), plasma neutrophil gelatinase-associated lipocalin (NGAL), and urinary liver-type fatty acid-binding protein (uL-FABP) were serially measured and each variable was classified into three groups based on group-based trajectory modeling analysis. While the trajectory curves moved parallel to each other (i.e., ""low,"" ""middle,"" and ""high"") for eGFR and plasma NGAL, the uL-FABP curves showed distinct trajectory patterns and moved in different directions (""low and constant,"" ""high and exponential decrease,"" and ""high and exponential increase""). These trajectory patterns were significantly associated with MAKE. MAKE occurred in 16 (18%), 16 (40%), and 9 (100%) patients in the ""low and constant,"" ""high and exponential decrease,"" and ""high and exponential increase"" groups, respectively, based on uL-FABP levels (p-value < 0.001). The initial value and the 12-h change in uL-FABP were both significantly associated with MAKE, even after adjusting for eGFR [Odds ratio (95% confidence interval): 1.45 (1.17-1.83) and 1.43 (1.12-1.88) for increase of initial value and 12-h change of log-transformed uL-FABP by 1 point, respectively]. Trajectory pattern of serially measured urinary L-FABP was significantly associated with MAKE in ICU patients.",https://pubmed.ncbi.nlm.nih.gov/38842613/
38812006,2024,Biological basis of critical illness subclasses: from the bedside to the bench and back again.,Stevens J; Tezel O; Bonnefil V; Hapstack M; Atreya MR,"Critical care (London, England)",10.1186/s13054-024-04959-3,Journal Article; Review,eng,"Critical illness syndromes including sepsis, acute respiratory distress syndrome, and acute kidney injury (AKI) are associated with high in-hospital mortality and long-term adverse health outcomes among survivors. Despite advancements in care, clinical and biological heterogeneity among patients continues to hamper identification of efficacious therapies. Precision medicine offers hope by identifying patient subclasses based on clinical, laboratory, biomarker and 'omic' data and potentially facilitating better alignment of interventions. Within the previous two decades, numerous studies have made strides in identifying gene-expression based endotypes and clinico-biomarker based phenotypes among critically ill patients associated with differential outcomes and responses to treatment. In this state-of-the-art review, we summarize the biological similarities and differences across the various subclassification schemes among critically ill patients. In addition, we highlight current translational gaps, the need for advanced scientific tools, human-relevant disease models, to gain a comprehensive understanding of the molecular mechanisms underlying critical illness subclasses.",https://pubmed.ncbi.nlm.nih.gov/38812006/
38803503,2024,Cell-free DNA in patients with sepsis: long term trajectory and association with 28-day mortality and sepsis-associated acute kidney injury.,Dennhardt S; Ceanga IA; Baumbach P; Amiratashani M; Kröller S; Coldewey SM,Frontiers in immunology,10.3389/fimmu.2024.1382003,Journal Article,eng,"Outcome-prediction in patients with sepsis is challenging and currently relies on the serial measurement of many parameters. Standard diagnostic tools, such as serum creatinine (SCr), lack sensitivity and specificity for acute kidney injury (AKI). Circulating cell-free DNA (cfDNA), which can be obtained from liquid biopsies, can potentially contribute to the quantification of tissue damage and the prediction of sepsis mortality and sepsis-associated AKI (SA-AKI). We investigated the clinical significance of cfDNA levels as a predictor of 28-day mortality, the occurrence of SA-AKI and the initiation of renal replacement therapy (RRT) in patients with sepsis. Furthermore, we investigated the long-term course of cfDNA levels in sepsis survivors at 6 and 12 months after sepsis onset. Specifically, we measured mitochondrial DNA (mitochondrially encoded NADH-ubiquinone oxidoreductase chain 1, mt-ND1, and mitochondrially encoded cytochrome C oxidase subunit III, mt-CO3) and nuclear DNA (nuclear ribosomal protein S18, n-Rps18) in 81 healthy controls and all available samples of 150 intensive care unit patients with sepsis obtained at 3 ± 1 days, 7 ± 1 days, 6 ± 2 months and 12 ± 2 months after sepsis onset. Our analysis revealed that, at day 3, patients with sepsis had elevated levels of cfDNA (mt-ND1, and n-Rps18, all p<0.001) which decreased after the acute phase of sepsis. 28-day non-survivors of sepsis (16%) had higher levels of cfDNA (all p<0.05) compared with 28-day survivors (84%). Patients with SA-AKI had higher levels of cfDNA compared to patients without AKI (all p<0.05). Cell-free DNA was also significantly increased in patients requiring RRT (all p<0.05). All parameters improved the AUC for SCr in predicting RRT (AUC=0.88) as well as APACHE II in predicting mortality (AUC=0.86). In summary, cfDNA could potentially improve risk prediction models for mortality, SA-AKI and RRT in patients with sepsis. The predictive value of cfDNA, even with a single measurement at the onset of sepsis, could offer a significant advantage over conventional diagnostic methods that require repeated measurements or a baseline value for risk assessment. Considering that our data show that cfDNA levels decrease after the first insult, future studies could investigate cfDNA as a ""memoryless"" marker and thus bring further innovation to the complex field of SA-AKI diagnostics.",https://pubmed.ncbi.nlm.nih.gov/38803503/
38779751,2024,Myeloid-specific ferritin light chain deletion does not exacerbate sepsis-associated AKI.,Odum JD; Akhter J; Verma V; Vollmer G; Davidson A; Hyndman KA; Bolisetty S,American journal of physiology. Renal physiology,10.1152/ajprenal.00043.2024,"Journal Article; Research Support, Non-U.S. Gov't; Research Support, N.I.H., Extramural",eng,"Sepsis-associated acute kidney injury (SA-AKI) is a key contributor to the life-threatening sequelae attributed to sepsis. Mechanistically, SA-AKI is a consequence of unabated myeloid cell activation and oxidative stress that induces tubular injury. Iron mediates inflammatory pathways directly and through regulating the expression of myeloid-derived ferritin, an iron storage protein comprising ferritin light (FtL) and ferritin heavy chain (FtH) subunits. Previous work revealed that myeloid FtH deletion leads to a compensatory increase in intracellular and circulating FtL and is associated with amelioration of SA-AKI. We designed this study to test the hypothesis that loss of myeloid FtL and subsequently, circulating FtL will exacerbate the sepsis-induced inflammatory response and worsen SA-AKI. We generated a novel myeloid-specific FtL knockout mouse (FtLLysM-/-) and induced sepsis via cecal ligation and puncture or lipopolysaccharide endotoxemia. As expected, serum ferritin levels were significantly lower in the knockout mice, suggesting that myeloid cells dominantly contribute to circulating ferritin. Interestingly, although sepsis induction led to a marked production of pro- and anti-inflammatory cytokines, there was no statistical difference between the genotypes. There was a similar loss of kidney function, as evidenced by a rise in serum creatinine and cystatin C and renal injury identified by expression of kidney injury molecule-1 and neutrophil gelatinase-associated lipocalin. Finally, RNA sequencing revealed upregulation of pathways for cell cycle arrest and autophagy postsepsis, but no significant differences were observed between genotypes, including in key genes associated with ferroptosis, an iron-mediated form of cell death. The loss of FtL did not impact sepsis-mediated activation of NF-κB or HIF-1a signaling, key inflammatory pathways associated with dysregulated host response. Taken together, while FtL overexpression was shown to be protective against sepsis, the loss of FtL did not influence sepsis pathogenesis.NEW & NOTEWORTHY Hyperferritinemia in sepsis is often associated with a proinflammatory phenotype and poor prognosis. We previously showed the myeloid deletion of FtH results in a compensatory increase in FtL and is associated with reduced circulating cytokines and decreased rates of SA-AKI in animal sepsis models. Here, we show that myeloid deletion of FtL does not impact the severity of SA-AKI following CLP or LPS, suggesting that FtH plays the predominant role in propagating myeloid-induced proinflammatory pathways.",https://pubmed.ncbi.nlm.nih.gov/38779751/
38730421,2024,Machine learning derived serum creatinine trajectories in acute kidney injury in critically ill patients with sepsis.,Takkavatakarn K; Oh W; Chan L; Hofer I; Shawwa K; Kraft M; Shah N; Kohli-Seth R; Nadkarni GN; Sakhuja A,"Critical care (London, England)",10.1186/s13054-024-04935-x,"Journal Article; Research Support, N.I.H., Extramural; Research Support, Non-U.S. Gov't",eng,"Current classification for acute kidney injury (AKI) in critically ill patients with sepsis relies only on its severity-measured by maximum creatinine which overlooks inherent complexities and longitudinal evaluation of this heterogenous syndrome. The role of classification of AKI based on early creatinine trajectories is unclear. This retrospective study identified patients with Sepsis-3 who developed AKI within 48-h of intensive care unit admission using Medical Information Mart for Intensive Care-IV database. We used latent class mixed modelling to identify early creatinine trajectory-based classes of AKI in critically ill patients with sepsis. Our primary outcome was development of acute kidney disease (AKD). Secondary outcomes were composite of AKD or all-cause in-hospital mortality by day 7, and AKD or all-cause in-hospital mortality by hospital discharge. We used multivariable regression to assess impact of creatinine trajectory-based classification on outcomes, and eICU database for external validation. Among 4197 patients with AKI in critically ill patients with sepsis, we identified eight creatinine trajectory-based classes with distinct characteristics. Compared to the class with transient AKI, the class that showed severe AKI with mild improvement but persistence had highest adjusted risks for developing AKD (OR 5.16; 95% CI 2.87-9.24) and composite 7-day outcome (HR 4.51; 95% CI 2.69-7.56). The class that demonstrated late mild AKI with persistence and worsening had highest risks for developing composite hospital discharge outcome (HR 2.04; 95% CI 1.41-2.94). These associations were similar on external validation. These 8 classes of AKI in critically ill patients with sepsis, stratified by early creatinine trajectories, were good predictors for key outcomes in patients with AKI in critically ill patients with sepsis independent of their AKI staging.",https://pubmed.ncbi.nlm.nih.gov/38730421/
38711780,2024,COVID-19 with high-sensitivity CRP associated with worse dynamic clinical parameters and outcomes.,Iam-Arunthai K; Chamnanchanunt S; Thungthong P; Chinapha A; Nakhahes C; Suwanban T; Umemura T,Frontiers in medicine,10.3389/fmed.2024.1346646,Journal Article,eng,"This study aimed to evaluate the relationship between high-sensitivity C-reactive protein (hsCRP) in hospitalized COVID-19 patients and their clinical outcomes, including trajectory of hsCRP changes during hospitalization. Patients with positive COVID-19 tests between 2021 and 2023 were admitted to two hospitals. Among 184 adult patients, approximately half (47.3%) had elevated hsCRP levels upon admission, which defined as exceeding the laboratory-specific upper limit of test (> 5.0 mg/L). Clinical outcomes included critical illness, acute kidney injury, thrombotic events, intensive care unit (ICU) requirement, and death during hospitalization. Elevated hsCRP levels had a higher risk of ICU requirement than those with normal, 39.1% versus 16.5%; adjusted odds ratio (aOR), 2.3 [95% CI, 1.05-5.01]; p = 0.036. Patients with extremely high (≥2 times) hsCRP levels had aOR, 2.65 [95% CI, 1.09-6.45]; p < 0.001. On the fifth day hospitalization, patients with high hsCRP levels associated with acute kidney injury (aOR, 4.13 [95% CI, 1.30-13.08]; p = 0.016), ICU requirement (aOR, 2.67 [95%CI, 1.02-6.99]; p = 0.044), or death (aOR, 4.24 [95% CI, 1.38-12.99]; p = 0.011). The likelihood of worse clinical outcomes increased as hsCRP levels rose; patients with elevated hsCRP had lower overall survival rate than those with normal (p = 0.02). The subset of high hsCRP patients with high viral load also had a shorter half-life compared to those with normal hsCRP level (p = 0.003). Elevated hsCRP levels were found to be a significant predictor of ICU requirement, acute kidney injury, or death within 5 days after hospitalization in COVID-19 patients. This emphasized the importance of providing more intensive care management to patients with elevated hsCRP.",https://pubmed.ncbi.nlm.nih.gov/38711780/
38698368,2024,Association between serum sodium trajectory and mortality in patients with acute kidney injury: a retrospective cohort study.,Huang S; Li X; Chen B; Zhong Y; Li Y; Huang T,BMC nephrology,10.1186/s12882-024-03586-y,"Journal Article; Research Support, Non-U.S. Gov't",eng,"Dysnatremia is strongly associated with poor prognosis in acute kidney injury (AKI); however, the impact of sodium trajectories on the prognosis of patients with AKI has not yet been well elucidated. This study aimed to assess the association between sodium trajectories in patients with AKI and mortality at 30-day and 1-year follow-up. This retrospective cohort study used data from Medical Information Mart for Intensive Care (MIMIC)-IV database, and patients diagnosed with AKI within 48 h after admission were enrolled. Group-based trajectory models (GBTM) were applied to map the developmental course of the serum sodium fluctuations. Kaplan-Meier survival curve was used to compare differences in mortality in AKI patients with distinct serum sodium trajectories. Hazard ratios (HRs) were calculated to determine the association between trajectories and prognosis using Cox proportional hazard models. A total of 9,314 AKI patients were enrolled. Three distinct sodium trajectories were identified including: (i) stable group (ST, in which the serum sodium levels remained relatively stable, n = 4,935; 53.0%), (ii) descending group (DS, in which the serum sodium levels declined, n = 2,994; 32.15%) and (iii) ascending group (AS, in which the serum sodium levels were elevated, n = 1,383; 14.85%). There was no significant difference in age and gender distribution among the groups. The 30-day mortality rates were 7.9% in ST, 9.5% in DS and 16.6% in AS (p < 0.001). The results of 1-year mortality rates were similar (p < 0.001). In adjusted analysis, patients in the DS (HR = 1.22, 95% confidence interval [CI], 1.04-1.43, p = 0.015) and AS (HR = 1.68, 95% CI, 1.42-2.01, p = 0.013) groups had higher risks of 30-day mortality compared to those in the ST group. In patients with AKI, the serum sodium trajectories were independently associated with 30-day and 1-year mortality. Association between serum sodium level trajectories and prognosis in patients with AKI deserve further study.",https://pubmed.ncbi.nlm.nih.gov/38698368/
38687499,2024,From ICU Syndromes to ICU Subphenotypes: Consensus Report and Recommendations for Developing Precision Medicine in the ICU.,Gordon AC; Alipanah-Lechner N; Bos LD; Dianti J; Diaz JV; Finfer S; Fujii T; Giamarellos-Bourboulis EJ; Goligher EC; Gong MN; Karakike E; Liu VX; Lumlertgul N; Marshall JC; Menon DK; Meyer NJ; Munroe ES; Myatra SN; Ostermann M; Prescott HC; Randolph AG; Schenck EJ; Seymour CW; Shankar-Hari M; Singer M; Smit MR; Tanaka A; Taccone FS; Thompson BT; Torres LK; van der Poll T; Vincent JL; Calfee CS,American journal of respiratory and critical care medicine,10.1164/rccm.202311-2086SO,Journal Article; Review; Consensus Statement,eng,"Critical care uses syndromic definitions to describe patient groups for clinical practice and research. There is growing recognition that a ""precision medicine"" approach is required and that integrated biologic and physiologic data identify reproducible subpopulations that may respond differently to treatment. This article reviews the current state of the field and considers how to successfully transition to a precision medicine approach. To impact clinical care, identification of subpopulations must do more than differentiate prognosis. It must differentiate response to treatment, ideally by defining subgroups with distinct functional or pathobiological mechanisms (endotypes). There are now multiple examples of reproducible subpopulations of sepsis, acute respiratory distress syndrome, and acute kidney or brain injury described using clinical, physiological, and/or biological data. Many of these subpopulations have demonstrated the potential to define differential treatment response, largely in retrospective studies, and that the same treatment-responsive subpopulations may cross multiple clinical syndromes (treatable traits). To bring about a change in clinical practice, a precision medicine approach must be evaluated in prospective clinical studies requiring novel adaptive trial designs. Several such studies are underway, but there are multiple challenges to be tackled. Such subpopulations must be readily identifiable and be applicable to all critically ill populations around the world. Subdividing clinical syndromes into subpopulations will require large patient numbers. Global collaboration of investigators, clinicians, industry, and patients over many years will therefore be required to transition to a precision medicine approach and ultimately realize treatment advances seen in other medical fields.",https://pubmed.ncbi.nlm.nih.gov/38687499/
38683229,2024,"[Recent developments in acute kidney injury : Definition, biomarkers, subphenotypes, and management].",Mayerhöfer T; Perschinka F; Joannidis M,"Medizinische Klinik, Intensivmedizin und Notfallmedizin",10.1007/s00063-024-01142-y,Journal Article; Review,ger,"Acute kidney injury (AKI) is a common problem in critically ill patients and is associated with increased morbidity and mortality. Since 2012, AKI has been defined according to the KDIGO (Kidney Disease Improving Global Outcome) guidelines. As some biomarkers are now available that can provide useful clinical information, a new definition including a new stage 1S has been proposed by an expert group of the Acute Disease Quality Initiative (ADQI). At this stage, classic AKI criteria are not yet met, but biomarkers are already positive defining subclinical AKI. This stage 1S is associated with a worse patient outcome, regardless of the biomarker chosen. The PrevAKI and PrevAKI-Multicenter trial also showed that risk stratification with a biomarker and implementation of the KDIGO bundle (in the high-risk group) can reduce the rate of moderate and severe AKI. In the absence of a successful clinical trial, conservative management remains the primary focus of treatment. This mainly involves optimization of hemodynamics and an individualized (restrictive) fluid management. The STARRT-AKI trial has shown that there is no benefit from accelerated initiation of renal replacement therapy. However, delaying too long might be associated with potential harm, as shown in the AKIKI2 study. Prospective studies are needed to determine whether artificial intelligence will play a role in AKI in the future, helping to guide treatment decisions and improve outcomes.",https://pubmed.ncbi.nlm.nih.gov/38683229/
38636476,2024,CCL14 Predicts Oliguria and Dialysis Requirement in Patients with Moderate to Severe Acute Kidney Injury.,Demirjian S; Chawla L; Davison D; Forni LG; Heung M; Hoste EAJ; Koyner J; Kampf JP; Kwan T; McPherson P; Kellum JA,Blood purification,10.1159/000538898,Journal Article,eng,"AKI is a frequent complication of critical illness and portends poor outcome. CCL14 is a validated predictor of persistent severe AKI in critically ill patients. We examined the association of CCL14 with urine output within 48 h. In pooled data from 2 studies of critically ill patients with KDIGO stage 2-3 AKI, CCL14 was measured by NEPHROCLEAR™ CCL14 Test on the Astute 140® Meter (low, intermediate, and high categories [1.3 and 13 ng/mL]). Average hourly urine output over 48 h, stage 3 AKI per urine output criterion on day 2, and composite of dialysis or death within 7 days were examined using multivariable mixed and logistic regression models. Of the 497 subjects with median age of 65 (56-74) years, 49% (242/497) were on diuretics. CCL14 concentration was low in 219 (44%), intermediate in 217 (44%), and high in 61 (12%) patients. In mixed regression analysis, hourly urine output over time was different within each CCL14 risk category based on diuretic use due to significant three-way interaction (p &lt; 0.001). In logistic regression analysis, CCL14 risk category was independently associated with low urine output on day 2 per KDIGO stage 3 (adjusted for diuretic use and baseline clinical variables), and composite of dialysis or death within 7 days (adjusted for urine output within 48 h of CCL14 measurement). CCL14 measured in patients with moderate to severe AKI is associated with urine output trajectory within 48 h, oliguria on day 2, and dialysis within 7 days.",https://pubmed.ncbi.nlm.nih.gov/38636476/
38621759,2024,Hemoadsorption: consensus report of the 30th Acute Disease Quality Initiative workgroup.,Bellomo R; Ankawi G; Bagshaw SM; Baldwin I; Basu R; Bottari G; Cantaluppi V; Clark W; De Rosa S; Forni LG; Fuhrman D; Goldstein S; Gomez H; Husain-Syed F; Joannidis M; Kashani K; Lorenzin A; Mehta R; Murray PT; Murugan R; Ostermann M; Pannu N; Premuzic V; Prowle J; Reis T; Rimmelé T; Ronco C; Rosner M; Schneider A; See E; Soranno D; Villa G; Whaley-Connell A; Zarbock A,"Nephrology, dialysis, transplantation : official publication of the European Dialysis and Transplant Association - European Renal Association",10.1093/ndt/gfae089,Journal Article; Review; Consensus Statement,eng,"Adsorption-based extracorporeal therapies have been subject to technical developments and clinical application for close to five decades. More recently, new technological developments in membrane and sorbent manipulation have made it possible to deliver more biocompatible extracorporeal adsorption therapies to patients with a variety of conditions. There are several key rationales based on physicochemical principles and clinical considerations that justify the application and investigation of such therapies as evidenced by multiple ex vivo, experimental and clinical observations. Accordingly, unspecific adsorptive extracorporeal therapies have now been applied to the treatment of a wide array of conditions from poisoning to drug overdoses, to inflammatory states and sepsis, and acute or chronic liver and kidney failure. In response to the rapidly expanding knowledge base and increased clinical evidence, we convened an Acute Disease Quality Initiative consensus conference dedicated to such treatment. The data show that hemoadsorption has clinically acceptable short-term biocompatibility and safety, technical feasibility and experimental demonstration of specified target molecule removal. Pilot studies demonstrate potentially beneficial effects on physiology and larger studies of endotoxin-based hemoadsorption have identified possible target phenotypes for larger randomized controlled trials. Moreover, in a variety of endogenous and exogenous intoxications, removal of target molecules has been confirmed in vivo. However, some studies have raised concerns about harm, or failed to deliver benefits. Thus, despite many achievements, modern hemoadsorption remains a novel and experimental intervention with limited data, and a large research agenda.",https://pubmed.ncbi.nlm.nih.gov/38621759/
38600110,2024,Identifying acute illness phenotypes via deep temporal interpolation and clustering network on physiologic signatures.,Ren Y; Li Y; Loftus TJ; Balch J; Abbott KL; Ruppert MM; Guan Z; Shickel B; Rashidi P; Ozrazgat-Baslanti T; Bihorac A,Scientific reports,10.1038/s41598-024-59047-x,Journal Article,eng,"Using clustering analysis for early vital signs, unique patient phenotypes with distinct pathophysiological signatures and clinical outcomes may be revealed and support early clinical decision-making. Phenotyping using early vital signs has proven challenging, as vital signs are typically sampled sporadically. We proposed a novel, deep temporal interpolation and clustering network to simultaneously extract latent representations from irregularly sampled vital signs and derive phenotypes. Four distinct clusters were identified. Phenotype A (18%) had the greatest prevalence of comorbid disease with increased prevalence of prolonged respiratory insufficiency, acute kidney injury, sepsis, and long-term (3-year) mortality. Phenotypes B (33%) and C (31%) had a diffuse pattern of mild organ dysfunction. Phenotype B's favorable short-term clinical outcomes were tempered by the second highest rate of long-term mortality. Phenotype C had favorable clinical outcomes. Phenotype D (17%) exhibited early and persistent hypotension, high incidence of early surgery, and substantial biomarker incidence of inflammation. Despite early and severe illness, phenotype D had the second lowest long-term mortality. After comparing the sequential organ failure assessment scores, the clustering results did not simply provide a recapitulation of previous acuity assessments. This tool may impact triage decisions and have significant implications for clinical decision-support under time constraints and uncertainty.",https://pubmed.ncbi.nlm.nih.gov/38600110/
38587575,2024,Influence of fluid accumulation on major adverse kidney events in critically ill patients - an observational cohort study.,Hofer DM; Ruzzante L; Waskowski J; Messmer AS; Pfortmueller CA,Annals of intensive care,10.1186/s13613-024-01281-7,Journal Article,eng,"Fluid accumulation (FA) is known to be associated with acute kidney injury (AKI) during intensive care unit (ICU) stay but data on mid-term renal outcome is scarce. The aim of this study was to investigate the association between FA at ICU day 3 and major adverse kidney events in the first 30 days after ICU admission (MAKE30). Retrospective, single-center cohort study including adult ICU patients with sufficient data to compute FA and MAKE30. We defined FA as a positive cumulative fluid balance greater than 5% of bodyweight. The association between FA and MAKE30, including its sub-components, as well as the serum creatinine trajectories during ICU stay were examined. In addition, we performed a sensitivity analysis for the stage of AKI and the presence of chronic kidney disease (CKD). Out of 13,326 included patients, 1,100 (8.3%) met the FA definition. FA at ICU day 3 was significantly associated with MAKE30 (adjusted odds ratio [aOR] 1.96; 95% confidence interval [CI] 1.67-2.30; p < 0.001) and all sub-components: need for renal replacement therapy (aOR 3.83; 95%CI 3.02-4.84), persistent renal dysfunction (aOR 1.72; 95%CI 1.40-2.12), and 30-day mortality (aOR 1.70; 95%CI 1.38-2.09), p all < 0.001. The sensitivity analysis showed an association of FA with MAKE30 independent from a pre-existing CKD, but exclusively in patients with AKI stage 3. Furthermore, FA was independently associated with the creatinine trajectory over the whole observation period. Fluid accumulation is significantly associated with MAKE30 in critically ill patients. This association is independent from pre-existing CKD and strongest in patients with AKI stage 3.",https://pubmed.ncbi.nlm.nih.gov/38587575/
38581927,2024,Biomarkers of acute kidney injury: From discovery to the future of clinical practice.,Strauß C; Booke H; Forni L; Zarbock A,Journal of clinical anesthesia,10.1016/j.jclinane.2024.111458,Journal Article; Review,eng,"Purpose of this review Acute kidney injury (AKI) is a complex syndrome whose development is associated with an increased morbidity and mortality. Recent studies show that this syndrome is a common complication in critically ill and surgical patients the trajectory of which may differ. As AKI can be induced by different triggers, it is complex and therefore challenging to manage patients with AKI. This review strives to provide a brief historical perspective on AKI, elucidate recent developments in diagnosing and managing AKI, and show the current usage of novel biomarkers in both clinical routine and research. In addition, we provide a perspective on potential future developments and their impact of AKI understanding and management. Recent findings/developments Recent studies show the merits of stress and damage biomarkers, highlighting limitations of the current KDIGO definition that only uses the functional biomarkers serum creatinine and urine output. The use of novel biomarkers led to the introduction of the concept of ""subclinical AKI"". This new classification may allow a more distinct management of affected or at risk patients. Ongoing studies, such as BigpAK-2 and PrevProgAKI, investigate the implementation of biomarker-guided interventions in clinical practice and may demonstrate an improvement in patients' outcome. Summary The ongoing scientific efforts surrounding AKI have deepened our understanding of the syndrome prompting an expansion of existing concepts. A future integration of stress and damage biomarkers in AKI management, may lead to an individualized therapy in this area.",https://pubmed.ncbi.nlm.nih.gov/38581927/
38577538,2024,Comparison of fungal vs bacterial infections in the medical intensive liver unit: Cause or corollary for high mortality?,Khan S; Hong H; Bass S; Wang Y; Wang XF; Sims OT; Koval CE; Kapoor A; Lindenmeyer CC,World journal of hepatology,10.4254/wjh.v16.i3.379,Journal Article,eng,"Due to development of an immune-dysregulated phenotype, advanced liver disease in all forms predisposes patients to sepsis acquisition, including by opportunistic pathogens such as fungi. Little data exists on fungal infection within a medical intensive liver unit (MILU), particularly in relation to acute on chronic liver failure. To investigate the impact of fungal infections among critically ill patients with advanced liver disease, and compare outcomes to those of patients with bacterial infections. From our prospective registry of MILU patients from 2018-2022, we included 27 patients with culture-positive fungal infections and 183 with bacterial infections. We compared outcomes between patients admitted to the MILU with fungal infections to bacterial counterparts. Data was extracted through chart review. All fungal infections were due to Candida species, and were most frequently blood isolates. Mortality among patients with fungal infections was significantly worse relative to the bacterial cohort (93% vs 52%, P < 0.001). The majority of the fungal cohort developed grade 2 or 3 acute on chronic liver failure (ACLF) (90% vs 64%, P = 0.02). Patients in the fungal cohort had increased use of vasopressors (96% vs 70%, P = 0.04), mechanical ventilation (96% vs 65%, P < 0.001), and dialysis due to acute kidney injury (78% vs 52%, P = 0.014). On MILU admission, the fungal cohort had significantly higher Acute Physiology and Chronic Health Evaluation (108 vs 91, P = 0.003), Acute Physiology Score (86 vs 65, P = 0.003), and Model for End-Stage Liver Disease-Sodium scores (86 vs 65, P = 0.041). There was no significant difference in the rate of central line use preceding culture (52% vs 40%, P = 0.2). Patients with fungal infection had higher rate of transplant hold placement, and lower rates of transplant; however, differences did not achieve statistical significance. Mortality was worse among patients with fungal infections, likely attributable to severe ACLF development. Prospective studies examining empiric antifungals in severe ACLF and associations between fungal infections and transplant outcomes are critical.",https://pubmed.ncbi.nlm.nih.gov/38577538/
38541160,2024,Sepsis-Associated Acute Kidney Injury: Where Are We Now?,Kounatidis D; Vallianou NG; Psallida S; Panagopoulos F; Margellou E; Tsilingiris D; Karampela I; Stratigou T; Dalamaga M,"Medicina (Kaunas, Lithuania)",10.3390/medicina60030434,Journal Article; Review,eng,"Worldwide, sepsis is a well-recognized cause of death. Acute kidney injury (AKI) may be related to sepsis in up to 70% of AKI cases. Sepsis-associated AKI (SA-AKI) is defined as the presence of AKI according to the Kidney Disease: Improving Global Outcomes criteria in the context of sepsis. SA-AKI is categorized into early, which presents during the first 48 h of sepsis, and late, presenting between 48 h and 7 days of sepsis. SA-AKI is associated with a worse prognosis among patients with sepsis. However, there are different SA-AKI phenotypes as well as different pathophysiological pathways of SA-AKI. The aim of this review is to provide an updated synopsis of the pathogenetic mechanisms underlying the development of SA-AKI as well as to analyze its different phenotypes and prognosis. In addition, potential novel diagnostic and prognostic biomarkers as well as therapeutic approaches are discussed. A plethora of mechanisms are implicated in the pathogenesis of SA-AKI, including inflammation and metabolic reprogramming during sepsis; various types of cell death such as apoptosis, necroptosis, pyroptosis and ferroptosis; autophagy and efferocytosis; and hemodynamic changes (macrovascular and microvascular dysfunction). Apart from urine output and serum creatinine levels, which have been incorporated in the definition of AKI, several serum and urinary diagnostic and prognostic biomarkers have also been developed, comprising, among others, interleukins 6, 8 and 18, osteoprotegerin, galectin-3, presepsin, cystatin C, NGAL, proenkephalin A, CCL-14, TIMP-2 and L-FABP as well as biomarkers stemming from multi-omics technologies and machine learning algorithms. Interestingly, the presence of long non-coding RNAs (lncRNAs) as well as microRNAs (miRNAs), such as PlncRNA-1, miR-22-3p, miR-526b, LncRNA NKILA, miR-140-5p and miR-214, which are implicated in the pathogenesis of SA-AKI, may also serve as potential therapeutic targets. The combination of omics technologies represents an innovative holistic approach toward providing a more integrated view of the molecular and physiological events underlying SA-AKI as well as for deciphering unique and specific phenotypes. Although more evidence is still necessary, it is expected that the incorporation of integrative omics may be useful not only for the early diagnosis and risk prognosis of SA-AKI, but also for the development of potential therapeutic targets that could revolutionize the management of SA-AKI in a personalized manner.",https://pubmed.ncbi.nlm.nih.gov/38541160/
38517247,2024,EARLY TRAJECTORY OF VENOUS EXCESS ULTRASOUND SCORE IS ASSOCIATED WITH CLINICAL OUTCOMES OF GENERAL ICU PATIENTS.,Trigkidis KK; Siempos II; Kotanidou A; Zakynthinos S; Routsi C; Kokkoris S,"Shock (Augusta, Ga.)",10.1097/SHK.0000000000002321,Observational Study; Journal Article,eng,"Background: Systemic venous congestion, assessed by the venous excess ultrasound (VExUS) score, has been associated with adverse effects, including acute kidney injury (AKI), in patients with cardiac disease. In general intensive care unit (ICU) patients, the association between VExUS score and outcomes is understudied. We aimed to investigate the association between the trajectory of VExUS score within the first 3 days of ICU admission and the composite clinical outcome of major adverse kidney events within 30 days (MAKE30). Methods: In this prospective observational study, including patients consecutively admitted to the ICU, VExUS score was calculated within 24 h after ICU admission (day 1) and at 48 to 72 h (day 3). D-VExUS was calculated as the difference between the VExUS score on day 3 minus that on day 1. Development of AKI within 7 days and all-cause mortality within 30 days were recorded. Results: A total of 89 patients (62% men; median age, 62 years; median Acute Physiology and Chronic Health Evaluation II score, 24) were included. Sixty (67%) patients developed AKI within 7 days, and 17 (19%) patients died within 30 days after ICU admission. D-VExUS was associated with MAKE30, even after adjustment for confounders (hazard ratio, 2.07; 95% confidence interval, 1.17-3.66; P = 0.01). VExUS scores on days 1 or 3 were not associated with MAKE30. Also, VExUS scores on day 1 or on day 3 and D-VExUS were not associated with development of AKI or mortality. Conclusions: In a general ICU cohort, early trajectory of VExUS score, but not individual VExUS scores at different time points, was associated with the patient-centered MAKE30 outcome. Dynamic changes rather than snapshot measurements may unmask the adverse effects of systemic venous congestion on important clinical outcomes.",https://pubmed.ncbi.nlm.nih.gov/38517247/
38464257,2024,Kidney Outcomes and Trajectories of Tubular Injury and Function in Critically Ill Persons with and without Coronavirus-2019.,Granda ML; Tian F; Zelnick LR; Bhatraju PK; Wurfel MM; Hoofnagle A; Morrell E; Kestenbaum B,Research square,10.21203/rs.3.rs-3974635/v1,Preprint; Journal Article,eng,"Coronavirus disease-2019 (COVID-19) may injure the kidney tubules via activation of inflammatory host responses and/or direct viral infiltration. Most studies of kidney injury in COVID-19 lacked contemporaneous controls or measured kidney biomarkers at a single time point. To better understand mechanisms of AKI in COVID-19, we compared kidney outcomes and trajectories of tubular injury, viability, and function in prospectively enrolled critically ill adults with and without COVID-19. The COVID-19 Host Response and Outcomes (CHROME) study prospectively enrolled patients admitted to intensive care units in Washington state with symptoms of lower respiratory tract infection, determining COVID-19 status by nucleic acid amplification on arrival. We evaluated major adverse kidney events (MAKE) defined as a doubling of serum creatinine, kidney replacement therapy, or death, in 330 patients after inverse probability weighting. In the 181 patients with available biosamples, we determined trajectories of urine kidney injury molecule-1 (KIM-1) and epithelial growth factor (EGF), and urine:plasma ratios of endogenous markers of tubular secretory clearance. At ICU admission, mean age was 55±16 years; 45% required mechanical ventilation; and mean serum creatinine concentration was 1.1 mg/dL. COVID-19 was associated with a 70% greater incidence of MAKE (95% CI 1.05, 2.74) and a 741% greater incidence of KRT (95% CI 1.69, 32.41). The biomarker cohort had a median of three follow-up measurements. Urine EGF, secretory clearance ratios, and eGFR increased over time in the COVID-19 negative group but remained unchanged in the COVID-19 positive group. In contrast, urine KIM-1 concentrations did not significantly change over the course of the study in either group. Among critically ill adults, COVID-19 is associated with a more protracted course of proximal tubular dysfunction.",https://pubmed.ncbi.nlm.nih.gov/38464257/
38462074,2024,Distribution of Acute and Chronic Kidney Disease Across Clinical Phenotypes for Sepsis.,Molinari L; Rio-Pertuz GD; Priyanka P; Smith A; Maggiore JC; Kennedy J; Gomez H; Seymour CW; Kellum JA; ProCESS and ProGReSS-AKI Investigators,Chest,10.1016/j.chest.2024.03.006,Journal Article,eng,"Sepsis is the most common cause of acute kidney injury (AKI) in critically ill patients. Four phenotypes (α, β, γ, δ) for sepsis, which have different outcomes and responses to treatment, were described using routine clinical data in the electronic health record. Do the frequencies of AKI, acute kidney disease (AKD), chronic kidney disease (CKD), and AKI on CKD differ by sepsis phenotype? This was a secondary analysis of a randomized clinical trial of early resuscitation, including patients with septic shock at 31 sites. After excluding patients with end-stage kidney disease and missing data, we determined frequencies of the following clinical outcomes: AKI (defined within 24 h as Kidney Disease: Improving Global Outcomes stages 2 or 3 or stage 1 with tissue inhibitor of metalloproteinases-2 × insulin-like growth factor binding protein 7 value of > 2.0), CKD, and AKD (persistence of AKI at any stage on day 7 after enrollment) across four phenotypes. We performed multivariable logistic regression to assess the risk-adjusted association between development of AKI and AKD and phenotype. Among 1,090 eligible patients, 543 patients (50%) had AKI. Across phenotypes, the frequencies of AKI varied, being highest in the δ and β phenotypes (78% and 71%, respectively) and the lowest in the α phenotype (26%; P < .001). AKD occurred most often in the δ phenotype (41%) and least often in the α phenotype (8%; P < .001). The highest frequencies of CKD and of AKI on CKD were found in the β phenotype (53% and 38% respectively; P < .001 for both). In the multivariable logistic regression models (α phenotype as reference), δ phenotype showed the strongest association with AKI (OR, 12.33; 95% CI, 7.81-19.47; P < .001) and AKD (OR, 9.18; 95% CI, 5.44-15.51; P < .001). The rates of AKI and AKD differed across clinical sepsis phenotypes and are more common among patients with phenotypes β and δ. Phenotype β showed a higher level of underlying CKD that predisposed patients to new AKI. The α and γ phenotypes showed lower frequencies of AKI and less progression to AKD.",https://pubmed.ncbi.nlm.nih.gov/38462074/
38445412,2024,The combination of kidney function variables with cell cycle arrest biomarkers identifies distinct subphenotypes of sepsis-associated acute kidney injury: a post-hoc analysis (the PHENAKI study).,Titeca-Beauport D; Diouf M; Daubin D; Vong LV; Belliard G; Bruel C; Zerbib Y; Vinsonneau C; Klouche K; Maizel J,Renal failure,10.1080/0886022X.2024.2325640,Multicenter Study; Journal Article,eng,"The severity and course of sepsis-associated acute kidney injury (SA-AKI) are correlated with the mortality rate. Early detection of SA-AKI subphenotypes might facilitate the rapid provision of individualized care. In this post-hoc analysis of a multicenter prospective study, we combined conventional kidney function variables with serial measurements of urine (tissue inhibitor of metalloproteinase-2 [TIMP-2])* (insulin-like growth factor-binding protein [IGFBP7]) at 0, 6, 12, and 24 h) and then using an unsupervised hierarchical clustering of principal components (HCPC) approach to identify different phenotypes of SA-AKI. We then compared the subphenotypes with regard to a composite outcome of in-hospital death or the initiation of renal replacement therapy (RRT). We included 184 patients presenting SA-AKI within 6 h of the initiation of catecholamines. Three distinct subphenotypes were identified: subphenotype A (99 patients) was characterized by a normal urine output (UO), a low SCr and a low [TIMP-2]*[IGFBP7] level; subphenotype B (74 patients) was characterized by existing chronic kidney disease (CKD), a higher SCr, a low UO, and an intermediate [TIMP-2]*[IGFBP7] level; and subphenotype C was characterized by very low UO, a very high [TIMP-2]*[IGFBP7] level, and an intermediate SCr level. With subphenotype A as the reference, the adjusted hazard ratio (aHR) [95%CI] for the composite outcome was 3.77 [1.92-7.42] (p < 0.001) for subphenotype B and 4.80 [1.67-13.82] (p = 0.004) for subphenotype C. Combining conventional kidney function variables with urine measurements of [TIMP-2]*[IGFBP7] might help to identify distinct SA-AKI subphenotypes with different short-term courses and survival rates.",https://pubmed.ncbi.nlm.nih.gov/38445412/
38416516,2024,Prediction of successful weaning from renal replacement therapy in critically ill patients based on machine learning.,Liang Q; Xu X; Ding S; Wu J; Huang M,Renal failure,10.1080/0886022X.2024.2319329,Journal Article,eng,"Predicting the successful weaning of acute kidney injury (AKI) patients from renal replacement therapy (RRT) has emerged as a research focus, and we successfully built predictive models for RRT withdrawal in patients with severe AKI by machine learning. This retrospective single-center study utilized data from our general intensive care unit (ICU) Database, focusing on patients diagnosed with severe AKI who underwent RRT. We evaluated RRT weaning success based on patients being free of RRT in the subsequent week and their overall survival. Multiple logistic regression (MLR) and machine learning algorithms were adopted to construct the prediction models. A total of 976 patients were included, with 349 patients successfully weaned off RRT. Longer RRT duration (7.0 vs. 9.6 d, p = 0.002, OR = 0.94), higher serum cystatin C levels (1.2 vs. 3.2 mg/L, p < 0.001, OR = 0.46), and the presence of septic shock (28.1% vs. 41.5%, p < 0.001, OR = 0.63) were associated with reduced likelihood of RRT weaning. Conversely, a positive furosemide stress test (FST) (60.2% vs. 40.7%, p < 0.001, OR = 2.75) and higher total urine volume 3 d before RRT withdrawal (755 vs. 125 mL/d, p < 0.001, OR = 2.12) were associated with an increased likelihood of successful weaning from RRT. Next, we demonstrated that machine learning models, especially Random Forest and XGBoost, achieving an AUROC of 0.95. The XGBoost model exhibited superior accuracy, yielding an AUROC of 0.849. High-risk factors for unsuccessful RRT weaning in severe AKI patients include prolonged RRT duration. Machine learning prediction models, when compared to models based on multivariate logistic regression using these indicators, offer distinct advantages in predictive accuracy.",https://pubmed.ncbi.nlm.nih.gov/38416516/
38411015,2024,Enhanced STAT3/PIK3R1/mTOR signaling triggers tubular cell inflammation and apoptosis in septic-induced acute kidney injury: implications for therapeutic intervention.,Fu Y; Xiang Y; Zha J; Chen G; Dong Z,"Clinical science (London, England : 1979)",10.1042/CS20240059,"Journal Article; Research Support, Non-U.S. Gov't",eng,"Septic acute kidney injury (AKI) is a severe form of renal dysfunction associated with high morbidity and mortality rates. However, the pathophysiological mechanisms underlying septic AKI remain incompletely understood. Herein, we investigated the signaling pathways involved in septic AKI using the mouse models of lipopolysaccharide (LPS) treatment and cecal ligation and puncture (CLP). In these models, renal inflammation and tubular cell apoptosis were accompanied by the aberrant activation of the mechanistic target of rapamycin (mTOR) and the signal transducer and activator of transcription 3 (STAT3) signaling pathways. Pharmacological inhibition of either mTOR or STAT3 significantly improved renal function and reduced apoptosis and inflammation. Interestingly, inhibition of STAT3 with pharmacological inhibitors or small interfering RNA blocked LPS-induced mTOR activation in renal tubular cells, indicating a role of STAT3 in mTOR activation. Moreover, knockdown of STAT3 reduced the expression of the phosphoinositide-3-kinase regulatory subunit 1 (PIK3R1/p85α), a key subunit of the phosphatidylinositol 3-kinase for AKT and mTOR activation. Chromatin immunoprecipitation assay also proved the binding of STAT3 to PIK3R1 gene promoter in LPS-treated kidney tubular cells. In addition, knockdown of PIK3R1 suppressed mTOR activation during LPS treatment. These findings highlight the dysregulation of mTOR and STAT3 pathways as critical mechanisms underlying the inflammatory and apoptotic phenotypes observed in renal tubular cells during septic AKI, suggesting the STAT3/ PIK3R1/mTOR pathway as a therapeutic target of septic AKI.",https://pubmed.ncbi.nlm.nih.gov/38411015/
38373981,2024,Phenotype-specific therapeutic efficacy of ilofotase alfa in patients with sepsis-associated acute kidney injury.,Bruse N; Pardali K; Kraan M; Kox M; Pickkers P; REVIVAL investigators,"Critical care (London, England)",10.1186/s13054-024-04837-y,Clinical Trial; Journal Article,eng,"There is no effective treatment for sepsis-associated acute kidney injury (SA-AKI). Ilofotase alfa (human recombinant alkaline phosphatase) has been shown to exert reno-protective properties, although it remains unclear which patients might be most likely to benefit. We aimed to identify a clinical phenotype associated with ilofotase alfa's therapeutic efficacy. Data from 570 out of 650 patients enrolled in the REVIVAL trial were used in a stepwise machine learning approach. First, clinical variables with increasing or decreasing risk ratios for ilofotase alfa treatment across quartiles for the main secondary endpoint, Major Adverse Kidney Events up to day 90 (MAKE90), were selected. Second, linear regression analysis was used to determine the therapeutic effect size. Finally, the top-15 variables were used in different clustering analyses with consensus assessment. The optimal clustering model comprised two phenotypes. Phenotype 1 displayed relatively lower disease severity scores, and less pronounced renal and pulmonary dysfunction. Phenotype 2 exhibited higher severity scores and creatinine, with lower eGFR and bicarbonate levels. Compared with placebo treatment, ilofotase alfa significantly reduced MAKE90 events for phenotype 2 patients (54% vs. 68%, p = 0.013), but not for phenotype 1 patients (49% vs. 46%, p = 0.54). We identified a clinical phenotype comprising severely ill patients with underlying kidney disease who benefitted most from ilofotase alfa treatment. This yields insight into the therapeutic potential of this novel treatment in more homogeneous patient groups and could guide patient selection in future trials, showing promise for personalized medicine in SA-AKI and other complex conditions.",https://pubmed.ncbi.nlm.nih.gov/38373981/
38299215,2024,Rodent models of AKI and AKI-CKD transition: an update in 2024.,Fu Y; Xiang Y; Wei Q; Ilatovskaya D; Dong Z,American journal of physiology. Renal physiology,10.1152/ajprenal.00402.2023,"Journal Article; Review; Research Support, N.I.H., Extramural; Research Support, Non-U.S. Gov't; Research Support, U.S. Gov't, Non-P.H.S.",eng,"Despite known drawbacks, rodent models are essential tools in the research of renal development, physiology, and pathogenesis. In the past decade, rodent models have been developed and used to mimic different etiologies of acute kidney injury (AKI), AKI to chronic kidney disease (CKD) transition or progression, and AKI with comorbidities. These models have been applied for both mechanistic research and preclinical drug development. However, current rodent models have their limitations, especially since they often do not fully recapitulate the pathophysiology of AKI in human patients, and thus need further refinement. Here, we discuss the present status of these rodent models, including the pathophysiologic compatibility, clinical translational significance, key factors affecting model consistency, and their main limitations. Future efforts should focus on establishing robust models that simulate the major clinical and molecular phenotypes of human AKI and its progression.",https://pubmed.ncbi.nlm.nih.gov/38299215/
38178568,2024,Effects of 24-hour urine-output trajectories on the risk of acute kidney injury in critically ill patients with cirrhosis: a retrospective cohort analysis.,Wang J; Niu D; Li X; Zhao Y; Ye E; Huang J; Yue S; Hou X; Wu J,Renal failure,10.1080/0886022X.2023.2298900,Journal Article,eng,"Acute kidney injury (AKI) is one of the most common complications for critically ill patients with cirrhosis, but it has remained unclear whether urine output fluctuations are associated with the risk of AKI in such patients. Thus, we explored the influence of 24-h urine-output trajectory on AKI in patients with cirrhosis through latent category trajectory modeling. This retrospective cohort study examined patients with cirrhosis using the MIMIC-IV database. Changes in the trajectories of urine output within 24 h after admission to the intensive care unit (ICU) were categorized using latent category trajectory modeling. The outcome examined was the occurrence of AKI during ICU hospitalization. The risk of AKI in patients with different trajectory classes was explored using the cumulative incidence function (CIF) and the Fine-Gray model with the sub-distribution hazard ratio (SHR) and the 95% confidence interval (CI) as size effects. The study included 3,562 critically ill patients with cirrhosis, of which 2,467 (69.26%) developed AKI during ICU hospitalization. The 24-h urine-output trajectories were split into five classes (Classes 1-5). The CIF curves demonstrated that patients with continuously low urine output (Class 2), a rapid decline in urine output after initially high levels (Class 3), and urine output that decreased slowly and then stabilized at a lower level (Class 4) were at higher risk for AKI than those with consistently moderate urine output (Class 1). After fully adjusting for various confounders, Classes 2, 3, and 4 were associated with a higher risk of AKI compared with Class 1, and the respective SHRs (95% CIs) were 2.56 (1.87-3.51), 1.86 (1.34-2.59), and 1.83 1.29-2.59). The 24-h urine-output trajectory is significantly associated with the risk of AKI in critically ill patients with cirrhosis. More attention should be paid to the dynamic nature of urine-output changes over time, which may help guide early intervention and improve patients' prognoses.",https://pubmed.ncbi.nlm.nih.gov/38178568/
38072210,2024,Epidemiology and Clinical Outcomes of Community-Acquired Acute Kidney Injury in the Emergency Department: A Multisite Retrospective Cohort Study.,Ehmann MR; Klein EY; Zhao X; Mitchell J; Menez S; Smith A; Levin S; Hinson JS,American journal of kidney diseases : the official journal of the National Kidney Foundation,10.1053/j.ajkd.2023.10.009,"Journal Article; Multicenter Study; Research Support, N.I.H., Extramural",eng,"The prevalence of community-acquired acute kidney injury (CA-AKI) in the United States and its clinical consequences are not well described. Our objective was to describe the epidemiology of CA-AKI and the associated clinical outcomes. Retrospective cohort study. 178,927 encounters by 139,632 adults at 5 US emergency departments (EDs) between July 1, 2017, and December 31, 2022. CA-AKI identified using KDIGO (Kidney Disease: Improving Global Outcomes) serum creatinine (Scr)-based criteria. For encounters resulting in hospitalization, the in-hospital trajectory of AKI severity, dialysis initiation, intensive care unit (ICU) admission, and death. For all encounters, occurrence over 180 days of hospitalization, ICU admission, new or progressive chronic kidney disease, dialysis initiation, and death. Multivariable logistic regression analysis to test the association between CA-AKI and measured outcomes. For all encounters, 10.4% of patients met the criteria for any stage of AKI on arrival to the ED. 16.6% of patients admitted to the hospital from the ED had CA-AKI on arrival to the ED. The likelihood of AKI recovery was inversely related to CA-AKI stage on arrival to the ED. Among encounters for hospitalized patients, CA-AKI was associated with in-hospital dialysis initiation (OR, 6.2; 95% CI, 5.1-7.5), ICU admission (OR, 1.9; 95% CI, 1.7-2.0), and death (OR, 2.2; 95% CI, 2.0-2.5) compared with patients without CA-AKI. Among all encounters, CA-AKI was associated with new or progressive chronic kidney disease (OR, 6.0; 95% CI, 5.6-6.4), dialysis initiation (OR, 5.1; 95% CI, 4.5-5.7), subsequent hospitalization (OR, 1.1; 95% CI, 1.1-1.2) including ICU admission (OR, 1.2; 95% CI, 1.1-1.4), and death (OR, 1.6; 95% CI, 1.5-1.7) during the subsequent 180 days. Residual confounding. Study implemented at a single university-based health system. Potential selection bias related to exclusion of patients without an available baseline Scr measurement. Potential ascertainment bias related to limited repeat Scr data during follow-up after an ED visit. CA-AKI is a common and important entity that is associated with serious adverse clinical consequences during the 6-month period after diagnosis. Acute kidney injury (AKI) is a condition characterized by a rapid decline in kidney function. There are many causes of AKI, but few studies have examined how often AKI is already present when patients first arrive to an emergency department seeking medical attention for any reason. We analyzed approximately 175,000 visits to Johns Hopkins emergency departments and found that AKI is common on presentation to the emergency department and that patients with AKI have increased risks of hospitalization, intensive care unit admission, development of chronic kidney disease, requirement of dialysis, and death in the first 6 months after diagnosis. AKI is an important condition for health care professionals to recognize and is associated with serious adverse outcomes.",https://pubmed.ncbi.nlm.nih.gov/38072210/
38043859,2024,Epidemiology and outcomes of early versus late septic acute kidney injury in critically ill patients: A retrospective cohort study.,Monard C; Bianchi N; Kelevina T; Altarelli M; Schneider A,"Anaesthesia, critical care & pain medicine",10.1016/j.accpm.2023.101332,Journal Article,eng,"It was recently proposed to distinguish early from late sepsis-associated acute kidney injury (SA-AKI). We aimed to determine the relative frequency of these entities in critically ill patients and to describe their characteristics and outcomes. We included in this retrospective cohort study all adult patients admitted for sepsis in a tertiary ICU between 2010 and 2020. We excluded those on chronic dialysis or without consent. We extracted serum creatinine, hourly urinary output, and clinical and socio-demographic data from medical records until day 7 or ICU discharge. AKI presence and characteristics were assessed daily using KDIGO criteria. We compared patients with early (occurring within 2 days of admission) or late (occurring between day 2 and day 7) SA-AKI. We conducted sensitivity analyses using different definitions for early/late SA-AKI. Among 1835 patients, 1660 (90%) fulfilled SA-AKI criteria. Of those, 1610 (97%) had early SA-AKI, and 50 (3%) had late SA-AKI. Similar proportions were observed when only considering AKI with elevated sCr (71% vs. 3%), severe AKI (67% vs. 6%), or different time windows for early SA-AKI. Compared with early SA-AKI patients, those with late SA-AKI were younger (median age [IQR] 59 [49-70] vs. 69 [58-76] years, p < 0.001), had lower Charlson comorbidity index (3 [1-5] vs. 5 [3-7], p < 0.001) and lower SAPSII scores (41 [34-50] vs. 53 [43-64], p < 0.001). They had similar (24% vs. 26%, p = 0.75) in-hospital mortality. AKI is almost ubiquitous in septic critically ill patients and present within two days of admission. The timing from ICU admission might not be relevant to distinguish different phenotypes of SA-AKI. Ethics Committee Vaud, Lausanne, Switzerland (n°2017-00008).",https://pubmed.ncbi.nlm.nih.gov/38043859/
37917869,2024,SERUM HUMANIN IN PEDIATRIC SEPTIC SHOCK-ASSOCIATED MULTIPLE-ORGAN DYSFUNCTION SYNDROME.,Atreya MR; Piraino G; Cvijanovich NZ; Fitzgerald JC; Weiss SL; Bigham MT; Jain PN; Schwarz AJ; Lutfi R; Nowak J; Thomas NJ; Baines T; Haileselassie B; Zingarelli B,"Shock (Augusta, Ga.)",10.1097/SHK.0000000000002266,"Journal Article; Research Support, N.I.H., Extramural",eng,"Background: Multiple-organ dysfunction syndrome disproportionately contributes to pediatric sepsis morbidity. Humanin (HN) is a small peptide encoded by mitochondrial DNA and thought to exert cytoprotective effects in endothelial cells and platelets. We sought to test the association between serum HN (sHN) concentrations and multiple-organ dysfunction syndrome in a prospectively enrolled cohort of pediatric septic shock. Methods: Human MT-RNR2 ELISA was used to determine sHN concentrations on days 1 and 3. The primary outcome was thrombocytopenia-associated multiorgan failure (TAMOF). Secondary outcomes included individual organ dysfunctions on day 7. Associations across pediatric sepsis biomarker (PERSEVERE)-based mortality risk strata and correlation with platelet and markers of endothelial activation were tested. Results: One hundred forty subjects were included in this cohort, of whom 39 had TAMOF. The concentration of sHN was higher on day 1 relative to day 3 and among those with TAMOF phenotype in comparison to those without. However, the association between sHN and TAMOF phenotype was not significant after adjusting for age and illness severity in multivariate models. In secondary analyses, sHN was associated with presence of day 7 sepsis-associated acute kidney injury ( P = 0.049). Furthermore, sHN was higher among those with high PERSEVERE-mortality risk strata and correlated with platelet counts and several markers of endothelial activation. Conclusion: Future investigation is necessary to validate the association between sHN and sepsis-associated acute kidney injury among children with septic shock. Furthermore, mechanistic studies that elucidate the role of HN may lead to therapies that promote organ recovery through restoration of mitochondrial homeostasis among those critically ill.",https://pubmed.ncbi.nlm.nih.gov/37917869/
37861865,2024,An update on the role of fluid overload in the prediction of outcome in acute kidney injury.,Gorga SM; Selewski DT; Goldstein SL; Menon S,"Pediatric nephrology (Berlin, Germany)",10.1007/s00467-023-06161-z,Journal Article; Review,eng,"Over the past two decades, our understanding of the impact of acute kidney injury, disorders of fluid balance, and their interplay have increased significantly. In recent years, the epidemiology and impact of fluid balance, including the pathologic state of fluid overload on outcomes has been studied extensively across multiple pediatric and neonatal populations. A detailed understating of fluid balance has become increasingly important as it is recognized as a target for intervention to continue to work to improve outcomes in these populations. In this review, we provide an update on the epidemiology and outcomes associated with fluid balance disorders and the development of fluid overload in children with acute kidney injury (AKI). This will include a detailed review of consensus definitions of fluid balance, fluid overload, and the methodologies to define them, impact of fluid balance on the diagnosis of AKI and the concept of fluid corrected serum creatinine. This review will also provide detailed descriptions of future directions and the changing paradigms around fluid balance and AKI in critical care nephrology, including the incorporation of the sequential utilization of risk stratification, novel biomarkers, and functional kidney tests (furosemide stress test) into research and ultimately clinical care. Finally, the review will conclude with novel methods currently under study to assess fluid balance and distribution (point of care ultrasound and bioimpedance).",https://pubmed.ncbi.nlm.nih.gov/37861865/
37844555,2024,Biomarker Enrichment in Sepsis-Associated Acute Kidney Injury: Finding High-Risk Patients in the Intensive Care Unit.,Baeseman L; Gunning S; Koyner JL,American journal of nephrology,10.1159/000534608,Journal Article; Review,eng,"Sepsis-associated acute kidney injury (AKI) is a leading comorbidity in admissions to the intensive care unit. While a gold standard definition exists, it remains imperfect and does not allow for the timely identification of patients in the setting of critical illness. This review will discuss the use of biochemical and electronic biomarkers to allow for prognostic and predictive enrichment of patients with sepsis-associated AKI over and above the use of serum creatinine and urine output. Current data suggest that several biomarkers are capable of identifying patients with sepsis at risk for the development of severe AKI and other associated morbidity. This review discusses these data and these biomarkers in the setting of sub-phenotyping and endotyping sepsis-associated AKI. While not all these tests are widely available and some require further validation, in the near future we anticipate several new tools to help nephrologists and other providers better care for patients with sepsis-associated AKI. Predictive and prognostic enrichment using both traditional biomarkers and novel biomarkers in the setting of sepsis can identify subsets of patients with either similar outcomes or similar pathophysiology, respectively. Novel biomarkers can identify kidney injury in patients without consensus definition AKI (e.g., changes in creatinine or urine output) and can predict other adverse outcomes (e.g., severe consensus definition AKI, inpatient mortality). Finally, emerging artificial intelligence and machine learning-derived risk models are able to predict sepsis-associated AKI in critically ill patients using advanced learning techniques and several laboratory and vital sign measurements.",https://pubmed.ncbi.nlm.nih.gov/37844555/
37813180,2024,Prospective Evaluation of Venous Excess Ultrasound for Estimation of Venous Congestion.,Longino A; Martin K; Leyba K; Siegel G; Thai TN; Riscinti M; Douglas IS; Gill E; Burke J,Chest,10.1016/j.chest.2023.09.029,Journal Article,eng,"Venous excess ultrasound (VExUS) is a novel ultrasound technique previously reported as a noninvasive measure of venous congestion and predictor of cardiorenal acute kidney injury. Are there associations between VExUS grade and cardiac pressures measured by right heart catheterization (RHC) and cardiac biomarkers and clinical outcomes in patients undergoing RHC? We conducted a prospective cohort study at the Denver Health Medical Center from December 20, 2022, to March 25, 2023. All patients undergoing RHC underwent a blinded VExUS assessment prior to their procedure. Multivariable regressions were conducted to assess relationships between VExUS grade and cardiac pressures, biomarkers, and changes in weight among patients with heart failure, a proxy for diuretic success. Receiver operating characteristic curve and area under the curve (AUC) were derived for VExUS, inferior vena cava (IVC) diameter, and IVC collapsibility index (ICI) to predict right atrial pressure (RAP) > 10 and < 7 mm Hg. Among 81 patients, 45 of whom were inpatients, after adjusting for age, sex, and Charlson Comorbidity Index, there were significant relationships between VexUS grade of 2 (β = 4.8; 95% CI, 2.6-7.1; P < .01) and 3 (β = 11; 95% CI, 8.9-14; P < .01) and RAP, VExUS grade of 2 (β = 6.8; 95% CI, 0.16-13; P = .045) and 3 (β = 15; 95% CI, 7.3-22; P < .01) and mean pulmonary artery pressure, and VExUS grade of 2 (β = 7.0; 95% CI, 3.9-10; P < .01) and 3 (β = 13; 95% CI, 9.5-17; P < .01) and pulmonary capillary wedge pressure. AUC values for VExUS, IVC diameter, and ICI as predictors of RAP > 10 mm Hg were 0.9 (95% CI, 0.83-0.97), 0.77 (95% CI, 0.68-0.88), and 0.65 (95% CI, 0.52-0.78), respectively. AUC values for VExUS, IVC diameter, and ICI as predictors of RAP < 7 mm Hg were 0.79 (95% CI, 0.70-0.87), 0.74 (95% CI, 0.64-0.84), and 0.62 (95% CI, 0.49-0.76), respectively. In a subset of 23 patients with heart failure undergoing diuresis, there was a significant association between VExUS grade 3 and change in weight between time of RHC and discharge (P = .025). Although more research is required, VExUS has the potential to increase diagnostic and therapeutic capabilities of physicians at the bedside and increase our understanding of the underappreciated problem of venous congestion.",https://pubmed.ncbi.nlm.nih.gov/37813180/
37488003,2024,Furosemide Responsiveness Predicts Acute Kidney Injury Progression After Cardiac Surgery.,Su Y; Zhang YJ; Tu GW; Hou JY; Ma GG; Hao GW; Xu RH; Luo Z,The Annals of thoracic surgery,10.1016/j.athoracsur.2023.07.011,Journal Article,eng,"As patients with acute kidney injury (AKI) progress to a higher stage, the risk for poor outcomes dramatically rises. Early identification of patients at high risk for AKI progression remains a major challenge. This study aimed to evaluate the value of furosemide responsiveness (FR) for predicting AKI progression in patients with initial mild and moderate AKI after cardiac surgery. We performed 2 separate exploratory analyses. The Zhongshan cohort was a single-center, prospective, observational cohort, whereas the Beth Israel Deaconess Medical Center cohort was a single-center, retrospective cohort. We calculated 2 FR parameters for each patient, namely the FR index and modified FR index, defined as 2-hour urine output divided by furosemide dose (FR index, mL/mg/2 h) and by furosemide dose and body weight (modified FR index, mL/[mg·kg]/2 h), respectively. The primary outcome was AKI progression within 7 days. AKI progression occurred in 80 (16.0%) and 359 (11.3%) patients in the Zhongshan and Beth Israel Deaconess Medical Center cohorts, respectively. All FR parameters (considered continuously or in quartiles) were inversely associated with risk of AKI progression in both cohorts (all adjusted P < .01). The addition of FR parameters significantly improved prediction for AKI progression based on baseline clinical models involving C-index, net reclassification improvement, and integrated discrimination improvement index in both cohorts (all P < .01). FR parameters were inversely associated with risk of AKI progression in patients with mild and moderate AKI after cardiac surgery. The addition of FR parameters significantly improved prediction for AKI progression based on baseline clinical models.",https://pubmed.ncbi.nlm.nih.gov/37488003/
38003374,2023,Endotoxic Septic Shock: Diagnosis and Treatment.,Foster DM; Kellum JA,International journal of molecular sciences,10.3390/ijms242216185,Journal Article; Review,eng,"Endotoxin, also referred to as lipopolysaccharide (LPS), is a potent stimulator of the inflammatory cascade which may progress to sepsis and septic shock. The term endotoxic septic shock has been used for patients who have a clinical phenotype that is characterized by high endotoxin activity in addition to a high burden of organ failure; especially a pattern of organ failure including hepatic dysfunction, acute kidney injury, and various forms of endothelial dysfunction. Endotoxic septic shock has been a target for drug therapy for decades with no success. A likely barrier to their success was the inability to quantify endotoxin in the bloodstream. The Endotoxin Activity Assay (EAA) is positioned to change this landscape. In addition, medical devices using adsorptive technology in an extra-corporeal circulation has been shown to remove large quantities of endotoxin from the bloodstream. Focusing on the use of EAA to determine high concentrations of endotoxin will allow patients with endotoxic septic shock to be identified quickly and these patients may benefit most from removal of endotoxin using extracorporeal methods.",https://pubmed.ncbi.nlm.nih.gov/38003374/
37970140,2023,Urine Quantification Following Furosemide for Severe Acute Kidney Injury Prediction in Critically Ill Children.,Gist KM; Penk J; Wald EL; Kitzmiller L; Webb TN; Krallman K; Brinton J; Soranno DE; Goldstein SL; Basu RK,Journal of pediatric intensive care,10.1055/s-0041-1732447,Journal Article,eng,"A standardized, quantified assessment of furosemide responsiveness predicts acute kidney injury (AKI) in children after cardiac surgery and AKI progression in critically ill adults. The purpose of this study was to determine if response to furosemide is predictive of severe AKI in critically ill children outside of cardiac surgery. We performed a multicenter retrospective study of critically ill children. Quantification of furosemide response was based on urine flow rate (normalized for weight) measurement 0 to 6 hours after the dose. The primary outcome was presence of creatinine defined severe AKI (Kidney Disease Improving Global Outcomes stage 2 or greater) within 7 days of furosemide administration. Secondary outcomes included mortality, duration of mechanical ventilation and length of stay. A total of 110 patients were analyzed. Severe AKI occurred in 20% ( n  = 22). Both 2- and 6-hour urine flow rate were significantly lower in those with severe AKI compared with no AKI ( p  = 0.002 and p  < 0.001). Cutoffs for 2- and 6-hour urine flow rate for prediction of severe AKI were <4 and <3 mL/kg/hour, respectively. The adjusted odds of developing severe AKI for 2-hour urine flow rate of <4 mL/kg/hour was 4.3 (95% confidence interval [CI]: 1.33-14.15; p  = 0.02). The adjusted odds of developing severe AKI for 6-hour urine flow rate of <3 mL/kg/hour was 6.19 (95% CI: 1.85-20.70; p  = 0.003). Urine flow rate in response to furosemide is predictive of severe AKI in critically ill children. A prospective assessment of urine flow rate in response to furosemide for predicting subsequent severe AKI is warranted.",https://pubmed.ncbi.nlm.nih.gov/37970140/
37928533,2023,Physical exercise as a friend not a foe in acute kidney diseases through immune system modulation.,Costanti-Nascimento AC; Brelaz-Abreu L; Bragança-Jardim E; Pereira WO; Camara NOS; Amano MT,Frontiers in immunology,10.3389/fimmu.2023.1212163,"Journal Article; Review; Research Support, Non-U.S. Gov't",eng,"Regular and moderate exercise is being used for therapeutic purposes in treating several diseases, including cancer, cardiovascular diseases, arthritis, and even chronic kidney diseases (CKDs). Conversely, extenuating physical exercise has long been pointed out as one of the sources of acute kidney injury (AKI) due to its severe impact on the body's physiology. AKI development is associated with increased tubular necrosis, which initiates a cascade of inflammatory responses. The latter involves cytokine production, immune cell (macrophages, lymphocytes, and neutrophils, among others) activation, and increased oxidative stress. AKI can induce prolonged fibrosis stimulation, leading to CKD development. The need for therapeutic alternative treatments for AKI is still a relevant issue. In this context arises the question as to whether moderate, not extenuating, exercise could, on some level, prevent AKI. Several studies have shown that moderate exercise can help reduce tissue damage and increase the functional recovery of the kidneys after an acute injury. In particular, the immune system can be modulated by exercise, leading to a better recovery from different pathologies. In this review, we aimed to explore the role of exercise not as a trigger of AKI, but as a modulator of the inflammatory/immune system in the prevention or recovery from AKI in different scenarios. In AKI induced by ischemia and reperfusion, sepsis, diabetes, antibiotics, or chemotherapy, regular and/or moderate exercise could modulate the immune system toward a more regulatory immune response, presenting, in general, an anti-inflammatory profile. Exercise was shown to diminish oxidative stress, inflammatory markers (caspase-3, lactate dehydrogenase, and nitric oxide), inflammatory cytokines (interleukin (IL)-1b, IL-6, IL-8, and tumor necrosis factor-α (TNF-α)), modulate lymphocytes to an immune suppressive phenotype, and decrease tumor necrosis factor-β (TGF-β), a cytokine associated with fibrosis development. Thus, it creates an AKI recovery environment with less tissue damage, hypoxia, apoptosis, or fibrosis. In conclusion, the practice of regular moderate physical exercise has an impact on the immune system, favoring a regulatory and anti-inflammatory profile that prevents the occurrence of AKI and/or assists in the recovery from AKI. Moderate exercise should be considered for patients with AKI as a complementary therapy.",https://pubmed.ncbi.nlm.nih.gov/37928533/
37858258,2023,The role of endotoxin in septic shock.,Kellum JA; Ronco C,"Critical care (London, England)",10.1186/s13054-023-04690-5,Journal Article; Review,eng,"Septic shock can be caused by a variety of mechanisms including direct effects of bacterial toxins such as endotoxin. Annually, approximately 5-7 million patients worldwide develop sepsis with very high endotoxin activity in the blood and more than half die. The term endotoxic septic shock has been used for these patients but it is important to emphasize that endotoxin may be a factor in all forms of septic shock including non-bacterial etiologies like COVID-19 since translocation of bacterial products is a common feature of septic shock. A pattern of organ failure including hepatic dysfunction, acute kidney injury and various forms of endothelial dysfunction ranging from disseminated intravascular coagulation to thrombotic microangiopathy characterize endotoxic septic shock. However, while characteristic, the clinical phenotype is not unique to patients with high endotoxin, and the diagnosis relies on the measurement of endotoxin activity in addition to clinical assessment. Therapies for endotoxic septic shock are limited with immune modulating therapies under investigation and extracorporeal blood purification still controversial in many parts of the world.",https://pubmed.ncbi.nlm.nih.gov/37858258/
37853103,2023,Clinical courses of acute kidney injury in hospitalized patients: a multistate analysis.,Adiyeke E; Ren Y; Guan Z; Ruppert MM; Rashidi P; Bihorac A; Ozrazgat-Baslanti T,Scientific reports,10.1038/s41598-023-45006-5,"Journal Article; Research Support, N.I.H., Extramural; Research Support, Non-U.S. Gov't",eng,"Persistence of acute kidney injury (AKI) or insufficient recovery of renal function was associated with reduced long-term survival and life quality. We quantified AKI trajectories and describe transitions through progression and recovery among hospitalized patients. 245,663 encounters from 128,271 patients admitted to UF Health between 2012 and 2019 were retrospectively categorized according to the worst AKI stage experienced within 24-h periods. Multistate models were fit for describing characteristics influencing transitions towards progressed or regressed AKI, discharge, and death. Effects of age, sex, race, admission comorbidities, and prolonged intensive care unit stay (ICU) on transition rates were examined via Cox proportional hazards models. About 20% of encounters had AKI; where 66% of those with AKI had Stage 1 as their worst AKI severity during hospitalization, 18% had Stage 2, and 16% had Stage 3 AKI (12% with kidney replacement therapy (KRT) and 4% without KRT). At 3 days following Stage 1 AKI, 71.1% (70.5-71.6%) were either resolved to No AKI or discharged, while recovery proportion was 38% (37.4-38.6%) and discharge proportion was 7.1% (6.9-7.3%) following AKI Stage 2. At 14 days following Stage 1 AKI, patients with additional frail conditions stay had lower transition proportion towards No AKI or discharge states. Multistate modeling framework is a facilitating mechanism for understanding AKI clinical course and examining characteristics influencing disease process and transition rates.",https://pubmed.ncbi.nlm.nih.gov/37853103/
37791174,2023,Furosemide Stress Test and Renal Resistive Index for Prediction of Severity of Acute Kidney Injury in Sepsis.,Das PK; Maurya SK; Nath SS; Kumar T; Rao N; Shrivastava N,Cureus,10.7759/cureus.44408,Journal Article,eng,"Introduction The furosemide stress test (FST) predicts the severity and the need for renal replacement therapy (RRT) in patients with sepsis-associated acute kidney injury (S-AKI). The renal resistive index (RRI) indicates renal vascular resistance. Objectives The primary objective was to find the correlation between FST and RRI in S-AKI. The secondary objectives were to evaluate the role of FST and RRI on the progression of S-AKI. Methods A total of 154 consenting adult patients with S-AKI were administered FST. Renal echography was performed within the first 12 hours of admission, and RRI was calculated. The patients were grouped either into progressors or non-progressors to AKI-KDIGO stage 3. Results Of the patients who had RRI at Day 1 less than 0.73, 60% recovered, 34.3% needed RRT, and 35.5% died, whereas in those who had RRI at Day 1 greater than 0.73, only 22% recovered, 46.6% required RRT, and 51.6% died. RRI value of 0.73 predicted the need for RRT with a sensitivity of 35.1%, specificity of 80.4% and accuracy of 69.1%. The highest number of patients of KDIGO stage 3 (50%), followed by stage 2 (28.1%) and stage 1 (21.9%), presented technical difficulties in measuring the RRI. Conclusion FST is an economical and easily administered test to assess renal tubular function and can predict the occurrence and progression of S-AKI. RRI is a modest marker for predicting the need for RRT or persistent AKI.",https://pubmed.ncbi.nlm.nih.gov/37791174/
37718869,2023,Neonatal AKI: An update.,Hu J; Ananth D; Sethi SK; Taliwal N; Govindan S; Raina R,Journal of neonatal-perinatal medicine,10.3233/NPM-230120,Journal Article; Review,eng,"Neonatal acute kidney injury (AKI) is a common complication, especially in the neonatal intensive care unit, that is associated with long term consequences and poor outcomes. Early detection and treatment is critical. Currently, neonatal AKI is defined with urinary markers and serum creatinine, with limitations on early detection and individual treatment. There have been numerous biomarkers and risk factor scores that have been studied for their ability to predict neonatal AKI. To move towards personalized medicine, neonatal AKI must be categorized into phenotypes and subphenotypes that fully encapsulate the diverse causes and specific treatments. This review aims to advance our understanding of neonatal AKI detection through the use of biomarkers, subphenotypes, and phenotypes to move towards personalized treatment strategies.",https://pubmed.ncbi.nlm.nih.gov/37718869/
37660105,2023,Interpreting biologically informed neural networks for enhanced proteomic biomarker discovery and pathway analysis.,Hartman E; Scott AM; Karlsson C; Mohanty T; Vaara ST; Linder A; Malmström L; Malmström J,Nature communications,10.1038/s41467-023-41146-4,"Journal Article; Research Support, Non-U.S. Gov't",eng,"The incorporation of machine learning methods into proteomics workflows improves the identification of disease-relevant biomarkers and biological pathways. However, machine learning models, such as deep neural networks, typically suffer from lack of interpretability. Here, we present a deep learning approach to combine biological pathway analysis and biomarker identification to increase the interpretability of proteomics experiments. Our approach integrates a priori knowledge of the relationships between proteins and biological pathways and biological processes into sparse neural networks to create biologically informed neural networks. We employ these networks to differentiate between clinical subphenotypes of septic acute kidney injury and COVID-19, as well as acute respiratory distress syndrome of different aetiologies. To gain biological insight into the complex syndromes, we utilize feature attribution-methods to introspect the networks for the identification of proteins and pathways important for distinguishing between subtypes. The algorithms are implemented in a freely available open source Python-package ( https://github.com/InfectionMedicineProteomics/BINN ).",https://pubmed.ncbi.nlm.nih.gov/37660105/
37561664,2023,"The persistent inflammation, immunosuppression, and catabolism syndrome 10 years later.",Efron PA; Brakenridge SC; Mohr AM; Barrios EL; Polcz VE; Anton S; Ozrazgat-Baslanti T; Bihorac A; Guirgis F; Loftus TJ; Rosenthal M; Leeuwenburgh C; Mankowski R; Moldawer LL; Moore FA,The journal of trauma and acute care surgery,10.1097/TA.0000000000004087,"Journal Article; Research Support, N.I.H., Extramural",eng,"With the implementation of new intensive care unit (ICU) therapies in the 1970s, multiple organ failure (MOF) emerged as a fulminant inflammatory phenotype leading to early ICU death. Over the ensuing decades, with fundamental advances in care, this syndrome has evolved into a lingering phenotype of chronic critical illness (CCI) leading to indolent late post-hospital discharge death. In 2012, the University of Florida (UF) Sepsis Critical Illness Research Center (SCIRC) coined the term Persistent Inflammation, Immunosuppression, and Catabolism Syndrome (PICS) to provide a mechanistic framework to study CCI in surgical patients. This was followed by a decade of research into PICS-CCI in surgical ICU patients in order to define the epidemiology, dysregulated immunity, and long-term outcomes after sepsis. Other focused studies were performed in trauma ICU patients and emergency department sepsis patients. Early deaths were surprisingly low (4%); 63% experienced rapid recovery. Unfortunately, 33% progressed to CCI, of which 79% had a poor post-discharge disposition and 41% were dead within one year. These patients had biomarker evidence of PICS, and these biomarkers enhanced clinical prediction models for dismal one-year outcomes. Emergency myelopoiesis appears to play a central role in the observed persistent immune dysregulation that characterizes PICS-CCI. Older patients were especially vulnerable. Disturbingly, over half of the older CCI patients were dead within one year and older CCI survivors remained severely disabled. Although CCI is less frequent (20%) after major trauma, PICS appears to be a valid concept. This review will specifically detail the epidemiology of CCI, PICS biomarkers, effect of site of infection, acute kidney injury, effect on older patients, dysfunctional high-density lipoproteins, sarcopenia/cachexia, emergency myelopoiesis, dysregulated erythropoiesis, and potential therapeutic interventions.",https://pubmed.ncbi.nlm.nih.gov/37561664/
37552332,2023,Precision management of acute kidney injury in the intensive care unit: current state of the art.,Stanski NL; Rodrigues CE; Strader M; Murray PT; Endre ZH; Bagshaw SM,Intensive care medicine,10.1007/s00134-023-07171-z,Journal Article; Review,eng,"Acute kidney injury (AKI) is a prototypical example of a common syndrome in critical illness defined by consensus. The consensus definition for AKI, traditionally defined using only serum creatinine and urine output, was needed to standardize the description for epidemiology and to harmonize eligibility for clinical trials. However, AKI is not a simple disease, but rather a complex and multi-factorial syndrome characterized by a wide spectrum of pathobiology. AKI is now recognized to be comprised of numerous sub-phenotypes that can be discriminated through shared features such as etiology, prognosis, or common pathobiological mechanisms of injury and damage. The characterization of sub-phenotypes can serve to enable prognostic enrichment (i.e., identify subsets of patients more likely to share an outcome of interest) and predictive enrichment (identify subsets of patients more likely to respond favorably to a given therapy). Existing and emerging biomarkers will aid in discriminating sub-phenotypes of AKI, facilitate expansion of diagnostic criteria, and be leveraged to realize personalized approaches to management, particularly for recognizing treatment-responsive mechanisms (i.e., endotypes) and targets for intervention (i.e., treatable traits). Specific biomarkers (e.g., serum renin; olfactomedin 4 (OLFM4); interleukin (IL)-9) may further enable identification of pathobiological mechanisms to serve as treatment targets. However, even non-specific biomarkers of kidney injury (e.g., neutrophil gelatinase-associated lipocalin, NGAL; [tissue inhibitor of metalloproteinases 2, TIMP2]·[insulin like growth factor binding protein 7, IGFBP7]; kidney injury molecule 1, KIM-1) can direct greater precision management for specific sub-phenotypes of AKI. This review will summarize these evolving concepts and recent innovations in precision medicine approaches to the syndrome of AKI in critical illness, along with providing examples of how they can be leveraged to guide patient care.",https://pubmed.ncbi.nlm.nih.gov/37552332/
37445238,2023,Hyperbilirubinemia as a Risk Factor for Mortality and Morbidity in Trauma Patients.,Lee M; Jang M; Jo J; Yu B; Lee G; Lee J; Lee S; Jeon Y; Choi K,Journal of clinical medicine,10.3390/jcm12134203,Journal Article,eng,"Hyperbilirubinemia is frequently reported in trauma patients. However, few studies have investigated the effects of hyperbilirubinemia on patients' clinical trajectories. This study aimed to evaluate the relationship between hyperbilirubinemia and patient outcomes following trauma. Our study included 387 patients who were admitted to the trauma bay with severe trauma between January 2017 and December 2021. We categorized patients into two groups based on their peak bilirubin levels: the low-bilirubin (LB) group, with levels below 3 mg/dL, and the high-bilirubin (HB) group, with levels above 3 mg/dL. We then compared the rates of complications and mortality between these two groups. The incidence of pneumonia (10.8% vs. 32.3%, p < 0.001), acute kidney injury (AKI) (2.8% vs. 19.2%, p < 0.001), sepsis (2.8% vs. 10.1%, p = 0.003), and wound infections (8.3% vs. 30.3%, p < 0.001) was significantly higher in the HB group. Additionally, the mortality rate was significantly higher (4.2% vs. 10.1%, p = 0.028) in the HB group. Multivariate analysis revealed that the higher the bilirubin level, the greater the risk of complications (pneumonia: odds ratio [OR] = 3.238; 95% confidence interval [CI] = 1.68-6.22; p < 0.001, AKI: OR = 4.718; 95% CI = 1.65-13.44; p = 0.004, sepsis: OR = 3.087; 95% CI = 1.00-9.52; p = 0.04, wound infection: OR = 3.995; 95% CI = 2.073-7.700; p < 0.001). In conclusion, hyperbilirubinemia was associated with poorer outcomes in trauma patients.",https://pubmed.ncbi.nlm.nih.gov/37445238/
37432520,2023,"Sepsis-associated acute kidney injury in the intensive care unit: incidence, patient characteristics, timing, trajectory, treatment, and associated outcomes. A multicenter, observational study.",White KC; Serpa-Neto A; Hurford R; Clement P; Laupland KB; See E; McCullough J; White H; Shekar K; Tabah A; Ramanan M; Garrett P; Attokaran AG; Luke S; Senthuran S; McIlroy P; Bellomo R; Queensland Critical Care Research Network (QCCRN),Intensive care medicine,10.1007/s00134-023-07138-0,Observational Study; Multicenter Study; Journal Article,eng,"The Acute Disease Quality Initiative (ADQI) Workgroup recently released a consensus definition of sepsis-associated acute kidney injury (SA-AKI), combining Sepsis-3 and Kidney Disease Improving Global Outcomes (KDIGO) AKI criteria. This study aims to describe the epidemiology of SA-AKI. This is a retrospective cohort study carried out in 12 intensive care units (ICUs) from 2015 to 2021. We studied the incidence, patient characteristics, timing, trajectory, treatment, and associated outcomes of SA-AKI based on the ADQI definition. Out of 84,528 admissions, 13,451 met the SA-AKI criteria with its incidence peaking at 18% in 2021. SA-AKI patients were typically admitted from home via the emergency department (ED) with a median time to SA-AKI diagnosis of 1 day (interquartile range (IQR) 1-1) from ICU admission. At diagnosis, most SA-AKI patients (54%) had a stage 1 AKI, mostly due to the low urinary output (UO) criterion only (65%). Compared to diagnosis by creatinine alone, or by both UO and creatinine criteria, patients diagnosed by UO alone had lower renal replacement therapy (RRT) requirements (2.8% vs 18% vs 50%; p < 0.001), which was consistent across all stages of AKI. SA-AKI hospital mortality was 18% and SA-AKI was independently associated with increased mortality. In SA-AKI, diagnosis by low UO only, compared to creatinine alone or to both UO and creatinine criteria, carried an odds ratio of 0.34 (95% confidence interval (CI) 0.32-0.36) for mortality. SA-AKI occurs in 1 in 6 ICU patients, is diagnosed on day 1 and carries significant morbidity and mortality risk with patients mostly admitted from home via the ED. However, most SA-AKI is stage 1 and mostly due to low UO, which carries much lower risk than diagnosis by other criteria.",https://pubmed.ncbi.nlm.nih.gov/37432520/
37427056,2023,NEXMIF pathogenic variant in a female child with epilepsy and multiple organ failure: a case report.,Wang L; Huang Y; Liu X,Translational pediatrics,10.21037/tp-22-435,Case Reports; Journal Article,eng,"The neurite extension and migration factor (NEXMIF) gene encodes the neurite growth-directed factor whose main function is to play a role in neurite extension and migration for nerve development. It is associated with X-linked intellectual disability 98 and X-linked dominant inheritance, and its clinical manifestations mainly include intellectual disability, autistic behavior, poor development, dysmorphic features, gastroesophageal reflux, renal infection, and early seizures. Few cases of patients with NEXMIF variants had been reported, and to date, no deaths have been reported to our knowledge. We present a clinical report of a female child who had a history of epilepsy, and was diagnosed with multiple organ failure (MOF), sepsis, hemophagocytic lymphohistiocytosis, severe pneumonia, and pulmonary hemorrhaging. Genetic testing identified the NEXMIF variant c.937C>T (p.R313*) in this patient. Despite aggressive treatment with anti-inflammation drugs with methylprednisolone, plasma exchange, hemodialysis and mechanical ventilation, the patient died. We reported the first case of the NEXMIF variant in a patient with the symptom of MOF, including acute liver failure and acute kidney injury (Grade 3). In addition, some complications, such as sepsis, hemophagocytic syndrome, pneumonia, and pulmonary hemorrhage, can also occur with this disease. All of these complications may have contributed to the patient's death. This report not only broadens the phenotype for NEXMIF variants but may also help physicians involved in the care of patients with this syndrome and enhance their understanding of this variant.",https://pubmed.ncbi.nlm.nih.gov/37427056/
37393289,2023,"How to avoid harm with feeding critically ill patients: a synthesis of viewpoints of a basic scientist, dietitian and intensivist.",Reintam Blaser A; Rooyackers O; Bear DE,"Critical care (London, England)",10.1186/s13054-023-04543-1,Journal Article; Review,eng,"The optimal feeding strategy in critically ill patients is a matter of debate, with current guidelines recommending different strategies regarding energy and protein targets. Several recent trials have added to the debate and question our previous understanding of the provision of nutrition during critical illness. This narrative review aims to provide a summary of interpretation of recent evidence from the view of basic scientist, critical care dietitian and intensivist, resulting in joined suggestions for both clinical practice and future research. In the most recent randomised controlled trial (RCT), patients receiving 6 versus 25 kcal/kg/day by any route achieved readiness for ICU discharge earlier and had fewer GI complications. A second showed that high protein dosage may be harmful in patients with baseline acute kidney injury and more severe illness. Lastly, a prospective observational study using propensity score matched analysis suggested that early full feeding, especially enteral, compared to delayed feeding is associated with a higher 28-day mortality. Viewpoints from all three professionals point to the agreement that early full feeding is likely harmful, whereas important questions regarding the mechanisms of harm as well as on timing and optimal dose of nutrition for individual patients remain unanswered and warrant future studies. For now, we suggest giving low dose of energy and protein during the first few days in the ICU and apply individualised approach based on assumed metabolic state according to the trajectory of illness thereafter. At the same time, we encourage research to develop better tools to monitor metabolism and the nutritional needs for the individual patient accurately and continuously.",https://pubmed.ncbi.nlm.nih.gov/37393289/
37301900,2023,Generalized precursor prediction boosts identification rates and accuracy in mass spectrometry based proteomics.,Scott AM; Karlsson C; Mohanty T; Hartman E; Vaara ST; Linder A; Malmström J; Malmström L,Communications biology,10.1038/s42003-023-04977-x,"Journal Article; Research Support, Non-U.S. Gov't",eng,"Data independent acquisition mass spectrometry (DIA-MS) has recently emerged as an important method for the identification of blood-based biomarkers. However, the large search space required to identify novel biomarkers from the plasma proteome can introduce a high rate of false positives that compromise the accuracy of false discovery rates (FDR) using existing validation methods. We developed a generalized precursor scoring (GPS) method trained on 2.75 million precursors that can confidently control FDR while increasing the number of identified proteins in DIA-MS independent of the search space. We demonstrate how GPS can generalize to new data, increase protein identification rates, and increase the overall quantitative accuracy. Finally, we apply GPS to the identification of blood-based biomarkers and identify a panel of proteins that are highly accurate in discriminating between subphenotypes of septic acute kidney injury from undepleted plasma to showcase the utility of GPS in discovery DIA-MS proteomics.",https://pubmed.ncbi.nlm.nih.gov/37301900/
37267265,2023,CLINICAL CHARACTERISTICS AND PREDICTORS OF MORTALITY DIFFER BETWEEN PULMONARY AND ABDOMINAL SEPSIS.,Ren E; Xiao H; Li J; Yu H; Liu B; Wang G; Sun X; Duan M; Hang C; Zhang G; Wu C; Li F; Zhang H; Zhang Y; Guo W; Qi W; Yin Q; Zhao Y; Xie M; Li C,"Shock (Augusta, Ga.)",10.1097/SHK.0000000000002151,Multicenter Study; Journal Article,eng,"Background: Pulmonary sepsis and abdominal sepsis have pathophysiologically distinct phenotypes. This study aimed to compare their clinical characteristics and predictors of mortality. Methods: In this multicenter retrospective trial, 1,359 adult patients who fulfilled the Sepsis-3 criteria were enrolled and classified into the pulmonary sepsis or abdominal sepsis groups. Plasma presepsin was measured, and the scores of Acute Physiology and Chronic Health Evaluation (APACHE) II, Mortality in Emergency Department Sepsis (MEDS), and Simplified Acute Physiology Score (SAPS) II were calculated at enrollment. Data on 28-day mortality were collected for all patients. Results: Compared with patients with abdominal sepsis (n = 464), patients with pulmonary sepsis (n = 895) had higher 28-day mortality rate, illness severity scores, incidence of shock and acute kidney injury, and hospitalization costs. Lactate level and APACHE II and MEDS scores were independently associated with 28-day mortality in both sepsis types. Independent predictors of 28-day mortality included Pa o2 /F io2 ratio (hazard ratio [HR], 0.998; P < 0.001) and acute kidney injury (HR, 1.312; P = 0.039) in pulmonary sepsis, and SAPS II (HR, 1.037; P = 0.017) in abdominal sepsis. A model that combined APACHE II score, lactate, and MEDS score or SAPS II score had the best area under the receiver operating characteristic curve in predicting mortality in patients with pulmonary sepsis or abdominal sepsis, respectively. Interaction term analysis confirmed the association between 28-day mortality and lactate, APACHE II score, MEDS score, SAPS II score, and shock according to the sepsis subgroups. The mortality of patients with pulmonary sepsis was higher than that of patients with abdominal sepsis among patients without shock (32.9% vs. 8.8%; P < 0.001) but not among patients with shock (63.7 vs. 48.4%; P = 0.118). Conclusions: Patients with pulmonary sepsis had higher 28-day mortality than patients with abdominal sepsis. The study identified sepsis subgroup-specific mortality predictors. Shock had a larger effect on mortality in patients with abdominal sepsis than in those with pulmonary sepsis.",https://pubmed.ncbi.nlm.nih.gov/37267265/
37217272,2023,Critical illness myopathy and trajectory of recovery in acute kidney injury requiring continuous renal replacement therapy: a prospective observational trial protocol.,Teixeira JP; Griffin BR; Pal CA; González-Seguel F; Jenkins N; Jones BM; Yoshida Y; George N; Israel HP; Ghazi L; Neyra JA; Mayer KP,BMJ open,10.1136/bmjopen-2023-072448,"Clinical Trial Protocol; Journal Article; Research Support, N.I.H., Extramural",eng,"Acute kidney injury requiring renal replacement therapy (AKI-RRT) is common in the intensive care unit (ICU) and is associated with significant morbidity and mortality. Continuous RRT (CRRT) non-selectively removes large amounts of amino acids from plasma, lowering serum amino acid concentrations and potentially depleting total-body amino acid stores. Therefore, the morbidity and mortality associated with AKI-RRT may be partly mediated through accelerated skeletal muscle atrophy and resulting muscle weakness. However, the impact of AKI-RRT on skeletal muscle mass and function during and following critical illness remains unknown. We hypothesise that patients with AKI-RRT have higher degrees of acute muscle loss than patients without AKI-RRT and that AKI-RRT survivors are less likely to recover muscle mass and function when compared with other ICU survivors. This protocol describes a prospective, multicentre, observational trial assessing skeletal muscle size, quality and function in ICU patients with AKI-RRT. We will perform musculoskeletal ultrasound to longitudinally evaluate rectus femoris size and quality at baseline (within 48 hours of CRRT initiation), day 3, day 7 or at ICU discharge, at hospital discharge, and 1-3 months postdischarge. Additional skeletal muscle and physical function tests will be performed at hospital discharge and postdischarge follow-up. We will analyse the effect of AKI-RRT by comparing the findings in enrolled subjects to historical controls of critically ill patients without AKI-RRT using multivariable modelling. We anticipate our study will reveal that AKI-RRT is associated with greater degrees of muscle loss and dysfunction along with impaired postdischarge recovery of physical function. These findings could impact the in-hospital and postdischarge treatment plan for these patients to include focused attention on muscle strength and function. We intend to disseminate findings to participants, healthcare professionals, the public and other relevant groups via conference presentation and publication without any publication restrictions. NCT05287204.",https://pubmed.ncbi.nlm.nih.gov/37217272/
37209975,2023,Identifying acute kidney injury subphenotypes using an outcome-driven deep-learning approach.,Tan Y; Huang J; Zhuang J; Huang H; Jiang S; She M; Tian M; Liu Y; Yu X,Journal of biomedical informatics,10.1016/j.jbi.2023.104393,"Journal Article; Research Support, Non-U.S. Gov't",eng,"Acute kidney injury (AKI), a common condition on the intensive-care unit (ICU), is characterized by an abrupt decrease in kidney function within a few hours or days, leading to kidney failure or damage. Although AKI is associated with poor outcomes, current guidelines overlook the heterogeneity among patients with this condition. Identification of AKI subphenotypes could enable targeted interventions and a deeper understanding of the injury's pathophysiology. While previous approaches based on unsupervised representation learning have been used to identify AKI subphenotypes, these methods cannot assess time series or disease severity. In this study, we developed a data- and outcome-driven deep-learning (DL) approach to identify and analyze AKI subphenotypes with prognostic and therapeutic implications. Specifically, we developed a supervised long short-term memory (LSTM) autoencoder (AE) with the aim of extracting representation from time-series EHR data that were intricately correlated with mortality. Then, subphenotypes were identified via application of K-means. In two publicly available datasets, three distinct clusters were identified, characterized by mortality rates of 11.3%, 17.3%, and 96.2% in one dataset and 4.6%, 12.1%, and 54.6% in the other. Further analysis demonstrated that AKI subphenotypes identified by our proposed approach were statistically significant on several clinical characteristics and outcomes. In this study, our proposed approach could successfully cluster the AKI population in ICU settings into 3 distinct subphenotypes. Thus, such approach could potentially improve outcomes of AKI patients in the ICU, with better risk assessment and potentially better personalized treatment.",https://pubmed.ncbi.nlm.nih.gov/37209975/
37096423,2023,The effects of timing onset and progression of AKI on the clinical outcomes in AKI patients with sepsis: a prospective multicenter cohort study.,Wang M; Wang X; Zhu B; Li W; Jiang Q; Zuo Y; Wen J; He Y; Xi X; Jiang L,Renal failure,10.1080/0886022X.2022.2138433,Multicenter Study; Journal Article,eng,"Limited studies are available concerning on the earlier identification of AKI with sepsis. The aim of the study was to identify the risk factors of AKI early which depended on the timing onset and progression of AKI and investigate the effects of timing onset and progression of AKI on clinical outcomes. Patients who developed sepsis during their first 48-h admission to ICU were included. The primary outcome was major adverse kidney events (MAKE) consisted of all-cause mortality, RRT-dependence, or an inability to recover to 1.5 times of the baseline creatinine value up to 30 days. We determined MAKE and in-hospital mortality by multivariable logistic regression and explored the risk factors of early persistent-AKI. C statistics were used to evaluate model fit. 58.7% sepsis patients developed AKI. According to the timing onset and progression of AKI, Early transient-AKI, early persistent-AKI, late transient-AKI, late persistent-AKI were identified. Clinical outcomes were quite different among subgroups. Early persistent-AKI had 3.0-fold (OR 3.04, 95% CI 1.61 - 4.62) risk of MAKE and 2.6-fold (OR 2.60, 95%CI 1.72 - 3.76) risk of in-hospital mortality increased compared with the late transients-AKI. Older age, underweight, obese, faster heart rate, lower MAP, platelet, hematocrit, pH and energy intake during the first 24 h on ICU admission could well predict the early persistent-AKI in patients with sepsis. Four AKI subphenotypes were identified based on the timing onset and progression of AKI. Early persistent-AKI showed higher risk of major adverse kidney events and in-hospital mortality. This study was registered in the Chinese Clinical Trials Registry (www.chictr.org/cn) under registration number ChiCTR-ECH-13003934.",https://pubmed.ncbi.nlm.nih.gov/37096423/
37043222,2023,Unsupervised clustering identifies sub-phenotypes and reveals novel outcome predictors in patients with dialysis-requiring sepsis-associated acute kidney injury.,Lai CF; Liu JH; Tseng LJ; Tsao CH; Chou NK; Lin SL; Chen YM; Wu VC,Annals of medicine,10.1080/07853890.2023.2197290,"Observational Study; Journal Article; Research Support, Non-U.S. Gov't",eng,"Heterogeneity exists in sepsis-associated acute kidney injury (SA-AKI). This study aimed to perform unsupervised consensus clustering in critically ill patients with dialysis-requiring SA-AKI. This prospective observational cohort study included all septic patients, defined by the Sepsis-3 criteria, with dialysis-requiring SA-AKI in surgical intensive care units in Taiwan between 2009 and 2018. We employed unsupervised consensus clustering based on 23 clinical variables upon initializing renal replacement therapy. Multivariate-adjusted Cox regression models and Fine-Gray sub-distribution hazard models were built to test associations between cluster memberships with mortality and being free of dialysis at 90 days after hospital discharge, respectively. Consensus clustering among 999 enrolled patients identified three sub-phenotypes characterized with distinct clinical manifestations upon renal replacement therapy initiation (n = 352, 396 and 251 in cluster 1, 2 and 3, respectively). They were followed for a median of 48 (interquartile range 9.5-128.5) days. Phenotypic cluster 1, featured by younger age, lower Charlson Comorbidity Index, higher baseline estimated glomerular filtration rate but with higher severity of acute illness was associated with an increased risk of death (adjusted hazard ratio of 3.05 [95% CI, 2.35-3.97]) and less probability to become free of dialysis (adjusted sub-distribution hazard ratio of 0.55 [95% CI, 0.38-0.8]) than cluster 3. By examining distinct features of the sub-phenotypes, we discovered that pre-dialysis hyperlactatemia ≥3.3 mmol/L was an independent outcome predictor. A clinical model developed to determine high-risk sub-phenotype 1 in this cohort (C-static 0.99) can identify a sub-phenotype with high in-hospital mortality risk (adjusted hazard ratio of 1.48 [95% CI, 1.25-1.74]) in another independent multi-centre SA-AKI cohort. Our data-driven approach suggests sub-phenotypes with clinical relevance in dialysis-requiring SA-AKI and serves an outcome predictor. This strategy represents further development toward precision medicine in the definition of high-risk sub-phenotype in patients with SA-AKI.Key messagesUnsupervised consensus clustering can identify sub-phenotypes of patients with SA-AKI and provide a risk prediction.Examining the features of patient heterogeneity contributes to the discovery of serum lactate levels ≥ 3.3 mmol/L upon initializing RRT as an independent outcome predictor.This data-driven approach can be useful for prognostication and lead to a better understanding of therapeutic strategies in heterogeneous clinical syndromes.",https://pubmed.ncbi.nlm.nih.gov/37043222/
37020287,2023,The furosemide stress test predicts the timing of continuous renal replacement therapy initiation in critically ill patients with acute kidney injury: a double-blind prospective intervention cohort study.,Zhang K; Zhang H; Zhao C; Hu Z; Shang J; Chen Y; Huo Y; Zhao C; Li B; Guo S; Hebei Key Laboratory of Critical Disease Mechanism and Intervention,European journal of medical research,10.1186/s40001-023-01092-9,Randomized Controlled Trial; Journal Article,eng,"Continuous renal replacement therapy (CRRT) remains a crucial treatment for critically ill patients with acute kidney injury (AKI), although the timing of its initiation is still a matter of contention. Furosemide stress testing (FST) may be a practical and beneficial prediction instrument. This research was meant to examine if FST can be used to identify high-risk patients for CRRT. This study is a double-blind, prospective interventional cohort study. For patients with AKI receiving intensive care unit (ICU) income, FST was selected with furosemide 1 mg/kg intravenous (1.5 mg/kg intravenous if a loop diuretic was received within 7 days). Urinary volume more than 200 ml at 2 h after FST was FST-responsive, less than 200 ml was FST-nonresponsive. The FST results are kept strictly confidential from the clinician, who decides whether to initiate CRRT based on laboratory testing and clinical symptoms other than the FST data. The FST data are concealed from both the patients and the clinician. FST was delivered to 187 of 241 patients who satisfied the inclusion and exclusion criteria, with 48 patients responding to the test and 139 patients not responding. 18/48 (37.5%) of the FST-responsive patients received CRRT, while 124/139 (89.2%) of the FST-nonresponsive patients received CRRT. There was no significant difference between the CRRT and non-CRRT groups in terms of general health and medical history (P > 0.05). Urine volume after 2 h of FST was considerably lower in the CRRT group than in the non-CRRT group (35 ml, IQR5-143.75 versus 400 ml, IQR210-890; P = 0.000). FST non-responders were 2.379 times more likely to initiate CRRT than FST responders (95% CI 1.644-3.443, P = 0.000). The area under the curve (AUC) for initiating CRRT was 0.966 (cutoff of 156 ml, sensitivity of 94.85%, specificity of 98.04%, P < 0.001). This study demonstrated that FST is a safe and practical approach for predicting the initiation of CRRT in critically ill AKI patients. Trial registration www.chictr.org.cn , ChiCTR1800015734, Registered 17 April 2018.",https://pubmed.ncbi.nlm.nih.gov/37020287/
37011875,2023,Auto- and paracrine rewiring of NIX-mediated mitophagy by insulin-like growth factor-binding protein 7 in septic AKI escalates inflammation-coupling tubular damage.,Hu BC; Zhu JW; Wu GH; Cai JJ; Yang X; Shao ZQ; Zheng Y; Lai JM; Shen Y; Yang XH; Liu JQ; Sun RH; Zhu HP; Ye XM; Mo SJ,Life sciences,10.1016/j.lfs.2023.121653,Journal Article,eng,"Inflammation-coupling tubular damage (ICTD) contributes to pathogenesis of septic acute kidney injury (AKI), in which insulin-like growth factor-binding protein 7 (IGFBP-7) serves as a biomarker for risk stratification. The current study aims to discern how IGFBP-7 signalling influences ICTD, the mechanisms that underlie this process and whether blockade of the IGFBP-7-dependent ICTD might have therapeutic value for septic AKI. In vivo characterization was carried out in B6/JGpt-Igfbp7em1Cd1165/Gpt mice subjected to cecal ligation and puncture (CLP). Transmission electron microscopy, immunofluorescence, flow cytometry, immunoblotting, ELISA, RT-qPCR and dual-luciferase reporter assays were used to determine mitochondrial functions, cell apoptosis, cytokine secretion and gene transcription. ICTD augments the transcriptional activity and protein secretion of tubular IGFBP-7, which enables an auto- and paracrine signalling via deactivation of IGF-1 receptor (IGF-1R). Genetic knockout (KO) of IGFBP-7 provides renal protection, improves survival and resolves inflammation in murine models of cecal ligation and puncture (CLP), while administering recombinant IGFBP-7 aggravates ICTD and inflammatory invasion. IGFBP-7 perpetuates ICTD in a NIX/BNIP3-indispensable fashion through dampening mitophagy that restricts redox robustness and preserves mitochondrial clearance programs. Adeno-associated viral vector 9 (AAV9)-NIX short hairpin RNA (shRNA) delivery ameliorates the anti-septic AKI phenotypes of IGFBP-7 KO. Activation of BNIP3-mediated mitophagy by mitochonic acid-5 (MA-5) effectively attenuates the IGFBP-7-dependent ICTD and septic AKI in CLP mice. Our findings identify IGFBP-7 is an auto- and paracrine manipulator of NIX-mediated mitophagy for ICTD escalation and propose that targeting the IGFBP-7-dependent ICTD represents a novel therapeutic strategy against septic AKI.",https://pubmed.ncbi.nlm.nih.gov/37011875/
37010559,2023,Acute kidney injury biomarker olfactomedin 4 predicts furosemide responsiveness.,Hasson DC; Zhang B; Krallman K; Rose JE; Kempton KM; Steele P; Devarajan P; Goldstein SL; Alder MN,"Pediatric nephrology (Berlin, Germany)",10.1007/s00467-023-05920-2,"Journal Article; Research Support, N.I.H., Extramural",eng,"Acute kidney injury (AKI) is associated with increased morbidity and mortality in critically ill patients. Olfactomedin 4 (OLFM4), a secreted glycoprotein expressed in neutrophils and stressed epithelial cells, is upregulated in loop of Henle (LOH) cells following AKI. We hypothesized that urine OLFM4 (uOLFM4) will increase in patients with AKI and may predict furosemide responsiveness. Urine from critically ill children was collected prospectively and tested for uOLFM4 concentrations with a Luminex immunoassay. Severe AKI was defined by KDIGO (stage 2/3) serum creatinine criteria. Furosemide responsiveness was defined as > 3 mL/kg/h of urine output in the 4 h after a 1 mg/kg IV furosemide dose administered as part of standard of care. Fifty-seven patients contributed 178 urine samples. Irrespective of sepsis status or AKI cause, uOLFM4 concentrations were higher in patients with AKI (221 ng/mL [IQR 93-425] vs. 36 ng/mL [IQR 15-115], p = 0.007). uOLFM4 concentrations were higher in patients unresponsive to furosemide (230 ng/mL [IQR 102-534] vs. 42 ng/mL [IQR 21-161], p = 0.04). Area under the receiver operating curve for association with furosemide responsiveness was 0.75 (95% CI, 0.60-0.90). AKI is associated with increased uOLFM4. Higher uOLFM4 is associated with a lack of response to furosemide. Further testing is warranted to determine whether uOLFM4 could identify patients most likely to benefit from earlier escalation from diuretics to kidney replacement therapy to maintain fluid balance. A higher resolution version of the Graphical abstract is available as Supplementary information.",https://pubmed.ncbi.nlm.nih.gov/37010559/
36988335,2023,Predicting the Development of Renal Replacement Therapy Indications by Combining the Furosemide Stress Test and Chemokine (C-C Motif) Ligand 14 in a Cohort of Postsurgical Patients.,Meersch M; Weiss R; Gerss J; Albert F; Gruber J; Kellum JA; Chawla L; Forni LG; Koyner JL; von Groote T; Zarbock A,Critical care medicine,10.1097/CCM.0000000000005849,"Observational Study; Journal Article; Research Support, Non-U.S. Gov't",eng,"Optimal timing of renal replacement therapy (RRT) initiation in severe acute kidney injury (AKI) remains controversial. Initiation of treatment early in the course of AKI may lead to some patients undergoing unnecessary RRT, whereas delayed treatment is associated with increased mortality. This study aims to investigate whether the combination of the furosemide stress test (FST) and AKI-associated biomarkers can predict the development of indications for RRT. Single-center, prospective, observational study. University Hospital of Muenster, Germany. Critically ill, postoperative patients with moderate AKI (Kidney Disease: Improving Global Outcomes stage 2) and risk factors for further progression (vasopressors and/or mechanical ventilation) receiving an FST. Sample collection and measurement of different biomarkers (chemokine [C-C motif] ligand 14 [CCL14], neutrophil gelatinase-associated lipocalin, dipeptidyl peptidase 3). The primary endpoint was the development of greater than or equal to one predefined RRT indications (hyperkalemia [≥ 6 mmol/L], diuretic-resistant hypervolemia, high urea serum levels [≥ 150 mg/dL], severe metabolic acidosis [pH ≤ 7.15], oliguria [urinary output < 200 mL/12 hr], or anuria). Two hundred eight patients were available for the primary analysis with 108 having a negative FST (urine output < 200 mL in 2 hr following FST). Ninety-eight patients (47%) met the primary endpoint, 82% in the FST negative cohort. At the time of inclusion, the combination of a negative FST test and high urinary CCL14 levels had a significantly higher predictive value for the primary endpoint with an area under the receiver operating characteristic curve (AUC) of 0.87 (95% CI, 0.82-0.92) compared with FST or CCL14 alone (AUC, 0.79; 95% CI, 0.74-0.85 and AUC, 0.83; 95% CI, 0.77-0.89; p < 0.001, respectively). Other biomarkers showed lower AUCs. The combination of the FST with the renal biomarker CCL14 predicts the development of indications for RRT.",https://pubmed.ncbi.nlm.nih.gov/36988335/
36975209,2023,Joint Modeling of Clinical and Biomarker Data in Acute Kidney Injury Defines Unique Subphenotypes with Differing Outcomes.,Vasquez-Rios G; Oh W; Lee S; Bhatraju P; Mansour SG; Moledina DG; Gulamali FF; Siew ED; Garg AX; Sarder P; Chinchilli VM; Kaufman JS; Hsu CY; Liu KD; Kimmel PL; Go AS; Wurfel MM; Himmelfarb J; Parikh CR; Coca SG; Nadkarni GN,Clinical journal of the American Society of Nephrology : CJASN,10.2215/CJN.0000000000000156,"Journal Article; Research Support, N.I.H., Extramural",eng,"AKI is a heterogeneous syndrome. Current subphenotyping approaches have only used limited laboratory data to understand a much more complex condition. We focused on patients with AKI from the Assessment, Serial Evaluation, and Subsequent Sequelae in AKI (ASSESS-AKI). We used hierarchical clustering with Ward linkage on biomarkers of inflammation, injury, and repair/health. We then evaluated clinical differences between subphenotypes and examined their associations with cardiorenal events and death using Cox proportional hazard models. We included 748 patients with AKI: 543 (73%) of them had AKI stage 1, 112 (15%) had AKI stage 2, and 93 (12%) had AKI stage 3. The mean age (±SD) was 64 (13) years; 508 (68%) were men; and the median follow-up was 4.7 (Q1: 2.9, Q3: 5.7) years. Patients with AKI subphenotype 1 ( N =181) had the highest kidney injury molecule (KIM-1) and troponin T levels. Subphenotype 2 ( N =250) had the highest levels of uromodulin. AKI subphenotype 3 ( N =159) comprised patients with markedly high pro-brain natriuretic peptide and plasma tumor necrosis factor receptor-1 and -2 and low concentrations of KIM-1 and neutrophil gelatinase-associated lipocalin. Finally, patients with subphenotype 4 ( N =158) predominantly had sepsis-AKI and the highest levels of vascular/kidney inflammation (YKL-40, MCP-1) and injury (neutrophil gelatinase-associated lipocalin, KIM-1). AKI subphenotypes 3 and 4 were independently associated with a higher risk of death compared with subphenotype 2 and had adjusted hazard ratios of 2.9 (95% confidence interval, 1.8 to 4.6) and 1.6 (95% confidence interval, 1.01 to 2.6, P = 0.04), respectively. Subphenotype 3 was also independently associated with a three-fold risk of CKD and cardiovascular events. We discovered four AKI subphenotypes with differing clinical features and biomarker profiles that are associated with longitudinal clinical outcomes.",https://pubmed.ncbi.nlm.nih.gov/36975209/
36973328,2023,Lack of furosemide responsiveness predict severe acute kidney injury after liver transplantation.,Cai L; Shu L; Yujun Z; Ke C; Qiang W,Scientific reports,10.1038/s41598-023-31757-8,"Journal Article; Research Support, Non-U.S. Gov't",eng,"Acute kidney injury (AKI) remains to be a common but severe complication after liver transplantation (LT). However, there are still few clinically validated biomarkers. A total of 214 patients who underwent routine furosemide (1-2 mg/kg) after LT were retrospectively included. The urine output during the first 6 h was recorded to evaluate the predictive value of AKI stage 3 and renal replacement therapy (RRT). 105 (49.07%) patients developed AKI, including 21 (9.81%) progression to AKI stage 3 and 10 (4.67%) requiring RRT. The urine output decreased with the increasing severity of AKI. The urine output of AKI stage 3 did not significantly increase after the use of furosemide. The area under the receiver operator characteristic (ROC) curves for the total urine output in the first hour to predict progression to AKI stage 3 was 0.94 (p < 0.001). The ideal cutoff for predicting AKI progression during the first hour was a urine volume of less than 200 ml with a sensitivity of 90.48% and specificity of 86.53%. The area under the ROC curves for the total urine output in the six hours to predict progression to RRT was 0.944 (p < 0.001). The ideal cutoff was a urine volume of less than 500 ml with a sensitivity of 90% and specificity of 90.91%. Severe AKI after liver transplantation seriously affects the outcome of patients. Lack of furosemide responsiveness quickly and accurately predict AKI stage 3, and patients requiring RRT after the operation.",https://pubmed.ncbi.nlm.nih.gov/36973328/
36807233,2023,"Association of systolic, diastolic, mean, and pulse pressure with morbidity and mortality in septic ICU patients: a nationwide observational study.",Khanna AK; Kinoshita T; Natarajan A; Schwager E; Linn DD; Dong J; Ghosh E; Vicario F; Maheshwari K,Annals of intensive care,10.1186/s13613-023-01101-4,Journal Article,eng,"Intensivists target different blood pressure component values to manage intensive care unit (ICU) patients with sepsis. We aimed to evaluate the relationship between individual blood pressure components and organ dysfunction in critically ill septic patients. In this retrospective observational study, we evaluated 77,328 septic patients in 364 ICUs in the eICU Research Institute database. Primary exposure was the lowest cumulative value of each component; mean, systolic, diastolic, and pulse pressure, sustained for at least 120 min during ICU stay. Primary outcome was ICU mortality and secondary outcomes were composite outcomes of acute kidney injury or death and myocardial injury or death during ICU stay. Multivariable logistic regression spline and threshold regression adjusting for potential confounders were conducted to evaluate associations between exposures and outcomes. Sensitivity analysis was conducted in 4211 patients with septic shock. Lower values of all blood pressures components were associated with a higher risk of ICU mortality. Estimated change-points for the risk of ICU mortality were 69 mmHg for mean, 100 mmHg for systolic, 60 mmHg for diastolic, and 57 mmHg for pulse pressure. The strength of association between blood pressure components and ICU mortality as determined by slopes of threshold regression were mean (- 0.13), systolic (- 0.11), diastolic (- 0.09), and pulse pressure (- 0.05). Equivalent non-linear associations between blood pressure components and ICU mortality were confirmed in septic shock patients. We observed a similar relationship between blood pressure components and secondary outcomes. Blood pressure component association with ICU mortality is the strongest for mean followed by systolic, diastolic, and weakest for pulse pressure. Critical care teams should continue to follow MAP-based resuscitation, though exploratory analysis focusing on blood pressure components in different sepsis phenotypes in critically ill ICU patients is needed.",https://pubmed.ncbi.nlm.nih.gov/36807233/
36769749,2023,The Response of Macrophages in Sepsis-Induced Acute Kidney Injury.,He J; Zhao S; Duan M,Journal of clinical medicine,10.3390/jcm12031101,Journal Article; Review,eng,"Sepsis-induced acute kidney injury (SAKI) is common in critically ill patients and often leads to poor prognosis. At present, the pathogenesis of SAKI has not been fully clarified, and there is no effective treatment. Macrophages are immune cells that play an important role in the pathogenesis of SAKI. The phenotype and role of macrophages can vary from early to later stages of SAKI. Elucidating the role of macrophages in SAKI will be beneficial to its diagnosis and treatment. This article reviews past studies describing the role of macrophages in SAKI, with the aim of identifying novel therapeutic targets.",https://pubmed.ncbi.nlm.nih.gov/36769749/
36645039,2023,Explainable machine learning model for predicting furosemide responsiveness in patients with oliguric acute kidney injury.,Jiang M; Pan CQ; Li J; Xu LG; Li CL,Renal failure,10.1080/0886022X.2022.2151468,Journal Article,eng,"Although current guidelines didn't support the routine use of furosemide in oliguric acute kidney injury (AKI) management, some patients may benefit from furosemide administration at an early stage. We aimed to develop an explainable machine learning (ML) model to differentiate between furosemide-responsive (FR) and furosemide-unresponsive (FU) oliguric AKI. From Medical Information Mart for Intensive Care-IV (MIMIC-IV) and eICU Collaborative Research Database (eICU-CRD), oliguric AKI patients with urine output (UO) < 0.5 ml/kg/h for the first 6 h after ICU admission and furosemide infusion ≥ 40 mg in the following 6 h were retrospectively selected. The MIMIC-IV cohort was used in training a XGBoost model to predict UO > 0.65 ml/kg/h during 6-24 h succeeding the initial 6 h for assessing oliguria, and it was validated in the eICU-CRD cohort. We compared the predictive performance of the XGBoost model with the traditional logistic regression and other ML models. 6897 patients were included in the MIMIC-IV training cohort, with 2235 patients in the eICU-CRD validation cohort. The XGBoost model showed an AUC of 0.97 (95% CI: 0.96-0.98) for differentiating FR and FU oliguric AKI. It outperformed the logistic regression and other ML models in correctly predicting furosemide diuretic response, achieved 92.43% sensitivity (95% CI: 90.88-93.73%) and 95.12% specificity (95% CI: 93.51-96.3%). A boosted ensemble algorithm can be used to accurately differentiate between patients who would and would not respond to furosemide in oliguric AKI. By making the model explainable, clinicians would be able to better understand the reasoning behind the prediction outcome and make individualized treatment.",https://pubmed.ncbi.nlm.nih.gov/36645039/
36623515,2023,"Cisplatin with veliparib or placebo in metastatic triple-negative breast cancer and BRCA mutation-associated breast cancer (S1416): a randomised, double-blind, placebo-controlled, phase 2 trial.",Rodler E; Sharma P; Barlow WE; Gralow JR; Puhalla SL; Anders CK; Goldstein L; Tripathy D; Brown-Glaberman UA; Huynh TT; Szyarto CS; Godwin AK; Pathak HB; Swisher EM; Radke MR; Timms KM; Lew DL; Miao J; Pusztai L; Hayes DF; Hortobagyi GN,The Lancet. Oncology,10.1016/S1470-2045(22)00739-2,"Randomized Controlled Trial; Clinical Trial, Phase II; Journal Article; Research Support, N.I.H., Extramural; Research Support, Non-U.S. Gov't",eng,"Poly(ADP-ribose) polymerase (PARP) inhibitors are effective in germline BRCA1 or BRCA2 (BRCA1/2) mutation-associated metastatic breast cancer. However, studies evaluating PARP inhibitors plus platinum-based chemotherapy in germline BRCA1/2-wildtype triple-negative breast cancer are scarce. A large proportion of germline BRCA1/2-wildtype triple-negative breast cancer shows homologous recombination deficiency (HRD), resulting in a BRCA-like phenotype that might render sensitivity to PARP inhibitors. The S1416 trial assessed the efficacy of cisplatin combined with the PARP inhibitor veliparib in three predefined groups of metastatic breast cancer: germline BRCA1/2-mutated, BRCA-like, and non-BRCA-like. S1416 was a randomised, double-blind, placebo-controlled, phase 2 trial conducted at 154 community and academic clinical sites across the USA. Eligible patients aged 18 years or older had metastatic or recurrent triple-negative breast cancer or germline BRCA1/2-associated metastatic or recurrent breast cancer, an Eastern Cooperative Oncology Group performance status of 0-2, and had received up to one line of chemotherapy for metastatic disease. Patients were randomly assigned (1:1) via the National Clinical Trials Network open interactive system with dynamic balancing on number of previous cytotoxic regimens for metastatic disease to receive intravenous cisplatin (75 mg/m2, day 1) combined with either veliparib or matching placebo (300 mg orally twice a day, days 1-14) on a 21-day cycle. Investigators, patients, and the sponsors were masked to treatment assignment; the study statisticians were unmasked. Central testing after ran domisation classified patients as having mutated or wildtype germline BRCA1/2. A biomarker panel established a priori was used to classify patients with wildtype germline BRCA1/2 into BRCA-like and non-BRCA-like phenotype groups, with BRCA-like status based on at least one of the biomarkers: genomic instability score (≥42), somatic BRCA1/2 mutations, BRCA1 promoter methylation, or non-BRCA1/2 homologous recombination repair germline mutations. The primary endpoint was investigator-assessed progression-free survival, analysed separately for the three predefined biomarker groups with a prespecified α value for each analysis. Efficacy analyses were done by intention to treat and included all eligible patients. Safety analyses of toxicities attributed to treatment included all patients who received at least one dose of veliparib or placebo. The study is ongoing and registered with ClinicalTrials.gov, NCT02595905. Between July 7, 2016, and June 15, 2019, 335 patients were enrolled and randomly assigned. 320 patients (n=162 to cisplatin plus veliparib, all women; and n=158 to cisplatin plus placebo, 157 women and one man) were eligible for efficacy evaluation. 247 patients were classified into the three biomarker groups: germline BRCA1/2-mutated (n=37), BRCA-like (n=101), and non-BRCA-like (n=109). 73 patients could not be classified due to missing biomarker information. Median follow-up was 11·1 months (IQR 5·6-20·8). In the germline BRCA1/2-mutated group, median progression-free survival was 6·2 months (95% CI 2·3-9·2) in the cisplatin plus veliparib group and 6·4 months (4·3-8·2) in the cisplatin plus placebo group (HR 0·79 [95% CI 0·38-1·67]; log-rank p=0·54). In the BRCA-like group, median progression-free survival was 5·9 months (95% CI 4·3-7·8) in the cisplatin plus veliparib group versus 4·2 months (2·3-5·0) in the cisplatin plus placebo group (HR 0·57 [95% CI 0·37-0·88]; p=0·010). In the non-BRCA-like group, median progression-free survival was 4·0 months (95% CI 2·5-4·7) in the cisplatin plus veliparib group versus 3·0 months (2·2-4·4) in the cisplatin plus placebo group (HR 0·89 [95% CI 0·60-1·33]; p=0·57). The most common grade 3 or worse adverse events attributed to treatment were neutropenia (71 [46%] of 155 patients in the cisplatin plus veliparib group vs 29 [20%] of 147 in the cisplatin plus placebo group), leukopenia (42 [27%] vs 11 [7%]), anaemia (35 [23%] vs 12 [8%]), and thrombocytopenia (29 [19%] vs four [3%]). Serious adverse events attributed to treatment occurred in 48 (31%) patients in the cisplatin plus veliparib group and 53 (36%) patients in the cisplatin plus placebo group. Treatment-related adverse events led to death in one patient in the cisplatin plus veliparib group (sepsis) and one patient in the cisplatin plus placebo group (acute kidney injury due to cisplatin plus heart failure from previous doxorubicin exposure). The addition of veliparib to cisplatin significantly improved progression-free survival in patients with BRCA-like metastatic triple-negative breast cancer, but not in patients with non-BRCA-like metastatic breast cancer. PARP inhibitors combined with platinum-based chemotherapy should be explored further in BRCA-like triple-negative breast cancer. National Cancer Institute and National Institute of General Medical Sciences (US National Institutes of Health); AbbVie; Myriad Genetics; the Biomarker, Imaging, and Quality of Life Studies Funding Program (awarded by the National Cancer Institute); and The University of Kansas Cancer Center.",https://pubmed.ncbi.nlm.nih.gov/36623515/
36538355,2023,Extended-age Out-of-sample Validation of Risk Stratification Index 3.0 Models Using Commercial All-payer Claims.,Greenwald S; Chamoun GF; Chamoun NG; Clain D; Hong Z; Jordan R; Manberg PJ; Maheshwari K; Sessler DI,Anesthesiology,10.1097/ALN.0000000000004477,"Journal Article; Research Support, Non-U.S. Gov't",eng,"The authors previously reported a broad suite of individualized Risk Stratification Index 3.0 (Health Data Analytics Institute, Inc., USA) models for various meaningful outcomes in patients admitted to a hospital for medical or surgical reasons. The models used International Classification of Diseases, Tenth Revision, trajectories and were restricted to information available at hospital admission, including coding history in the previous year. The models were developed and validated in Medicare patients, mostly age 65 yr or older. The authors sought to determine how well their models predict utilization outcomes and adverse events in younger and healthier populations. The authors' analysis was based on All Payer Claims for surgical and medical hospital admissions from Utah and Oregon. Endpoints included unplanned hospital admissions, in-hospital mortality, acute kidney injury, sepsis, pneumonia, respiratory failure, and a composite of major cardiac complications. They prospectively applied previously developed Risk Stratification Index 3.0 models to the younger and healthier 2017 Utah and Oregon state populations and compared the results to their previous out-of-sample Medicare validation analysis. In the Utah dataset, there were 55,109 All Payer Claims admissions across 40,710 patients. In the Oregon dataset, there were 21,213 admissions from 16,951 patients. Model performance on the two state datasets was similar or better than in Medicare patients, with an average area under the curve of 0.83 (0.71 to 0.91). Model calibration was reasonable with an R2 of 0.93 (0.84 to 0.97) for Utah and 0.85 (0.71 to 0.91) for Oregon. The mean sensitivity for the highest 5% risk population was 28% (17 to 44) for Utah and 37% (20 to 56) for Oregon. Predictive analytical modeling based on administrative claims history provides individualized risk profiles at hospital admission that may help guide patient management. Similar predictive performance in Medicare and in younger and healthier populations indicates that Risk Stratification Index 3.0 models are valid across a broad range of adult hospital admissions.",https://pubmed.ncbi.nlm.nih.gov/36538355/
36527981,2023,Effect of tracheostomy timing in pediatric patients with traumatic brain injury.,Salik I; Das A; Naftchi AF; Vazquez S; Spirollari E; Dominguez JF; Sukul V; Stewart D; Moscatello A,International journal of pediatric otorhinolaryngology,10.1016/j.ijporl.2022.111414,Journal Article,eng,"Traumatic brain injury (TBI) is a prevalent cause of disability and death in the pediatric population, often requiring prolonged mechanical ventilation. Patients with significant TBI or intracranial hemorrhage require advanced airway management to protect against aspiration, hypoxia, and hypercarbia, eventually necessitating tracheostomy. While tracheostomy is much less common in children compared to adults, its prevalence among pediatric populations has been steadily increasing. Although early tracheostomy has demonstrated improved outcomes in adult patients, optimal tracheostomy timing in the pediatric population with TBI remains to be definitively established. This retrospective cohort analysis aims to evaluate pediatric TBI patients who undergo tracheostomy and to investigate the impact of tracheostomy timing on outcomes. The Healthcare Cost and Utilization Project (HCUP) Kids' Inpatient Database (KID), collected between in 2016 and 2019, was queried using International Classification of Disease 10th edition (ICD10) codes for patients with traumatic brain injury who had received a tracheostomy. Baseline demographics, insurance status, and procedural day data were analyzed with univariate and multivariate regression analyses. Propensity score matching was performed to estimate the incidence of medical complications and mortality related to early versus late tracheostomy timing (as defined by median = 9 days). Of the 68,793 patients (mean age = 14, IQR 4-18) who suffered a TBI, 1,956 (2.8%) received a tracheostomy during their hospital stay. TBI patients who were tracheostomized were older (mean age = 16.5 vs 11.4 years), more likely to have injuries classified as severe TBIs and more likely to have accumulated more than one indicator of parenchymal injury as measured by the Composite Stroke Severity Scale (CSSS >1) than non-tracheostomized TBI patients. TBI patients with a tracheostomy were more likely to encounter serious complications such as sepsis, acute kidney injury (AKI), meningitis, or acute respiratory distress syndrome (ARDS). They were also more likely to necessitate an external ventricular drain (EVD) or decompressive hemicraniectomy (DHC) than TBI patients without a tracheostomy. Tracheostomy was also negatively associated with routine discharge. Procedural timing was assessed in 1,867 patients; older children (age >15 years) were more likely to undergo earlier placements (p < 0.001). Propensity score matching (PSM) comparing early versus late placement was completed by controlling for age, gender, and TBI severity. Those who were subjected to late tracheostomy (>9 days) were more likely to face complications such as AKI or deep vein thrombosis (DVT) as well as a host of respiratory conditions such as pulmonary embolism, aspiration pneumonitis, pneumonia, or ARDS. While the timing did not significantly impact mortality across the PSM cohorts, late tracheostomy was associated with increased length of stay (LOS) and ventilator dependence. Tracheostomy, while necessary for some patients who have sustained a TBI, is itself associated with several risks that should be assessed in context of each individual patient's overall condition. Additionally, the timing of the intervention may significantly impact the trajectory of the patient's recovery. Early intervention may reduce the incidence of serious complications as well as length of stay and dependence on a ventilator and facilitate a timelier recovery.",https://pubmed.ncbi.nlm.nih.gov/36527981/
36127479,2023,Urinary albumin-to-creatinine ratio and serum albumin are predictors of acute kidney injury in non-ventilated COVID-19 patients: a single-center prospective cohort study.,Schnabel K; Garam N; Ledó N; Hajdú N; Kóczy Á; Takács I; Tabák ÁG; Tislér A,International urology and nephrology,10.1007/s11255-022-03348-5,Journal Article,eng,"Acute kidney injury (AKI) is a frequent complication among COVID-19 patients in the intensive care unit, but it is less frequently investigated in general internal medicine wards. We aimed to examine the incidence, the predictors of AKI, and AKI-associated mortality in a prospective cohort of non-ventilated COVID-19 patients. We aimed to describe the natural history of AKI by describing trajectories of urinary markers of hemodynamic, glomerular, and tubular injury. 141 COVID-19 patients were enrolled to the study. AKI was defined according to KDIGO guidelines. Urine and renal function parameters were followed twice a week. Multivariate logistic regression was used to determine the predictors of AKI and mortality. Trajectories of urinary markers were described by unadjusted linear mixed models. 19.7% patients developed AKI. According to multiple logistic regression, higher urinary albumin-to-creatinine ratio (OR 1.48, 95% CI 1.04-2.12/1 mg/mmol) and lower serum albumin (OR 0.86, 95% CI 0.77-0.94/1 g/L) were independent predictors of AKI. Mortality was 42.8% in the AKI and 8.8% in the group free from AKI (p < 0.0001). According to multiple logistic regression, older age, lower albumin, and AKI (OR 3.9, 95% CI 1.24-12.21) remained independent predictors of mortality. Urinary protein-to-creatinine trajectories were diverging with decreasing values in those without incident AKI. We found high incidence of AKI and mortality among moderately severe, non-ventilated COVID-19 patients. Its development is predicted by higher albuminuria suggesting that the originally damaged renal structure may be more susceptible for virus-associated effects. No clear relationship was found with a prerenal mechanism, and the higher proteinuria during follow-up may point toward tubular damage.",https://pubmed.ncbi.nlm.nih.gov/36127479/
35790144,2023,Endotoxemic Shock: A Molecular Phenotype in Sepsis.,Kellum JA; Foster D; Walker PM,Nephron,10.1159/000525548,Journal Article; Review,eng,"Marked heterogeneity exists among patients with sepsis, both in terms of distribution of organ dysfunction and its severity. Such heterogeneity could be explained by the presence of multiple subtypes of sepsis that may have important implications for treatment. Narrative review of published literature involving endotoxin from 1970 to 2022. In humans, endotoxemia is most consistently associated with a specific pattern of organ failure including shock, endothelial dysfunction, acute kidney injury, and hepatic dysfunction. This pattern is consistent with complement activation and uncontrolled inflammation, two features of endotoxemia. Unbiased discovery using artificial intelligence also identifies a subtype of sepsis which features these same organ failures. Endotoxin appears to represent an important molecular phenotype of sepsis with unique clinical features and high mortality.",https://pubmed.ncbi.nlm.nih.gov/35790144/
35570799,2023,Relationship Between Mean Arterial Pressure and Furosemide Stress Test Success Rates: A Retrospective Cohort Study.,Fox HM; DeCleene JH,The Annals of pharmacotherapy,10.1177/10600280221096466,Journal Article,eng,"The furosemide stress test (FST) is a safe and easy assessment of renal tubular function. Other factors, such as mean arterial pressure (MAP), which may influence the success rates of the FST, have not been well defined. To evaluate the relationship between MAP and success rates of the FST in critically ill patients. Retrospective, single-center, institutional review board (IRB)-approved cohort study. Critically ill adult patients given at least one dose of intravenous (IV) furosemide (≥1-1.5 mg/kg) were included. Primary outcome was whether a MAP ≥ 75 mm Hg would equate to a higher FST success rate. Secondary outcome was the success rates of patient on one or more vasopressors. Of 225 patients, 88 (39.1%) had a successful FST. In patients with a MAP ≥ 75 mm Hg, 60 out of 104 (57.7%) had a successful FST compared to 28 out of 121 (23.1%) of patients who had a MAP < 75 mm Hg (odds ratio [OR], 4.53, 95% CI, 2.55-8.74, P < 0.001). Patients on vasopressors at the time of the furosemide dose had lower rates of success compared to those not on vasoactive agents (30.4% versus 68.2%, p = 0.026). Limitations of this study include its retrospective design and reliance on documented urine output. Patients with a MAP ≥ 75 mm Hg were significantly more likely to have a successful FST compared to those with a MAP < 75 mm Hg. This represents the first report of factors that may influence FST success rates.",https://pubmed.ncbi.nlm.nih.gov/35570799/
35301271,2023,Identification of Subclasses of Decompensated Cirrhotic Patients with Acute Kidney Injury with Different Responses to Fluid Input.,Shi L; Zhang S,"Digestive diseases (Basel, Switzerland)",10.1159/000524028,Journal Article,eng,"Acute kidney injury is a heterogeneous disease in decompensated cirrhotic patients. The aims of our study were to detect subphenotypes of cirrhotic patients with acute kidney injury (AKI) and explore clinical traits in patients with different subclasses. All enrolled patients were identified from a clinical database. Clinical and laboratory variables were used to perform latent profile analysis (LPA). Clinical traits in each class were compared. A multivariable logistic regression model and a Cox model were used to explore the independent association of fluid input and mortality outcome. A total of 439 AKI patients with decompensated cirrhosis were enrolled in our study, including 113 patients in profile 1 and 326 patients in profile 2, by the LPA model. Profile 1 had higher mortality (61.1%) than profile 2 (36.81%). Moreover, profile 1 had a higher MELD score (median 39, interquartile range 34-43) than profile 2 (p < 0.001). Higher cumulative fluid input in the first 24 h for profile 1 was associated with an increased risk of hospital mortality (odds ratio 1.33, 95% CI: 1.02-1.75) and 90-day mortality (hazard ratio 1.39, 95% CI: 1.08-1.78). In this study, two distinct subclasses of decompensated cirrhotic patients with AKI were identified, with different clinical outcomes and fluid input responses.",https://pubmed.ncbi.nlm.nih.gov/35301271/
35238922,2023,Clinical trajectories and impact of acute kidney disease after acute kidney injury in the intensive care unit: a 5-year single-centre cohort study.,Orieux A; Prezelin-Reydit M; Prevel R; Combe C; Gruson D; Boyer A; Rubin S,"Nephrology, dialysis, transplantation : official publication of the European Dialysis and Transplant Association - European Renal Association",10.1093/ndt/gfac054,Journal Article,eng,"Patients suffering from acute kidney injury(AKI) in the intensive care unit (ICU) can have various renal trajectories and outcomes. Aims were to assess the various clinical trajectories after AKI in the ICU and to determine risk factors for developing chronic kidney disease (CKD). We conducted a prospective 5-year follow-up study in a medical ICU at Bordeaux University Hospital (France). The patients who received invasive mechanical ventilation, catecholamine infusion or both and developed an AKI from September 2013 to May 2015 were included. In the Cox analysis, the violation of the proportional hazard assumption for AKD was handled using appropriate interaction terms with time, resulting in a time-dependent hazard ratio (HR). A total of 232 patients were enrolled, with an age of 62 ± 16 years and a median follow-up of 52 days (interquartile range 6-1553). On day 7, 109/232 (47%) patients progressed to acute kidney disease (AKD) and 66/232 (28%) recovered. A linear trajectory (AKI, AKD to CKD) was followed by 44/63 (70%) of the CKD patients. The cumulative incidence of CKD was 30% [95% confidence interval (CI) 24-36] at the 5-year follow-up. In a multivariable Cox model, in the 6 months following AKI, the HR for CKD was higher in AKD patients [HR 29.2 (95% CI 8.5-100.7); P < 0.0001). After 6 months, the HR for CKD was 2.2 (95% CI 0.6-7.9; P = 0.21; n = 172 patients). There were several clinical trajectories of kidney disease after ICU-acquired AKI. CKD risk was higher in AKD patients only in the first 6 months. Lack of renal recovery rather than AKD per se was associated with the risk of CKD.",https://pubmed.ncbi.nlm.nih.gov/35238922/
36880931,2022,Update on Pediatric Acute Kidney Injury.,Khandelwal P; McLean N; Menon S,Pediatric clinics of North America,10.1016/j.pcl.2022.08.003,Journal Article; Review,eng,"Acute kidney injury (AKI) is common in children and is associated with significant morbidity and mortality. In the last decade our understanding of AKI has improved significantly, and it is now considered a systemic disorder that affects other organs including heart, lung, and brain. In spite of its limitations, serum creatinine remains the mainstay in the diagnosis of AKI. However, newer approaches such as urinary biomarkers, furosemide stress test, and clinical decision support are being increasingly used and have the potential to improve the accuracy and timeliness of AKI diagnosis.",https://pubmed.ncbi.nlm.nih.gov/36880931/
36624719,2022,Raising Awareness of Acute Kidney Injury: Unfolding the Truth.,Lydia A,Acta medica Indonesiana,,Journal Article,eng,"AKI is rarely being recognized as it may take place without any apparent symptoms. Severe AKI is commonly found in intensive care unit (ICU) patients. AKI in the ICU is an independent risk factor for death, as it may cause systemic effects on other vital organs including the lung, heart, liver, brain and immune system. Some studies have reported that AKI increases susceptibility to infection, doubles the rate of respiratory failure and impairs cardiac function. Considering the substantial impacts of AKI in ICU patients, early implementation of preventive measures should be an essential program which consists of developing AKI risk stratification in the ICU and encouraging the use of novel AKI biomarkers (TIMP-2, IGFBP-7, Cystatin C, IL-18,  KIM-1 and NGAL) as well as other risk stratification tools (clinical risk prediction scores, computer algorithms, furosemide stress test). Furthermore, after ICU patients have recovered, AKI survivors are more likely to develop chronic kidney disease (CKD) and end-stage kidney disease (ESKD), imposing significant morbidity in the future. Recent study has shown that nephrologist intervention was associated with lower risk of starting KRT and progression of AKI.     The coronavirus disease 2019 (COVID-19) pandemic has caused more than 800,000 deaths worldwide. Kidney involvement in patients with COVID-19 may present as proteinuria or hematuria and may lead to acute kidney injury (AKI). Some initial reports showed that the incidence of AKI in COVID cases was negligible. However, later reports suggested that AKI is actually prevalent in patients with COVID-19, particularly in ICU patients. AKI is now considered as a common complication of COVID-19 and it is also associated with adverse outcomes, including development or worsening of comorbidities, yet little is known about the pathogenesis or optimal management of COVID-19-associated AKI.",https://pubmed.ncbi.nlm.nih.gov/36624719/
33196489,2022,Clinical Trajectories of Acute Kidney Injury in Surgical Sepsis: A Prospective Observational Study.,"Ozrazgat-Baslanti T; Loftus TJ; Mohandas R; Wu Q; Brakenridge S; Brumback B; Efron PA; Anton S; Moore FA; Moldawer LL; Segal MS; Bihorac A; Sepsis, Critical Illness Research Center Investigators",Annals of surgery,10.1097/SLA.0000000000004360,"Journal Article; Observational Study; Research Support, Non-U.S. Gov't; Research Support, N.I.H., Extramural",eng,"To characterize endothelial function, inflammation, and immunosuppression in surgical patients with distinct clinical trajectories of AKI and to determine the impact of persistent kidney injury and renal non-recovery on clinical outcomes, resource utilization, and long-term disability and survival. AKI is associated with increased healthcare costs and mortality. Trajectories that account for duration and recovery of AKI have not been described for sepsis patients, who are uniquely vulnerable to renal dysfunction. This prospective observational study included 239 sepsis patients admitted and enrolled between January 2015 and July 2017. Kidney Disease: Improving Global Outcomes (KDIGO) and Acute Disease Quality Initiative (ADQI) criteria were used to classify subjects as having no AKI, rapidly reversed AKI, persistent AKI with renal recovery, or persistent AKI without renal recovery. Serial biomarker profiles, clinical outcomes, resource utilization, and long-term physical performance status and survival were compared among AKI trajectories. Sixty-two percent of the study population developed AKI. Only one-third of AKI episodes rapidly reversed within 48 hours; the remaining had persistent AKI, among which 57% did not have renal recovery by discharge. One-year survival and proportion of subjects fully active 1 year after sepsis was lowest among patients with persistent AKI compared with other groups. Long-term mortality hazard rates were 5-fold higher for persistent AKI without renal recovery compared with no AKI. Among critically ill surgical sepsis patients, persistent AKI and the absence of renal recovery are associated with distinct early and sustained immunologic and endothelial biomarker signatures and decreased long-term physical function and survival.",https://pubmed.ncbi.nlm.nih.gov/33196489/
34747433,2021,The furosemide stress test: Perspectives for acute kidney injury diagnosis.,López-Hernández FJ,Jornal brasileiro de nefrologia,10.1590/2175-8239-JBN-2021-E010,Editorial,eng; por,,https://pubmed.ncbi.nlm.nih.gov/34747433/
34707157,2021,Biomarkers of persistent renal vulnerability after acute kidney injury recovery.,Fuentes-Calvo I; Cuesta C; Sancho-Martínez SM; Hidalgo-Thomas OA; Paniagua-Sancho M; López-Hernández FJ; Martínez-Salgado C,Scientific reports,10.1038/s41598-021-00710-y,"Journal Article; Research Support, Non-U.S. Gov't",eng,"Acute kidney injury (AKI) is a risk factor for new AKI episodes, chronic kidney disease, cardiovascular events and death, as renal repair may be deficient and maladaptive, and activate proinflammatory and profibrotic signals. AKI and AKI recovery definitions are based on changes in plasma creatinine, a parameter mostly associated to glomerular filtration, but largely uncoupled from renal tissue damage. The evolution of structural and functional repair has been incompletely described. We thus aimed at identifying subclinical sequelae persisting after recovery from cisplatin-induced AKI in rats. Compared to controls, after plasma creatinine recovery, post-AKI kidneys showed histological alterations and attendant susceptibility to new AKI episodes. Tubular function (assessed by the furosemide stress test, FST) also remained affected. Lingering parenchymal and functional subclinical alterations were paralleled by tapering, but abnormally high levels of urinary albumin, transferrin, insulin-like growth factor-binding protein 7 (IGFBP7), tissue inhibitor of metalloproteinases-2 (TIMP-2) and, especially, the [TIMP-2]*[IGFBP7] product. As subclinical surrogates of incomplete renal recovery, the FST and the urinary [TIMP-2]*[IGFBP7] product provide two potential diagnostic tools to monitor the sequelae and kidney vulnerability after the apparent recovery from AKI.",https://pubmed.ncbi.nlm.nih.gov/34707157/
34300278,2021,Current Concepts of Pediatric Acute Kidney Injury-Are We Ready to Translate Them into Everyday Practice?,Musiał K,Journal of clinical medicine,10.3390/jcm10143113,Journal Article; Review,eng,"Pediatric acute kidney injury (AKI) is a major cause of morbidity and mortality in children undergoing interventional procedures. The review summarizes current classifications of AKI and acute kidney disease (AKD), as well as systematizes the knowledge on pathophysiology of kidney injury, with a special focus on renal functional reserve and tubuloglomerular feedback. The aim of this review is also to show the state-of-the-art in methods assessing risk and prognosis by discussing the potential role of risk stratification strategies, taking into account both glomerular function and clinical settings conditioned by fluid overload, urine output, or drug nephrotoxicity. The last task is to suggest careful assessment of eGFR as a surrogate marker of renal functional reserve and implementation of point-of-care testing, available in the case of biomarkers like NGAL and [IGFBP-7] × [TIMP-2] product, into everyday practice in patients at risk of AKI due to planned invasive procedures or treatment.",https://pubmed.ncbi.nlm.nih.gov/34300278/
33971784,2021,The furosemide stress test: current use and future potential.,McMahon BA; Chawla LS,Renal failure,10.1080/0886022X.2021.1906701,Journal Article; Review,eng,"Loop diuretics are among the most widely used drugs worldwide and are commonly employed in the management of complications associated with acute kidney injury (AKI), namely volume overload and electrolyte management. The use of loop diuretics in critically ill patients with AKI is paramount to preventing or treating pulmonary edema. The naturetic response to a loop diuretic is based on its unique renal pharmacology. Our review article summarizes the pharmacology of furosemide in the intact nephron and discusses how this response might be altered by the presence of AKI. We discuss the increasing body of literature on the latest clinical utility of furosemide namely, it's challenge test, known as the furosemide stress test which has highlighted a new and novel role for furosemide over the past number of years. This test assists with the identification of AKI subjects at higher risk of AKI progression and the need for renal replacement therapy. The stress test can also predict cessation of continuous renal replacement therapy in patients with established AKI. On the basis of the evidence presented in this review, we propose future potential studies of furosemide in AKI.",https://pubmed.ncbi.nlm.nih.gov/33971784/
33707141,2021,Risk factors and prognosis assessment for acute kidney injury: The 2020 consensus of the Taiwan AKI Task Force.,Chen JJ; Kuo G; Hung CC; Lin YF; Chen YC; Wu MJ; Fang JT; Ku SC; Hwang SJ; Huang YT; Wu VC; Chang CH,Journal of the Formosan Medical Association = Taiwan yi zhi,10.1016/j.jfma.2021.02.013,Journal Article; Meta-Analysis; Review; Consensus Statement,eng,Risk and prognostic factors for acute kidney injury (AKI) have been published in various studies across various populations. We aimed to explore recent advancements in and provide updated recommendations on AKI risk stratification and information about local AKI risk factors. The Taiwan Acute Kidney Injury Task Force reviewed relevant recently published literature and reached a consensus after group meetings. Systemic review and group discussion were performed. We conducted a meta-analysis according to the PRISMA statement for evaluating the diagnostic performance of the furosemide stress test. Several risk and susceptibility factors were identified through literature review. Contrast-associated AKI prediction models after coronary angiography were one of the most discussed prediction models we found. The basic approach and evaluation of patients with AKI was also discussed. Our meta-analysis found that the furosemide stress test can be used as a prognostic tool for AKI progression and to identify patients with AKI who are at low risk of renal replacement therapy. Factors associated with de novo chronic kidney injury or renal non-recovery after AKI were identified and summarized. Our review provided practical information about early identification of patients at high risk of AKI or disease progression for Taiwan local clinics.,https://pubmed.ncbi.nlm.nih.gov/33707141/
33591140,2021,"The furosemide stress test, electrolyte response and Renal Index in critically ill patients.",Bolgiaghi L; Umbrello M; Formenti P; Coppola S; Sabbatini G; Massaro C; Damiani M; Chiumello D,Minerva anestesiologica,10.23736/S0375-9393.21.14942-9,Journal Article; Observational Study,eng,"Acute kidney injury (AKI) is a common syndrome in critically ill patients. The diagnostic ability of traditional markers such as serum creatinine has recently been questioned, and the use of newer tests such as the furosemide stress test or the ultrasound assessment of renal resistive index have been proposed. Aim of the present study was to compare the response to a furosemide stress test, the Renal Index in mechanically ventilated patients with and without acute kidney injury at admission, and who did or did not develop AKI at day three, among those with normal renal function at the CIU admission. Prospective observational study in consecutive mechanically ventilated patients admitted in a general intensive care. Furosemide stress test and ultrasonographical Renal Index were performed at the admission and clinical and laboratory data were collected before and two hours after the furosemide stress text. The urine output after the first and the second hours was recorded. Forty patients were enrolled, 19 of whom had AKI at admission. The Renal Index was significantly higher in patients with AKI (0.77±0.07 vs. 0.72±0.08, P=0.027); patients with AKI had a significantly lower urine output after the furosemide stress test (400 [340; 1400] vs.1525 [400; 2550] mL; P=0.013). The plasma concentrations of sodium, potassium and chloride were not different before and after the furosemide stress test in patients with and without AKI, whereas in patients with AKI, the total urine output of sodium, potassium and chloride were significantly lower compared to patients without AKI. Similar results were found in patients without AKI at admission and who developed AKI at day three as compared to those who did not develop AKI. The response to the furosemide stress test and the Renal Index could be used as additional tools to evaluate the kidney function in critically ill patients.",https://pubmed.ncbi.nlm.nih.gov/33591140/
33556150,2021,Acute kidney injury in patients with severe COVID-19 in Mexico.,Casas-Aparicio GA; León-Rodríguez I; Alvarado-de la Barrera C; González-Navarro M; Peralta-Prado AB; Luna-Villalobos Y; Velasco-Morales A; Calderón-Dávila N; Ormsby CE; Ávila-Ríos S,PloS one,10.1371/journal.pone.0246595,Journal Article,eng,"Some patients with COVID-19 pneumonia present systemic disease involving multiple systems. There is limited information about the clinical characteristics and events leading to acute kidney injury (AKI). We described the factors associated with the development of AKI and explored the relation of AKI and mortality in Mexican population with severe COVID-19. We retrospectively reviewed the medical records of individuals with severe pneumonia caused by SARS-CoV-2 hospitalized at the largest third-level reference institution for COVID-19 care in Mexico between March and April 2020. Demographic information, comorbidities, clinical and laboratory data, dates of invasive mechanical ventilation (IMV) and hospitalization, mechanical-ventilator settings and use of vasoactive drugs were recorded. Of 99 patients studied, 58 developed AKI (58.6%). The risk factors for AKI were older age (OR = 1.07, 95% CI = 1.01-1.13, p = 0.024); obesity (OR = 6.58, 95% CI = 1.8-24.05, p = 0.040); and the need for IMV (OR = 6.18, CI = 1.29-29.58, p = 0.023). The risk factors for mortality were obesity (OR = 5.57, 95% CI = 1.48-20.93, p = 0.011); requirement of vasoactive drugs on admission (OR = 5.35, 95% CI = 1.16-24.61, p = 0.031); and AKI (OR = 8.61, 95% CI = 2.24-33.1, p = 0.002). In-hospital mortality was significantly higher in patients with AKI stage 3 (79.3%) and AKI stage 2 (68.7%) compared with those with AKI stage 1 (25%; p = 0.004). Fifty-three patients underwent the furosemide stress test (FST) to predict progression to AKI stage 3. Of those, 12 progressed to AKI stage 3 (22%). The ROC curve for the FST had an AUC of 0.681 (p = 0.009); a sensitivity of 81.6% and a specificity of 54.5%. AKI was common in our cohort of patients with severe pneumonia caused by SARS-CoV-2 infection. The risk factors for AKI were older age, obesity and the need for of IMV on admission. The risk factors for mortality were obesity, requirement of vasoactive drugs on admission and AKI. Mortality was more frequent in patients with AKI stages 2-3. The FST had an acceptable predictive capacity to identify patients progressing to AKI stage 3.",https://pubmed.ncbi.nlm.nih.gov/33556150/
33492454,2021,The use of diagnostic tools for pediatric AKI: applying the current evidence to the bedside.,Fuhrman D,"Pediatric nephrology (Berlin, Germany)",10.1007/s00467-021-04940-0,Journal Article; Review,eng,"Given the known deleterious consequences of acute kidney injury (AKI), exciting recent research efforts have focused on developing strategies for the earlier recognition of AKI in the pediatric population. Recognizing the limitations of serum creatinine, investigators have focused on the study of novel biomarkers and practical bedside tools for identifying patients at risk for AKI prior to a rise in serum creatinine. In PubMed, there are presently over 30 original research papers exploring the use of pediatric AKI risk prediction tools in just the last 2 years. The following review highlights the most recent advances in the literature regarding opportunities to refine our ability to detect AKI early. Importantly, this review discusses how prediction tools including novel urine and serum biomarkers, practical risk stratification tests, renal functional reserve, and electronic medical record alerts may ultimately be applied to routine clinical practice.",https://pubmed.ncbi.nlm.nih.gov/33492454/
33253980,2021,The furosemide stress test and computational modeling identify renal damage sites associated with predisposition to acute kidney injury in rats.,Casanova AG; Fuentes-Calvo I; Hernández-Sánchez MT; Quintero M; Toral P; Caballero MT; Martínez-Salgado C; Morales AI; Layton AT; Eleno N; López-Hernández FJ,Translational research : the journal of laboratory and clinical medicine,10.1016/j.trsl.2020.11.011,"Journal Article; Research Support, Non-U.S. Gov't",eng,"Acute kidney injury (AKI) diagnosis relies on plasma creatinine concentration (Crpl), a relatively insensitive, surrogate biomarker of glomerular filtration rate that increases only after significant damage befalls. However, damage in different renal structures may occur without increments in Crpl, a condition known as subclinical AKI. Thus, detection of alterations in other aspects of renal function different from glomerular filtration rate must be included in an integral diagnosis of AKI. With this aim, we adapted to and validated in rats (for preclinical research) the furosemide stress test (FST), a tubular function test hitherto performed only in humans. We also tested its sensitivity in detecting subclinical tubular alterations. In particular, we predisposed rats to AKI with 3 mg/kg cisplatin and subsequently subjected them to a triggering insult (ie, 50 mg/kg/d gentamicin for 6 days) that had no effect on nonpredisposed animals but caused an overt AKI in predisposed rats. The FST was performed immediately before adding the triggering insult. Predisposed animals showed a reduced response to the FST (namely, reduced furosemide-induced diuresis and K+ excretion), whereas nonpredisposed animals showed no alteration, compared to the controls. Computational modeling of epithelial transport of solutes and water along the nephrons applied to experimental data suggested that proximal tubule transport was only minimally reduced, the sodium-chloride symporter was upregulated by 50%, and the renal outer medullary potassium channel was downregulated by 85% in predisposed animals. In conclusion, serial coupling of the FST and computational modeling may be used to detect and localize subclinical tubular alterations.",https://pubmed.ncbi.nlm.nih.gov/33253980/
34476130,2020,"Early Sequential Risk Stratification Assessment to Optimize Fluid Dosing, CRRT Initiation and Discontinuation in Critically Ill Children with Acute Kidney Injury: Taking Focus 2 Process Article.",Roy JP; Krallman KA; Basu RK; Chima RS; Fei L; Wilder S; Schmerge A; Gerhardt B; Fox K; Kirby C; Goldstein SL,Journal of clinical trials,,Journal Article,eng,"Acute Kidney Injury (AKI) is common in critically ill children and is associated with increased morbidity and mortality. Recognition and management of AKI is often delayed, predisposing patients to risk of clinically significant fluid accumulation (Fluid Overload (FO)). Early recognition and intervention in high risk patients could decrease fluid associated morbidity. We aim to assess an AKI Clinical Decision Algorithm (CDA) using a sequential risk stratification strategy integrating the Renal Angina Index (RAI), urine Neutrophil Gelatinase-Associated Lipocalin (NGAL) and the Furosemide Stress Test (FST) to optimize AKI and FO prediction and management in critically ill children. This single center prospective observational cohort study evaluates the AKI CDA in a Pediatric Intensive Care Unit (PICU). Every patient ≥ 3 months old has the risk score RAI calculated automatically at 12 hours of admission. Patients with a RAI ≥ 8 (fulfilling renal angina) have risk further stratified with a urine NGAL and, if positive (NGAL ≥ 150ng/mL), subsequently by their response to a standardized dose of furosemide (namely FST). RAI negative or NGAL negative patients are treated per usual care. FST-responders are managed conservatively, while non-responders receive fluid restrictive strategy and/or continuous renal replacement therapy (CRRT) at 10%-15% of FO. 2100 patients over 3 years will be evaluated to capture 210 patients with severe AKI (KDIGO Stage 2 or 3 AKI), 100 patients with >10% FO, and 50 requiring CRRT. Primary analyses: Standardizing a pediatric FST and assessing prediction accuracy of CDA for severe AKI, FO>10% and CRRT requirement in children. Secondary analyses in patients with AKI: Renal function return to baseline, RRT and mortality within 28 days. This will be the first prospective evaluation of feasibility of AKI CDA, integrating individual prediction tools in one cohesive and comprehensive approach, and its prediction of FO>10% and AKI, as well as the first to standardize the FST in the pediatric population. This will increase knowledge on current AKI prediction tools and provide actionable insight for early interventions in critically ill children based on their level of risk.",https://pubmed.ncbi.nlm.nih.gov/34476130/
32704213,2020,Furosemide Stress Test in Predicting Acute Kidney Injury Outcomes.,Rajasekaran KK; Venkataraman R,"Indian journal of critical care medicine : peer-reviewed, official publication of Indian Society of Critical Care Medicine",10.5005/jp-journals-10071-23381,Journal Article; Review,eng,"How to cite this article: Rajasekaran KK, Venkataraman R. Furosemide Stress Test in Predicting Acute Kidney Injury Outcomes. Indian J Crit Care Med 2020;24(Suppl 3):S100-S101.",https://pubmed.ncbi.nlm.nih.gov/32704213/
32671344,2020,A Furosemide Excretion Stress Test Predicts Mortality in Mice After Sepsis and Outperforms the Furosemide Stress Test During Vasopressin Administration.,Street JM; Bellomo TR; Koritzinsky EH; Kojima H; Yuen PST; Star RA,Critical care explorations,10.1097/CCE.0000000000000112,Journal Article,eng,"The furosemide stress test measures the volume of urine produced after a furosemide challenge. Furosemide stress test has previously demonstrated sensitive and specific prediction of progression to Kidney Disease: Improving Global Outcomes guideline defined acute kidney injury stage III in the ICU. Furosemide is actively excreted into the nephron lumen where it inhibits the sodium-potassium-chloride cotransporter, causing diuresis. We hypothesize that furosemide excretion is a more direct measure of tubule health than diuresis. We developed a furosemide excretion stress test to evaluate this hypothesis in a murine model of septic-acute kidney injury. Basic science laboratory. Male and female 8-week old CD-1 mice. Sepsis was induced by cecal ligation and puncture in male and female mice. Furosemide stress test/furosemide excretion stress test started 42 hours post-cecal ligation and puncture with a 1 mg/kg furosemide bolus and urine was collected for 12 hours. The mice were then euthanized or monitored until 7 days post-cecal ligation and puncture. In another cohort, mice were treated with vasopressin, which decreases urine volume. Furosemide concentration was determined by high performance liquid chromatography. Urine production during the 12-hour collection varied from 0.08 to 2.62 mL. Both urine production (furosemide stress test) and furosemide excretion (furosemide excretion stress test) predicted mortality (area under the receiver operating characteristic curve = 0.925 and 0.916) and time of death (R 2 = 0.26 and 0.74). Male and female mice demonstrated consistent results. Following vasopressin treatment, furosemide stress test specificity fell to 33% (p = 0.016) but furosemide excretion stress test specificity was maintained. The furosemide stress test and furosemide excretion stress test performed similarly in predicting mortality; however, furosemide excretion stress test was superior in predicting time to death and maintained performance when challenged with vasopressin treatment in a mouse sepsis model.",https://pubmed.ncbi.nlm.nih.gov/32671344/
32381019,2020,Furosemide stress test as a predictive marker of acute kidney injury progression or renal replacement therapy: a systemic review and meta-analysis.,Chen JJ; Chang CH; Huang YT; Kuo G,"Critical care (London, England)",10.1186/s13054-020-02912-8,Journal Article; Meta-Analysis; Systematic Review,eng,"The use of the furosemide stress test (FST) as an acute kidney injury (AKI) severity marker has been described in several trials. However, the diagnostic performance of the FST in predicting AKI progression has not yet been fully discussed. In accordance with the Preferred Reporting Items for Systematic Reviews and Meta-Analyses (PRISMA) guidelines, we searched the PubMed, Embase, and Cochrane databases up to March 2020. The diagnostic performance of the FST (in terms of sensitivity, specificity, number of events, true positive, false positive) was extracted and evaluated. We identified eleven trials that enrolled a total of 1366 patients, including 517 patients and 1017 patients for whom the outcomes in terms of AKI stage progression and renal replacement therapy (RRT), respectively, were reported. The pooled sensitivity and specificity results of the FST for AKI progression prediction were 0.81 (95% CI 0.74-0.87) and 0.88 (95% CI 0.82-0.92), respectively. The pooled positive likelihood ratio (LR) was 5.45 (95% CI 3.96-7.50), the pooled negative LR was 0.26 (95% CI 0.19-0.36), and the pooled diagnostic odds ratio (DOR) was 29.69 (95% CI 17.00-51.85). The summary receiver operating characteristics (SROC) with pooled diagnostic accuracy was 0.88. The diagnostic performance of the FST in predicting AKI progression was not affected by different AKI criteria or underlying chronic kidney disease. The pooled sensitivity and specificity results of the FST for RRT prediction were 0.84 (95% CI 0.72-0.91) and 0.77 (95% CI 0.64-0.87), respectively. The pooled positive LR and pooled negative LR were 3.16 (95% CI 2.06-4.86) and 0.25 (95% CI 0.14-0.44), respectively. The pooled diagnostic odds ratio (DOR) was 13.59 (95% CI 5.74-32.17), and SROC with pooled diagnostic accuracy was 0.86. The diagnostic performance of FST for RRT prediction is better in stage 1-2 AKI compared to stage 3 AKI (relative DOR 5.75, 95% CI 2.51-13.33). The FST is a simple tool for the identification of AKI populations at high risk of AKI progression and the need for RRT, and the diagnostic performance of FST in RRT prediction is better in early AKI population.",https://pubmed.ncbi.nlm.nih.gov/32381019/
32349337,2020,Role of the Furosemide Stress Test in Renal Injury Prognosis.,Coca A; Aller C; Reinaldo Sánchez J; Valencia AL; Bustamante-Munguira E; Bustamante-Munguira J,International journal of molecular sciences,10.3390/ijms21093086,Journal Article; Review,eng,"Risk stratification and accurate patient prognosis are pending issues in the management of patients with kidney disease. The furosemide stress test (FST) has been proposed as a low-cost, fast, safe, and easy-to-perform test to assess tubular integrity, especially when compared to novel plasma and urinary biomarkers. However, the findings regarding its clinical use published so far provide insufficient evidence to recommend the generalized application of the test in daily clinical routine. Dosage, timing, and clinical outcomes of the FST proposed thus far have been significantly different, which further accentuates the need for standardization in the application of the test in order to facilitate the comparison of results between series. This review will summarize published research regarding the usefulness of the FST in different settings, providing the reader some insights about the possible implications of FST in clinical decision-making in patients with kidney disease and the challenges that research will have to address in the near future before widely applying the FST.",https://pubmed.ncbi.nlm.nih.gov/32349337/
32148223,2020,[Breakthroughs in global critical care medicine 2019].,Huang W; Qin Y; Dai X,Zhonghua wei zhong bing ji jiu yi xue,10.3760/cma.j.cn121430-20191213-00001,Journal Article,chi,"The following trends emerged in international critical care practice in 2019: increasing analysis to phenotypes of sepsis and acute respiratory distress syndrome (ARDS), increasing evidences of early initiating of vasopressors and antibiotics for septic shock, also including the early furosemide stress test for critically ill patients with acute kidney injury (AKI). In addition, there are many significantly important trials with positive results: high dose vitamin C for septic shock, weaning strategy with pressure support ventilation (PSV) mode, tranexamic acid for patients with acute traumatic brain injury, and new monoclonal antibody for Ebola virus disease. And there are also negatives trials as following: individual mechanical ventilation, maximal recruitment open lung ventilation or early neuromuscular blockade for moderate-to-severe ARDS, N95 respirators preventing influenza, flexible family visit program against delirium or early sedation with dexmedetomidine to mechanically ventilated patients, intensive care unit (ICU) diary or nurse-led preventive psychological intervention against posttraumatic stress disorder (PTSD) in patients with mechanical ventilation, recombinant human soluble thrombomodulin (rhsTM) in patients with sepsis-associated coagulopathy, and so on. Further investigations should be focus on the phenotype analysis, by which individualized management fitting for specific pathophysiologic and immune characters for each patient could be clarified.",https://pubmed.ncbi.nlm.nih.gov/32148223/
32143585,2020,Furosemide stress test and interstitial fibrosis in kidney biopsies in chronic kidney disease.,Rivero J; Rodríguez F; Soto V; Macedo E; Chawla LS; Mehta RL; Vaingankar S; Garimella PS; Garza C; Madero M,BMC nephrology,10.1186/s12882-020-01721-z,"Journal Article; Research Support, Non-U.S. Gov't",eng,"Interstitial fibrosis (IF) on kidney biopsy is one of the most potent risk factors for kidney disease progression. The furosemide stress test (FST) is a validated tool that predicts the severity of acute kidney injury (especially at 2 h) in critically ill patients. Since furosemide is secreted through the kidney tubules, the response to FST represents the tubular secretory capacity. To our knowledge there is no data on the correlation between functional tubular capacity assessed by the FST with IF on kidney biopsies from patients with chronic kidney disease (CKD). The aim of this study was to determine the association between urine output (UO), Furosemide Excreted Mass (FEM) and IF on kidney biopsies after a FST. This study included 84 patients who underwent kidney biopsy for clinical indications and a FST. The percentage of fibrosis was determined by morphometry technique and reviewed by a nephropathologist. All patients underwent a FST prior to the biopsy. Urine volume and urinary sodium were measured in addition to urine concentrations of furosemide at different times (2, 4 and 6 h). We used an established equation to determine the FEM. Values were expressed as mean, standard deviation or percentage and Pearson Correlation. The mean age of the participants was 38 years and 44% were male. The prevalence of diabetes mellitus, hypertension and diuretic use was significantly higher with more advanced degree of fibrosis. Nephrotic syndrome and acute kidney graft dysfunction were the most frequent indications for biopsy. eGFR was inversely related to the degree of fibrosis. Subjects with the highest degree of fibrosis (grade 3) showed a significant lower UO at first hour of the FST when compared to lower degrees of fibrosis (p = 0.015). Likewise, the total UO and the FEM was progressively lower with higher degrees of fibrosis. An inversely linear correlation between FEM and the degree of fibrosis (r = - 0.245, p = 0.02) was observed. Our findings indicate that interstitial fibrosis correlates with total urine output and FEM. Further studies are needed to determine if UO and FST could be a non-invasive tool to evaluate interstitial fibrosis. ClinicalTrials.gov NCT02417883.",https://pubmed.ncbi.nlm.nih.gov/32143585/
29327197,2020,[New kidney function tests: Renal functional reserve and furosemide stress test].,Kindgen-Milles D; Slowinski T; Dimski T,"Medizinische Klinik, Intensivmedizin und Notfallmedizin",10.1007/s00063-017-0400-z,Journal Article; Review,ger,"Acute kidney injury (AKI) occurs in 30-50% of all intensive care patients. Renal replacement therapy (RRT) has to be initiated in 10-15%. The early in-hospital mortality is about 50%. Up to 20% of all survivors develop chronic kidney disease after intensive care discharge and progress to end-stage kidney disease within the next 10 years. For timely initiation of prophylactic or therapeutic interventions, it is crucial to exactly determine the actual kidney function, i. e., glomerular filtration rate (GFR), and to gain insight into the further development of kidney function. Traditionally, renal function has been estimated using serum levels of creatinine or urea. Unfortunately, both are notoriously unreliable and insensitive in intensive care patients. Cystatin C has fewer non-GFR determinants when compared to creatinine and is more sensitive and accurate to detect early decreases of GFR. At present, new functional tests are discussed, namely the furosemide stress test (FST) and renal functional reserve (RFR). The FST consists of an intravenous infusion of 1.0-1.5 mg/kgBW furosemide to critically ill patients with AKI. An increase in urine output to >100 ml/h is indicative of a GFR >20 ml/min and almost certainly excludes progression to AKI stage III and need for RRT. Estimation of RFR can be made by short-term oral or intravenous administration of a high protein load. A subsequent increase in GFR defines the presence and the magnitude of functional reserve which can be activated. Loss of RFR is an indicator of loss of functioning nephron mass and incomplete recovery following AKI. Both FST and RFR can help to improve diagnosis and care of high-risk patients with acute and chronic kidney disease.",https://pubmed.ncbi.nlm.nih.gov/29327197/
31362295,2019,"Loop Diuretics in Acute Kidney Injury Prevention, Therapy, and Risk Stratification.",Patschan D; Patschan S; Buschmann I; Ritter O,Kidney & blood pressure research,10.1159/000501315,Journal Article; Review,eng,"Loop diuretics (LD) are widely used in emergency and intensive care medicine. The substances increase the clearance of electrolytes and water; thus, they allow us to control hypervolemia and to prevent patients from pulmonary edema. LD are also frequently applied to patients with an acute decrease in glomerular filtration rate, namely, acute kidney injury (AKI). Nevertheless, volume depletion may be associated with reduced renal perfusion and possibly slower restitution or even aggravation of kidney dysfunction. Several trials on the preventive or therapeutic efficacy of LD have been published since the early 1970s. Our review article is intended to summarize the most important references related to this topic. In addition, we discuss the diagnostic value of the so-called furosemide stress test. The currently available data indicate that LD may act in a beneficial manner as long as euvolemia is maintained (matched hydration). Key Massages: LD are not beneficial for AKI treatment if kidney-related endpoints are considered. In certain situations, AKI prevention with LD can be associated with favorable outcomes as long as euvolemia is maintained. LD can help to identify AKI subjects at a higher risk of AKI progression, but the exact clinical consequences need to be determined.",https://pubmed.ncbi.nlm.nih.gov/31362295/
31035185,2019,"The furosemide stress test for prediction of worsening acute kidney injury in critically ill patients: A multicenter, prospective, observational study.",Rewa OG; Bagshaw SM; Wang X; Wald R; Smith O; Shapiro J; McMahon B; Liu KD; Trevino SA; Chawla LS; Koyner JL,Journal of critical care,10.1016/j.jcrc.2019.04.011,"Journal Article; Multicenter Study; Observational Study; Research Support, Non-U.S. Gov't",eng,"To validate the furosemide stress test (FST) for predicting the progression of acute kidney injury (AKI). We performed a multicenter, prospective, observational study in patients with stage I or II AKI. The FST (1 mg/kg for loop diuretic naïve patients and 1.5 mg/kg in patients previously exposed to loop diuretics) was administered. Subsequent urinary flow rate (UFR) recorded and predictive ability of urinary output was measured by the area under the curve receiver operatic characteristics (AuROC). Primary outcome was progression to Stage III AKI. Secondary outcomes included in-hospital mortality and adverse events. We studied 92 critically ill patients. 23 patients progressed to stage III AKI and had significantly lower UFR (p < 0.0001). The UFR during the first 2 h was most predictive of progression to stage III AKI (AuROC = 0.87), with an ideal cut-off of less than 200mls, with a sensitivity of 73.9% and specificity of 90.0%. In ICU patients without severe CKD with mild AKI, a UFR of less than 200mls in the first 2 h after an FST is predictive of progression to stage III AKI. Future studies should focus on incorporating a FST as part of a clinical decision tool for further management of critically ill patients with AKI.",https://pubmed.ncbi.nlm.nih.gov/31035185/
30745052,2019,Furosemide response predicts acute kidney injury in children after cardiac surgery.,Penk J; Gist KM; Wald EL; Kitzmiller L; Webb TN; Li Y; Cooper DS; Goldstein SL; Basu RK,The Journal of thoracic and cardiovascular surgery,10.1016/j.jtcvs.2018.12.076,Journal Article; Multicenter Study; Video-Audio Media,eng,"A standardized assessment of response to furosemide is predictive of acute kidney injury progression in adults, but a paucity of data exists in pediatric patients. We evaluate furosemide responsiveness in a multicenter cohort of pediatric patients after cardiac surgery. Children who underwent cardiac surgery with a Society of Thoracic Surgeons-European Association for Cardiothoracic Surgery score of 3 or greater were retrospectively identified. The first dose of furosemide after surgery was recorded, and hourly urine output for 6 hours was recorded after the index dose. Urine flow rate calculated as urine output per hour was used to predict development of acute kidney injury. A total of 166 patients from 4 institutions (median age, 6.3 months; interquartile range, 0.4-27.7) were included. Acute kidney injury occurred in 54 patients (33%). Compared with those without acute kidney injury, the 2- and 6-hour urine flow rates were significantly lower in patients in whom acute kidney injury developed: 2.9 (0.9-6.5) versus 5.0 (2.5-9.0) mL/kg/h for 2-hour urine flow rate, P = .004, and 2.4 (1.2-4.0) versus 4.0 (2.3-5.9) mL/kg/h for 6-hour flow rate, P = .001. In multivariable regression analysis, 2-hour (odds ratio, 1.2, P = .002) and 6-hour (odds ratio, 1.40, P < .001) urine flow rates were independently associated with acute kidney injury development. Lower urine flow rate at both 2 and 6 hours was also independently associated with longer hospital length of stay. Lower urine flow rate after furosemide administration, when evaluated in a heterogeneous cohort of children from multiple institutions after pediatric cardiac surgery, was independently associated with subsequent acute kidney injury and longer length of stay. Future prospective studies are needed to validate furosemide responsiveness as a predictor of acute kidney injury.",https://pubmed.ncbi.nlm.nih.gov/30745052/
30405284,2018,Timing of Renal Replacement Therapy in Acute Kidney Injury: Shedding New Light on an Old Controversy.,Schiffl H,"Indian journal of critical care medicine : peer-reviewed, official publication of Indian Society of Critical Care Medicine",10.4103/ijccm.IJCCM_295_18,Journal Article; Review,eng,"Critically ill patients with severe acute kidney injury (AKI-D) require renal replacement therapy (RRT) increasingly. However, the optimal timing of initiation of RRT for non-life-threatening indications of AKI remains unknown. There is a debate as to whether different philosophies of RRT initiation (early vs. delayed) confer a survival benefit. Lowering the threshold for RRT initiation, however, inevitably leads to more critically ill patients receiving unnecessary RRT. The relevant proportion of nonprogressing early stage AKI patients with spontaneous kidney recovery is a matter of severe concern because RRT has potentially lethal complications and is expensive. Moreover, these patients should be excluded from randomized trials. The furosemide stress test in critically ill patients with early stages of AKI serves as a novel tubular function test to identify those patients with severe and progressive AKI-D. Future trials to validate findings of a promising pilot study are warranted.",https://pubmed.ncbi.nlm.nih.gov/30405284/
29673370,2018,Early versus standard initiation of renal replacement therapy in furosemide stress test non-responsive acute kidney injury patients (the FST trial).,Lumlertgul N; Peerapornratana S; Trakarnvanich T; Pongsittisak W; Surasit K; Chuasuwan A; Tankee P; Tiranathanagul K; Praditpornsilpa K; Tungsanga K; Eiam-Ong S; Kellum JA; Srisawat N; FST Study Group,"Critical care (London, England)",10.1186/s13054-018-2021-1,Clinical Trial; Journal Article,eng,"The timing of initiation of renal replacement therapy (RRT) in severe acute kidney injury (AKI) remains controversial, with early initiation resulting in unnecessary therapy for some patients while expectant therapy may delay RRT for other patients. The furosemide stress test (FST) has been shown to predict the need for RRT and therefore could be used to exclude low-risk patients from enrollment in trials of RRT timing. We conducted this multicenter pilot study to determine whether FST could be used to screen patients at high risk for RRT and to determine the feasibility of incorporating FST into a trial of early initiation of RRT. FST was performed using intravenous furosemide (1 mg/kg in furosemide-naive patients or 1.5 mg/kg in previous furosemide users). FST-nonresponsive patients (urine output less than 200 mL in 2 h) were then randomized to early (initiation within 6 h) or standard (initiation by urgent indication) RRT. FST was completed in all patients (100%). Only 6/44 (13.6%) FST-responsive patients ultimately received RRT while 47/60 (78.3%) nonresponders randomized to standard RRT either received RRT or died (P <  0.001). Among 118 FST-nonresponsive patients, 98.3% in the early RRT arm and 75% in the standard RRT arm received RRT. The adherence to the protocol was 94.8% and 100% in the early and standard RRT group, respectively. We observed no differences in 28-day mortality (62.1 versus 58.3%, P = 0.68), 7-day fluid balance, or RRT dependence at day 28. However, hypophosphatemia occurred more frequently in the early RRT arm (P = 0.002). The furosemide stress test appears to be feasible and effective in identifying patients for randomization to different RRT initiation times. Our findings should guide implementation of large-scale randomized controlled trials for the timing of RRT initiation. clinicaltrials.gov, NCT02730117 . Registered 6 April 2016.",https://pubmed.ncbi.nlm.nih.gov/29673370/
29344743,2018,Response to different furosemide doses predicts AKI progression in ICU patients with elevated plasma NGAL levels.,Matsuura R; Komaru Y; Miyamoto Y; Yoshida T; Yoshimoto K; Isshiki R; Mayumi K; Yamashita T; Hamasaki Y; Nangaku M; Noiri E; Morimura N; Doi K,Annals of intensive care,10.1186/s13613-018-0355-0,Journal Article,eng,"Furosemide responsiveness (FR) is determined by urine output after furosemide administration and has recently been evaluated as a furosemide stress test (FST) for predicting severe acute kidney injury (AKI) progression. Although a standardized furosemide dose is required for FST, variable dosing is typically employed based on illness severity, including renal dysfunction in the clinical setting. This study aimed to evaluate whether FR with different furosemide doses can predict AKI progression. We further evaluated the combination of an AKI biomarker, plasma neutrophil gelatinase-associated lipocalin (NGAL), and FR for predicting AKI progression. We retrospectively analyzed 95 patients who were treated with bolus furosemide in our medical-surgical intensive care unit. Patients who had already developed AKI stage 3 were excluded. A total of 18 patients developed AKI stage 3 within 1 week. Receiver operating curve analysis revealed that the area under the curve (AUC) values of FR and plasma NGAL were 0.87 (0.73-0.94) and 0.80 (0.67-0.88) for AKI progression, respectively. When plasma NGAL level was < 142 ng/mL, only one patient developed stage 3 AKI, indicating that plasma NGAL measurements were sufficient to predict AKI progression. We further evaluated the performance of FR in 51 patients with plasma NGAL levels > 142 ng/mL. FR was associated with AUC of 0.84 (0.67-0.94) for AKI progression in this population with high NGAL levels. Although different variable doses of furosemide were administered, FR revealed favorable efficacy for predicting AKI progression even in patients with high plasma NGAL levels. This suggests that a combination of FR and biomarkers can stratify the risk of AKI progression in a clinical setting.",https://pubmed.ncbi.nlm.nih.gov/29344743/
29034718,2018,The prognostic value of the furosemide stress test in predicting delayed graft function following deceased donor kidney transplantation.,McMahon BA; Koyner JL; Novick T; Menez S; Moran RA; Lonze BE; Desai N; Alasfar S; Borja M; Merritt WT; Ariyo P; Chawla LS; Kraus E,"Biomarkers : biochemical indicators of exposure, response, and susceptibility to chemicals",10.1080/1354750X.2017.1387934,Journal Article,eng,"The Furosemide Stress Test (FST) is a novel dynamic assessment of tubular function that has been shown in preliminary studies to predict patients who will progress to advanced stage acute kidney injury, including those who receive renal replacement therapy (RRT). The aim of this study is to investigate if the urinary response to a single intraoperative dose of intravenous furosemide predicts delayed graft function (DGF) in patients undergoing deceased donor kidney transplant. On an adjusted multiple logistic regression, a single 100 mg dose of intraoperative furosemide after the anastomosis of the renal vessels (FST) predicted the need for RRT at 2 and 6 h post kidney transplantation (KT). Recipient urinary output was measured at 2 and 6 h post furosemide administration. In receiver-operating characteristic (ROC) analysis, the FST predicted DGF with an area-under-the curve of 0.85 at an optimal urinary output cut-off of <600 mls at 6 h with a sensitivity of and a specificity of 83% and 74%, respectively. The FST is a predictor of DGF post kidney transplant and has the potential to identify patients requiring RRT early after KT.",https://pubmed.ncbi.nlm.nih.gov/29034718/
28499652,2017,Lack of Furosemide Responsiveness Predicts Acute Kidney Injury in Infants After Cardiac Surgery.,Kakajiwala A; Kim JY; Hughes JZ; Costarino A; Ferguson J; Gaynor JW; Furth SL; Blinder JJ,The Annals of thoracic surgery,10.1016/j.athoracsur.2017.03.015,Journal Article,eng,"This was a retrospective study to determine whether lack of furosemide responsiveness (LFR) predicts acute kidney injury (AKI) after cardiopulmonary bypass surgery in infants. Infants (less than 1 year of age) undergoing cardiopulmonary bypass surgery, receiving routine postoperative furosemide (0.8 to 1.2 mg/kg per dose between 8 and 24 hours after surgery) were included. Urine output was measured 2 and 6 hours after furosemide dose. Lack of furosemide responsiveness was defined a priori as urine output less than 1 mL · kg-1 · h-1 after furosemide. Serum creatinine was corrected for fluid balance. Acute kidney injury was determined using changes in uncorrected and corrected serum creatinine. The predictive utility of LFR was assessed using receiver-operating characteristics curve analysis. We analyzed 568 infants who underwent cardiopulmonary bypass. Eighty-one (14.3%) had AKI using uncorrected serum creatinine; AKI occurred in 41 (7.2%) after correcting for fluid overload. Patients with AKI had a lower response to furosemide (median urine output 2 hours: 1.2 versus 3.4 mL · kg-1 · h-1, p = 0.01; median urine output 6 hours: 1.3 versus 2.9 mL · kg-1 · h-1, p = 0.01). After creatinine correction, LFR predicts AKI development (area under receiver-operating characteristics curve of 0.74 at 2 hours and 0.77 at 6 hours). After adjusting for surgical complexity using The Society of Thoracic Surgeons/European Association for Cardiothoracic Surgery mortality categories, the area under the receiver-operating characteristics curve was 0.74 at 2 hours and 0.81 at 6 hours. Patients with urine output greater than 1 mL · kg-1 · h-1 were unlikely to have AKI (negative predictive value, 97%). After correcting serum creatinine for fluid balance and adjusting for surgical complexity, LFR performs fairly at 2 hours, whereas at 6 hours, LFR is a good AKI predictor. Prospective studies are needed to validate whether diuretic responsiveness predicts AKI.",https://pubmed.ncbi.nlm.nih.gov/28499652/
27820705,2017,Use of stress tests in evaluating kidney disease.,Koyner JL; Chawla LS,Current opinion in nephrology and hypertension,10.1097/MNH.0000000000000292,Journal Article; Review,eng,"The kidney, like most other organs, has a reserve capacity that can be utilized in times of increased physiologic demand. The ability to quantify this renal reserve function across various parts of the nephron (glomerular and tubular) has been an area of increased investigation over the past several years. In this review, we discuss several techniques that have been developed to interrogate the maximal physiologic capacity of the injured kidney. Although protein loading has been established as an ideal method to investigate glomerular filtration capacity in healthy kidneys, other methods such as the antagonism of the renin-angiotensin-aldosterone system have demonstrated promise as a method to determine underlying glomerular disease in those with acute kidney injury and other comorbidities (e.g., congestive heart failure and chronic kidney disease). The furosemide stress test has been demonstrated to be a useful clinical tool to ascertain tubular integrity in the setting of acute kidney injury. Although various methods to interrogate the reserve capacity of the several nephron segments (glomerulus and tubules) have been investigated, none of these techniques have had wide-spread clinical implementation. Further research into acute kidney injury stress testing is warranted.",https://pubmed.ncbi.nlm.nih.gov/27820705/
29142914,2016,Renal Stress Testing in the Assessment of Kidney Disease.,Chawla LS; Ronco C,Kidney international reports,10.1016/j.ekir.2016.04.005,Journal Article; Review,eng,"As part of human evolutionary development, many human organ systems have innate mechanisms to adapt to increased ""work demand"" or stress. This reserve capacity can be informative and is used commonly in cardiology to assess cardiac function (e.g., treadmill test). Similarly, the kidney possesses reserve capacity, which can be demonstrated in at least 2 of the following renal domains: glomerular and tubular. When appropriate stimulants are used, healthy patients with intact kidneys can significantly increase their glomerular filtration rate and their tubular secretion. This approach has been used to develop diagnostics for the assessment of renal function. This article reviews both glomerular and tubular kidney stress tests and their respective diagnostic utility.",https://pubmed.ncbi.nlm.nih.gov/29142914/
27113693,2016,Risk Stratification for Acute Kidney Injury: Are Biomarkers Enough?,McMahon BA; Koyner JL,Advances in chronic kidney disease,10.1053/j.ackd.2016.03.001,Journal Article; Review,eng,"Acute kidney injury (AKI) is a common and serious complication that is associated with several adverse outcomes in hospitalized patients. AKI significantly increases the risk of mortality, need for renal replacement therapy, and intensive care admission, and it also has serious economic ramifications. Effective risk stratification to identify patients at risk for severe AKI is essential for targeting our health care and research resources to tackle this important public health issue. The overwhelming majority of research in earlier diagnosis and risk stratification of AKI over the past 10 years has focused on novel biomarker development. The purpose of this review is to provide an update on other novel risk stratification tools than can be used in the prognostication of AKI. We discuss the utility of the furosemide stress test in predicting the severity of AKI and the renal angina index in predicting the occurrence of AKI. We also discuss NephroCheck, a prognostic test that measures tissue inhibitor of metalloproteinase-2 and insulin-like growth factor binding protein 7 for the early detection of severe AKI.",https://pubmed.ncbi.nlm.nih.gov/27113693/
24053972,2013,Development and standardization of a furosemide stress test to predict the severity of acute kidney injury.,Chawla LS; Davison DL; Brasha-Mitchell E; Koyner JL; Arthur JM; Shaw AD; Tumlin JA; Trevino SA; Kimmel PL; Seneff MG,"Critical care (London, England)",10.1186/cc13015,"Journal Article; Multicenter Study; Research Support, N.I.H., Extramural",eng,"In the setting of early acute kidney injury (AKI), no test has been shown to definitively predict the progression to more severe stages. We investigated the ability of a furosemide stress test (FST) (one-time dose of 1.0 or 1.5 mg/kg depending on prior furosemide-exposure) to predict the development of AKIN Stage-III in 2 cohorts of critically ill subjects with early AKI. Cohort 1 was a retrospective cohort who received a FST in the setting of AKI in critically ill patients as part of Southern AKI Network. Cohort 2 was a prospective multicenter group of critically ill patients who received their FST in the setting of early AKI. We studied 77 subjects; 23 from cohort 1 and 54 from cohort 2; 25 (32.4%) met the primary endpoint of progression to AKIN-III. Subjects with progressive AKI had significantly lower urine output following FST in each of the first 6 hours (p<0.001). The area under the receiver operator characteristic curves for the total urine output over the first 2 hours following FST to predict progression to AKIN-III was 0.87 (p = 0.001). The ideal-cutoff for predicting AKI progression during the first 2 hours following FST was a urine volume of less than 200mls(100ml/hr) with a sensitivity of 87.1% and specificity 84.1%. The FST in subjects with early AKI serves as a novel assessment of tubular function with robust predictive capacity to identify those patients with severe and progressive AKI. Future studies to validate these findings are warranted.",https://pubmed.ncbi.nlm.nih.gov/24053972/
21517987,2011,Renal replacement therapy in special situations: heart failure and neurological injury.,Mathew RO; Cerdá J,Seminars in dialysis,10.1111/j.1525-139X.2011.00872.x,Journal Article,eng,"The cardiorenal syndrome is a complicated and increasingly prevalent entity requiring a multidisciplinary approach. Renal replacement therapy (RRT) in the form of slow ultrafiltration (UF) demonstrates promise for the treatment of acutely decompensated heart failure. Despite the lack of evidence for decreased mortality, there is considerable short-term benefit in decreased rehospitalizations and a restoration of diuretic responsiveness. Given the potential for improvement in quality of life and cost if hospitalizations are minimized, slow UF should be considered in patients with repeated hospitalization for decompensated heart failure. Acute neurologic injury is a highly unstable state requiring strict adherence to evidence-based guidelines to achieve the best possible functional outcomes. With improved short-term survival, a greater burden of non-neurologic injury may hinder long-term functional recovery. Acute kidney injury is among such important considerations that can lead to worsened neurological injury. Careful application of continuous modalities of therapy, probably early in the course of illness to avoid intradialytic osmolar shifts and provide hemodynamic stability, will allow for unimpeded neurologic recovery. Newer evidence on dose and RRT modality on patients with acute and chronic brain injury will certainly add important knowledge to this field.",https://pubmed.ncbi.nlm.nih.gov/21517987/
